team_id,school,abbreviation,alternate_names
1000000,Iowa Pre-Flight,IPF,IPF|Iowa Pre-Flight
1000001,Denver,DU,DU|Denver
1000002,Swarthmore,SWAR,SWAR|Swarthmore
1000003,Santa Clara,SC,SC|Santa Clara
1000004,San Francisco,SF,SF|San Francisco
1000005,North Carolina Pre-Flight,NCPF,NCPF|North Carolina Pre-Flight
1000006,Long Beach State,LBS,LBS|Long Beach State
1000007,California-Santa Barbara,UCSB,UCSB|California-Santa Barbara
1000008,Alameda Coast Guard,,Alameda Coast Guard
1000009,Amarillo Field,,Amarillo Field
1000010,Boston University,,Boston University
1000011,Bradley,,Bradley
1000012,Cal State Fullerton,,Cal State Fullerton
1000013,Cal State Los Angeles,,Cal State Los Angeles
1000014,Camp Grant,,Camp Grant
1000015,Carlisle,,Carlisle
1000016,Centenary (LA),,Centenary (LA)
1000017,Creighton,,Creighton
1000018,Del Monte Pre-Flight,,Del Monte Pre-Flight
1000019,Detroit Mercy,,Detroit Mercy
1000020,Drury,,Drury
1000021,Erskine,,Erskine
1000022,Fort Benning,,Fort Benning
1000023,Fort Riley,,Fort Riley
1000024,Fort Warren,,Fort Warren
1000025,George Washington,,George Washington
1000026,Georgia Pre-Flight,,Georgia Pre-Flight
1000027,Gonzaga,,Gonzaga
1000028,Great Lakes Navy,,Great Lakes Navy
1000029,Haskell,,Haskell
1000030,Haverford,,Haverford
1000031,Jacksonville Naval Air Station,,Jacksonville Naval Air Station
1000032,Lombard,,Lombard
1000033,Loyola (LA),,Loyola (LA)
1000034,Loyola Marymount,,Loyola Marymount
1000035,Lubbock Field,,Lubbock Field
1000036,Manhattan,,Manhattan
1000037,March Field,,March Field
1000038,Mare Island Marines,,Mare Island Marines
1000039,Marquette,,Marquette
1000040,Nashville,,Nashville
1000041,New York University,,New York University
1000042,Norman Naval Air Station,,Norman Naval Air Station
1000043,Oglethorpe,,Oglethorpe
1000044,Pacific,,Pacific
1000045,Phillips,,Phillips
1000046,Portland,,Portland
1000047,Quantico Marines,,Quantico Marines
1000048,Randolph Field,,Randolph Field
1000049,Regis (CO),,Regis (CO)
1000050,Saint Louis,,Saint Louis
1000051,Saint Mary's (CA),,Saint Mary's (CA)
1000053,Second Air Force,,Second Air Force
1000054,Spring Hill,,Spring Hill
1000055,Stevens,,Stevens
1000056,Tampa,,Tampa
1000057,Tennessee Medical College,,Tennessee Medical College
1000058,Texas-Arlington,,Texas-Arlington
1000059,Union (NY),,Union (NY)
1000060,Vermont,,Vermont
1000061,Wesleyan (CT),,Wesleyan (CT)
1000062,Whitman,,Whitman
1000063,Wichita State,,Wichita State
1000064,Xavier,,Xavier
1000065,Saint Mary's (CA) Pre-Flight,,Saint Mary's (CA) Pre-Flight
1000066,City College of New York,,
1000067,Eton,,
1000068,Canada All-Stars,,
1000069,McGill,,
1000070,Philadelphia All-Stars,,
1000071,Stevens Alumni,,
1000072,Britannia,,
1000073,Pennsylvania Military,,
1000074,Ottawa,,
1000075,Crescent A.C.,,
1000076,Montreal,,
1000077,Princeton Alumni,,
1000078,British Club of New York,,
1000079,Detroit A.C.,,
1000080,Brooklyn Polytechnic Institute,,
1000081,Seton Hall,,
1000082,Pennsylvania Alumni,,
1000083,Lewisburg A.C.,,
1000084,Yale/Princeton/Harvard Grads,,
1000085,Yale Alumni,,
1000086,Columbia Law,,
1000087,Falls of Schuylkill,,
1000088,Tioga,,
1000089,Andover,,
1000090,Exeter,,
1000091,Vineland,,
1000092,Harvard Alumni,,
1000093,Active Football Club,,
1000094,Harvard B,,
1000095,Williston,,
1000096,Olympic A.C.,,
1000097,Palmyra,,
1000098,Wyoming Seminary,,
1000099,Ridgefield A.C.,,
1000100,Orange A.C.,,
1000101,Boston A.C.,,
1000102,Manhattan A.C.,,
1000103,Swarthmore Alumni,,
1000104,Columbia A.C.,,
1000105,Troy Laureates,,
1000106,New York A.C.,,
1000107,Schuylkill Navy,,
1000108,Lehigh A.C.,,
1000109,Chicago A.C.,,
1000110,Connecticut Literary,,
1000111,Fall River,,
1000112,Berkeley A.C.,,
1000113,St. John's (Maryland),,
1000114,Princeton A.C.,,
1000115,Montclair A.C.,,
1000116,New York Law,,
1000117,Boston Latin High,,
1000118,Syracuse A.C.,,
1000119,Boston English High,,
1000120,Lake View High,,
1000121,Temperance A.C.,,
1000122,Chicago YMCA,,
1000123,Hyde Park High,,
1000124,Michigan A.C.,,
1000125,Minnesota Alumni,,
1000126,University Club of Chicago,,
1000127,Englewood High,,
1000128,Englewood YMCA,,
1000129,Mount Hermon,,
1000130,Doane,,
1000131,Baker,,
1000132,Kansas City A.C.,,
1000133,Pittsburgh A.C.,,
1000134,Harvard Freshmen,,
1000135,Volunteer A.C.,,
1000136,Denver A.C.,,
1000137,Greenfield,,
1000138,Lawrenceville,,
1000139,Dean Academy,,
1000140,Bankers A.C.,,
1000141,Yale Freshmen,,
1000142,Armour,,
1000143,Pastime A.C.,,
1000144,Chicago Dining Club,,
1000145,Manual Training High,,
1000146,St. John's M.A.,,
1000147,Camp Adams,,
1000148,C.M.T.S.,,
1000149,Michigan Military Academy,,
1000150,Indianapolis Artillery,,
1000151,Rush Medical,,
1000152,Evanston High,,
1000153,Olivet,,
1000154,Hartford,,
1000155,F.A.A.,,
1000156,Case,,
1000157,Prairie A.C.,,
1000158,Hyde Park,,
1000159,Laureate Boat Club,,
1000160,Reliance A.C.,,
1000161,Salt Lake YMCA,,
1000162,Butte A.C.,,
1000163,Eureka,,
1000164,Newton A.C.,,
1000165,Minneapolis Central High,,
1000166,Yale Consolidated,,
1000167,Elizabeth A.C.,,
1000168,South Berwick,,
1000169,Western Reserve,,
1000170,Sioux City A.C.,,
1000171,Minneapolis Boat Club,,
1000172,Illinois Cycling Club,,
1000173,Adelbert,,
1000174,Princeton Seminary,,
1000175,St. Steven's,,
1000176,Duquesne A.C.,,
1000177,Pittsfield A.C.,,
1000178,Hopkinson,,
1000179,Amherst YMCA,,
1000180,Baltimore A.C.,,
1000181,Wheaton High,,
1000182,Minneapolis South High,,
1000183,Worcester A.C.,,
1000184,Greer,,
1000185,Chicago Alumni,,
1000186,Hahnemann Medical,,
1000187,Northwestern Academy,,
1000188,Grand Rapids High,,
1000189,Madison High,,
1000190,Physicians & Surgeons,,
1000191,Pennsylvania Reserves,,
1000192,Bennett Medical,,
1000193,Mount Airy Deaf School,,
1000194,Maryland A.C.,,
1000195,New Jersey A.C.,,
1000196,White Squadron,,
1000197,York YMCA,,
1000198,Phoenix A.C.,,
1000199,Williamsport,,
1000200,Newtowne A.C.,,
1000201,Pennsylvania College,,
1000202,Lancaster Crescents,,
1000203,Mount St. Mary's,,
1000204,Maryland-Baltimore,,
1000205,Northwestern Alumni,,
1000206,Connecticut-Waterbury,,
1000207,Wisconsin Alumni,,
1000208,Purdue Alumni,,
1000209,Ohio Medical,,
1000210,Northwest Division High,,
1000211,Wisconsin-Whitewater,,
1000212,Austin High,,
1000213,Bradford National Guard,,
1000214,Philaldelphia YMCA,,
1000215,Dixon,,
1000216,Illinois Alumni,,
1000217,Campello,,
1000218,Portland A.C.,,
1000219,West Division High,,
1000220,Panora,,
1000221,Northwestern Dental,,
1000222,Walton,,
1000223,Western (Iowa),,
1000224,Lake Forest Academy,,
1000225,Shamokin,,
1000226,Lake Forest Alumni,,
1000227,Shattuck,,
1000228,Fitchburg YMCA,,
1000229,South Side Academy,,
1000230,Waukegan High,,
1000231,Newark A.C.,,
1000232,Medford A.C.,,
1000233,Pontiac A.C.,,
1000234,Phoenix Indians,,
1000235,Cortland State,,
1000236,St. Paul Central High,,
1000237,North Division High,,
1000238,Sacred Heart (Wisconsin),,
1000239,Des Moines Baptist,,
1000240,Grinnell Alumni,,
1000241,Indiana Alumni,,
1000242,Worcester Academy,,
1000243,Lincoln High,,
1000244,Goshen,,
1000245,Nebraska Alumni,,
1000246,St. Lawrence,,
1000247,S.B. Howard Park,,
1000248,La Salle,,
1000249,Vincennes,,
1000250,Camp Preble,,
1000251,Kansas City Medical,,
1000252,Tarkio,,
1000253,Needham,,
1000254,Homestead A.C.,,
1000255,Fort Sheridan,,
1000256,Rockford YMCA,,
1000257,American Osteopath,,
1000258,South Bend A.C.,,
1000259,Milwaukee Medical,,
1000260,Vermont Methodist Seminary,,
1000261,Marion Sims,,
1000262,Still,,
1000263,Chicago College,,
1000264,Medico-Chirurgical,,
1000265,Elgin Academy,,
1000266,SMTS,,
1000267,Chicago Medical,,
1000268,Clarkson,,
1000269,Des Moines,,
1000270,Philadelphia A.C.,,
1000271,Burlingame A.C.,,
1000272,Syracuse Alumni,,
1000273,Athens A.C.,,
1000274,St. Paul's (New Hampshire),,
1000275,Newburyport A.C.,,
1000276,Rock Island A.C.,,
1000277,Dickinson Seminary,,
1000278,Freeport High,,
1000279,Steelton YMCA,,
1000280,Boulder High,,
1000281,Colorado Springs High,,
1000282,Oak Ridge,,
1000283,Golden High,,
1000284,Grinnell High,,
1000285,Mooney,,
1000286,Onondaga,,
1000287,Chicago Dental,,
1000288,Bingham,,
1000289,Denver Manual High,,
1000290,St. Albans,,
1000291,Birmingham High,,
1000292,Quincy A.C.,,
1000293,King,,
1000294,Marion,,
1000295,Central (Kentucky),,
1000296,Tulane Alumni,,
1000297,Transylvania,,
1000298,Wisconsin-Oshkosh,,
1000299,East Denver High,,
1000300,Longmont High,,
1000301,Tennessee-Memphis,,
1000302,Trinity (Texas),,
1000303,American Medical,,
1000304,Washington YMCA,,
1000305,Charleston,,
1000306,Waterton,,
1000307,Pueblo YMCA,,
1000308,West Denver High,,
1000309,Central Academy,,
1000310,North Denver High,,
1000311,East Des Moines High,,
1000312,Minneapolis Eastern High,,
1000313,Highland Park,,
1000314,Beloit High,,
1000315,Grand Island,,
1000316,Emporia College,,
1000317,Columbia Alumni,,
1000318,Columbia YMCA,,
1000319,Montgomery A.C.,,
1000320,Missouri-Rolla,,
1000321,Chilocco,,
1000322,Texas Deaf School,,
1000323,Omaha Light Guards,,
1000324,Welch Neck High,,
1000325,Mercersburg Academy,,
1000326,Fort Worth,,
1000327,Watertown,,
1000328,Kingfisher,,
1000329,Hedding,,
1000330,Colorado College Alumni,,
1000331,Daniel Baker,,
1000332,Shurtleff,,
1000333,New York Naval Militia,,
1000334,Pueblo High,,
1000335,Savannah A.C.,,
1000336,Bellevue,,
1000337,Peoria Socials A.C.,,
1000339,Lawton,,
1000340,Sherman,,
1000341,Twin Cities Central High,,
1000342,Friends,,
1000343,Rockford High,,
1000344,Colorado Alumni,,
1000345,McDaniel,,
1000346,Williams Alumni,,
1000347,Augustana (South Dakota),,
1000348,Indiana Medical,,
1000349,Camp McPherson,,
1000350,Jefferson Medical,,
1000351,Georgetown (Kentucky),,
1000352,Marine Officers,,
1000353,Camp McKinley,,
1000354,Kents Hill,,
1000355,Lincoln Medical,,
1000356,Norfolk A.C.,,
1000357,Shreveport A.C.,,
1000358,Toledo A.C.,,
1000359,Union (Tennessee),,
1000360,Jersey Shore,,
1000361,Hampton A.C.,,
1000362,Augusta Military Academy,,
1000363,Geneva,,
1000364,Culver,,
1000365,St. Thomas,,
1000366,Pensacola A.C.,,
1000367,Pennsylvania Railroad YMCA,,
1000368,Marshalltown,,
1000369,William Jewell,,
1000370,Twin Cities High,,
1000371,Westminster (Pennsylvania),,
1000372,Wendell Phillips High,,
1000373,Houston YMCA,,
1000375,Company I,,
1000377,Hebron Academy,,
1000378,Buckner Business College,,
1000379,Actual Business College,,
1000380,St. Viator,,
1000381,Tennessee Deaf School,,
1000382,Fort Ethan Allen,,
1000383,Roanoke,,
1000384,Westminster (Missouri),,
1000385,North Georgia,,
1000386,American,,
1000387,Austin,,
1000388,Moline A.C.,,
1000389,Pittsburgh Lyceum,,
1000390,Charles City,,
1000391,Fort Douglas,,
1000392,Northwestern (Wisconsin),,
1000393,Massilon A.C.,,
1000394,Butler YMCA,,
1000395,Cheyenne High,,
1000396,Canton A.C.,,
1000397,USS Washington,,
1000398,Hastings,,
1000399,26th Infantry,,
1000400,St. Mary's (Kansas),,
1000401,Brayton,,
1000402,Niagara,,
1000403,Monroe A.C.,,
1000404,Gordon,,
1000405,West Texas Military,,
1000406,Grove City,,
1000407,Kansas City Veterinary,,
1000408,Bellefonte Academy,,
1000409,Altoona A.C.,,
1000410,Peru State,,
1000411,Ogden High,,
1000412,Jefferson,,
1000413,Tennessee Military,,
1000414,Salt Lake High,,
1000415,Drake Alumni,,
1000416,Newton High,,
1000417,St. Vincent's (California),,
1000418,Utah Alumni,,
1000419,Multnomah A.C.,,
1000420,Havana University,,
1000421,Conway Hall,,
1000422,Wetumpka,,
1000423,Stroudsburg,,
1000424,New Orleans Gym Club,,
1000425,Warrenton Preparatory,,
1000426,Superba A.C.,,
1000427,Leander Clarke,,
1000428,Eastern (Virginia),,
1000429,Castle Heights,,
1000430,Jackson Br.-New Orleans,,
1000431,Baltimore,,
1000432,Camp Meyer,,
1000433,Wisconsin Freshmen,,
1000434,North Carolina Medical,,
1000435,James Millikin,,
1000436,Ouachita,,
1000437,Fishburne M.A.,,
1000438,Morganton Mutes,,
1000439,Independence A.C.,,
1000440,Birmingham,,
1000441,Virginia Boat Club,,
1000442,Barnes Medical,,
1000443,Washington (Maryland),,
1000444,Norman Park,,
1000445,Laramie High,,
1000446,Athens,,
1000447,Porter Military,,
1000448,Vanderbilt Alumni,,
1000449,11th Cavalry,,
1000450,Port Royal,,
1000451,Camp Russell,,
1000453,West End Amateurs,,
1000454,Mount Carmel All-Stars,,
1000455,USS Franklin,,
1000456,Parris Island Marines,,
1000457,Oklahoma City,,
1000458,Havana A.C.,,
1000460,Locust Grove,,
1000461,Sewanee Medical,,
1000462,St. Bonaventure,,
1000463,Marshall School,,
1000464,Denver Alumni,,
1000465,Seamen Gunners,,
1000466,Memphis High,,
1000467,Harrisburg A.C.,,
1000468,Blountsville Agricultural,,
1000469,Anderson,,
1000470,Georgia Medical,,
1000471,Horner,,
1000472,Sterling A.C.,,
1000473,Alabama Southern,,
1000474,Morgan,,
1000475,Wyoming Alumni,,
1000476,Fort Leavenworth,,
1000477,Harvard Law,,
1000478,Nebraska Wesleyan,,
1000479,Charleston Navy,,
1000480,Norfolk Blues,,
1000481,Alabama Presbyterian,,
1000482,Parsons (Iowa),,
1000483,Kearney,,
1000484,Winchester,,
1000485,Meteor A.C.,,
1000486,Columbia College,,
1000487,Virginia Medical,,
1000488,Latrobe A.C.,,
1000489,Vigilant A.C.,,
1000490,Morris Harvey,,
1000491,Dallas,,
1000492,Harry Hillman Academy,,
1000493,Southwestern (Kansas),,
1000494,Vicksburg A.C.,,
1000495,Bethel,,
1000496,Riverside,,
1000497,Mount Pleasant,,
1000498,St. Mary's (Texas),,
1000499,Toronto All-Stars,,
1000500,Catholic,,
1000501,Utah State Alumni,,
1000502,Logan All-Stars,,
1000503,Staats A.C.,,
1000504,Tampa A.C.,,
1000505,Vedado A.C.,,
1000506,Central (Iowa),,
1000507,Davis & Elkins,,
1000508,Florida Southern,,
1000509,10th District A.C.,,
1000510,Marion County High,,
1000511,Virginia Tech Alumni,,
1000512,Alma,,
1000513,Cal Poly-Pomona,,
1000514,Christian Brothers,,
1000515,Newberry A.C.,,
1000516,Missouri-Kansas City,,
1000517,Machinists Mates,,
1000518,North Alabama A.C.,,
1000519,South Denver High,,
1000521,Tonkawa Preparatory,,
1000522,Oklahoma Mines,,
1000523,New England All-Stars,,
1000524,Kansas Wesleyan,,
1000525,Ellsworth,,
1000526,Chamberlain Hunt,,
1000527,St. Paul,,
1000528,Florence YMCA,,
1000531,Reina Mercedes,,
1000532,Granite High,,
1000533,Richmond Blues,,
1000534,Montana Tech,,
1000535,Clemson Freshmen,,
1000536,Olympic Club,,
1000537,Originals A.C.,,
1000538,Oregon State Alumni,,
1000539,Denver Freshmen,,
1000540,Meridian,,
1000541,West Logan High,,
1000543,Chick Springs Military,,
1000544,Ballard Meteors,,
1000545,Georgia Tech B,,
1000546,Bremerton Navy,,
1000547,Bailey Military,,
1000548,Georgia B,,
1000549,47th Infantry,,
1000550,Camp Logan,,
1000551,7th Infantry,,
1000552,Army Ambulance Corps,,
1000553,Kiski Preparatory,,
1000554,Ohio Am. Corp.,,
1000555,Illinois Medical,,
1000556,Camp Wadsworth,,
1000557,1st Texas Artillery,,
1000558,Navy Hospital Corps,,
1000559,Camp Lyons,,
1000560,Vancouver Barracks,,
1000561,Utah Field Artillery,,
1000562,362nd Infantry,,
1000563,Washington Artillery,,
1000564,Camp Funston,,
1000565,Navy Reserves,,
1000566,2nd Texas 132nd Infantry,,
1000567,Camp Devens,,
1000568,League Island Navy,,
1000569,Camp MacAurthur,,
1000570,Newport Navy,,
1000571,111th Ambulance,,
1000572,Camp Gordon,,
1000573,Camp Sherman,,
1000574,Camp Lee,,
1000575,Camp Doniphan,,
1000576,Camp Sevier,,
1000577,Camp Pike,,
1000578,Chanute Field,,
1000579,Camp MacDowell,,
1000580,Carruthers Field,,
1000581,Goat Island Navy,,
1000582,Presidio of San Francisco,,
1000583,Chicago Naval Reserve,,
1000584,Fremont Ammuntion,,
1000585,Overland Station,,
1000586,Ream Field,,
1000587,Penn Radio School,,
1000588,Crane J.C.,,
1000589,Camp Greenleaf,,
1000590,MacAurthur Field,,
1000591,Camp Baker,,
1000592,USS Minnesota,,
1000593,Pelham Bay Navy,,
1000594,Camp Travis,,
1000595,U.S. Marines,,
1000596,Belmont A.C.,,
1000597,Barron Field,,
1000598,Camp Griffin,,
1000599,Camp Hancock,,
1000600,48th Infantry,,
1000601,Carleton-St. Olaf,,
1000602,Newport NTS,,
1000603,Philadelphia Naval Yard,,
1000604,Navy Transport,,
1000605,Camp Humphreys,,
1000606,Loyola Academy,,
1000607,Camp Taylor,,
1000608,Kelly Field,,
1000609,Mare Island Navy,,
1000610,St. Helena NTS,,
1000611,Post Field,,
1000612,Foundation,,
1000613,Payne Field,,
1000614,Hoboken Navy,,
1000615,Love Field,,
1000616,Wissahickon Barracks,,
1000617,St. Joseph's (Pennsylvania),,
1000618,Camp Dodge,,
1000619,Camp Harrison,,
1000620,Mather Field,,
1000621,Camp Shelby,,
1000622,Norfolk Navy,,
1000623,Omaha Balloon,,
1000624,Standifer Shipbuilders,,
1000625,Camp Mabry,,
1000626,Camp Greene,,
1000627,Park Field,,
1000628,Fort Oglethorpe,,
1000629,Scott Field,,
1000630,Lieutenants,,
1000631,Fort Des Moines,,
1000632,Garden City,,
1000633,2nd Developmemt Regiment,,
1000634,Cleveland Naval Reserves,,
1000635,Camp Perry,,
1000636,San Pedro Navy,,
1000637,Balboa NTS,,
1000638,USS Utah,,
1000639,Norfolk Navy Yard,,
1000640,Burleson,,
1000641,Rusk,,
1000642,Norfolk Navy Base,,
1000643,Fort Jackson,,
1000644,Wesley,,
1000645,Decatur Baptist,,
1000646,Hampton Road,,
1000647,Rooks,,
1000648,USS Boston,,
1000649,New York State,,
1000650,Pacific (Oregon),,
1000651,USS New York,,
1000652,USS Mercy,,
1000653,Hamilton A.C.,,
1000654,Alabama Medical,,
1000655,Sewanee Club (Virginia),,
1000656,Cotton City A.C.,,
1000657,Pacific Fleet,,
1000658,US Recup. Company,,
1000659,Southern Military Academy,,
1000660,Lanier,,
1000661,Missouri Wesleyan,,
1000662,Bryson,,
1000664,Ogden A.C.,,
1000665,Wake Forest Freshmen,,
1000666,Chemawa,,
1000667,St. Edward's,,
1000668,9th Amry Corps,,
1000669,Rollins,,
1000670,Carlstrom Field,,
1000671,DePaul,,
1000672,Albertson,,
1000673,Pearl Harbor,,
1000674,Piedmont,,
1000675,Atlantic Christian,,
1000676,USS Mississippi,,
1000677,3rd Army Corps,,
1000678,Southern California Alumni,,
1000679,Southern Methodist Freshmen,,
1000680,Talladega,,
1000681,Montana Wesleyan,,
1000682,Lynchburg,,
1000683,USS Idaho,,
1000684,American Legion,,
1000685,Thiel,,
1000686,Southern College,,
1000687,California Alumni,,
1000688,Norfolk Fire Department,,
1000689,Fort Bragg,,
1000690,California Tech,,
1000691,Gonzaga Alumni,,
1000692,Carroll (Montana),,
1000693,Wilmington,,
1000694,Wyoming Faculty,,
1000695,Colorado State Freshmen,,
1000696,Hawaii All-Stars,,
1000697,West Seattle A.C.,,
1000698,Northeastern Oklahoma State,,
1000699,Clarke Memorial,,
1000700,USS Maryland,,
1000701,Drexel,,
1000702,Centerville (Butte),,
1000703,Scout Fleet,,
1000704,Providence,,
1000705,Intermountain,,
1000706,Canisius,,
1000707,Englewood,,
1000708,USS Oklahoma,,
1000709,Louisiana State Freshmen,,
1000710,Los Angeles A.C.,,
1000711,USS New Mexico,,
1000712,Loyola (Chicago),,
1000713,Loyola (Baltimore),,
1000714,Schuylkill,,
1000715,Ozarks,,
1000716,Hastings State,,
1000717,Montezuma,,
1000718,Loras,,
1000719,High Point,,
1000720,YMI,,
1000721,West Coast Army,,
1000722,USS Tennessee,,
1000723,Anaconda Anodes,,
1000724,Ellensburg,,
1000725,Scranton,,
1000726,20th Infantry,,
1000727,1st Infantry,,
1000728,Edmond Tech,,
1000729,St. Louis Alumni-Hawaii,,
1000730,Texas Military,,
1000731,UAY All-Stars,,
1000732,El Paso National Guard,,
1000733,Sacaton Indians,,
1000734,St. Mary's (Minnesota),,
1000735,Oklahoma Teachers,,
1000736,University of Mexico,,
1000737,New Mexico Military,,
1000738,Oregon College,,
1000739,Eastern Arizona J.C.,,
1000740,Arizona All-Stars,,
1000741,West Coast Navy,,
1000743,King George,,
1000744,Casa Blanca Indians,,
1000745,San Diego Marines,,
1000746,New Mexico Tech,,
1000747,Notre Dame B,,
1000748,Bridgewater,,
1000749,Phoenix All-Stars,,
1000750,Los Angeles Junior College,,
1000751,Dixie,,
1000752,Evansville,,
1000753,Columbia (Oregon),,
1000754,North Dakota Teachers,,
1000755,Fort Lewis College,,
1000756,St. Benedict,,
1000757,Tennessee Wesleyan,,
1000758,Kamehameha Alumni,,
1000759,Newport News,,
1000760,Texas Wesleyan,,
1000761,Wayne State,,
1000762,Hiwassee,,
1000763,St. Vincent's (Pennsylvania),,
1000764,Upsala,,
1000765,Rockhurst,,
1000766,Moffett Field,,
1000767,Camp Davis,,
1000768,Fort Ord,,
1000769,Camp Haan,,
1000770,260th Coast Artillery,,
1000771,Blackland Field,,
1000772,Kirtland Field,,
1000773,Camp Pickett,,
1000774,Corpus Christi NAS,,
1000775,Colorado Springs Field,,
1000776,Fort Monmouth,,
1000777,Fort Knox,,
1000778,Lakehurst NAS,,
1000779,Idaho Marines,,
1000780,Waco Field,,
1000781,Second Air Force (Washington),,
1000782,Albuquerque Field,,
1000783,Pensacola NAS,,
1000784,Fort Totten,,
1000785,Manhattan Beach Coast Guard,,
1000786,Spence Field,,
1000787,Daniel Field,,
1000788,Santa Ana Field,,
1000789,Camp Lejeune,,
1000790,Lowry Field,,
1000791,Richmond Field,,
1000792,Sampson NTS,,
1000793,Curtis Bay Coast Guard,,
1000794,Pleasanton Navy,,
1000795,Bryan Field,,
1000796,Pacific All-Stars,,
1000797,Memphis Navy,,
1000798,Monticello Navy,,
1000799,Salt Lake Field,,
1000800,Louisiana Army STU,,
1000801,San Diego Navy,,
1000802,South Plains Field,,
1000803,Camp Kilmer,,
1000804,Greenville Field,,
1000805,Ottumwa Pre-Flight,,
1000806,Charleston Coast Guard,,
1000807,Pomona Ordinance Base,,
1000808,Bainbridge NTS,,
1000809,Greensboro Field,,
1000810,Yuma Field,,
1000811,Norfolk Marines,,
1000812,Washington Redskins (NFL),,
1000813,Second Air Force (Colorado),,
1000814,Brooklyn Tigers (NFL),,
1000815,Mayport NAS,,
1000816,Milligan,,
1000817,Abilene Field,,
1000818,Galveston Field,,
1000819,Fleet City,,
1000820,San Diego Bombers (PCFL),,
1000821,Olathe Navy,,
1000822,Jackson Field,,
1000823,Fort Monroe,,
1000824,Lincoln Field,,
1000825,Beaumont Hospital,,
1000826,Cherry Point Marines,,
1000827,Fort Pierce,,
1000828,El Toro Marines,,
1000829,Camp Polk,,
1000830,Fort Bliss,,
1000831,Chatham Field,,
1000832,Morris Field,,
1000833,Edmonton Field,,
1000834,St. Olaf,,
1000835,Melville PT Boats,,
1000836,Portsmouth Fleet,,
1000837,New London Submarine Base,,
1000838,Atlantic City NAS,,
1000839,Missouri Valley,,
1000840,Bunker Hill Navy,,
1000841,Maxwell Field,,
1000842,Brooklyn,,
1000843,San Francisco Clippers (AFL),,
1000844,College All-Stars,,
1000845,Barksdale Field,,
1000846,Camp Blanding,,
1000847,Hondo Field,,
1000848,Lackland Field,,
1000849,Bergstrom Field,,
1000850,Ellington Field,,
1000851,Keesler Field,,
1000852,Louisville Field,,
1000853,Squantum NAS,,
1000854,Camp Beale,,
1000855,Kearney Field,,
1000856,Bogue Field,,
1000857,Berg Field,,
1000858,Herington Field,,
1000859,Farragut Navy,,
1000860,McClellan Field,,
1000861,Camp Mackall,,
1000862,Dalhart Field,,
1000863,Oceana NAS,,
1000864,U.S. Amphibians,,
1000865,Williams Field,,
1000866,Camp McClelland,,
1000867,Pepperdine,,
1000868,Fresno State JV,,
1000869,Alameda NAS,,
1000870,Leilahau,,
1000871,Mohawk,,
1000872,Adelphi,,
1000873,Midwestern Texas State,,
1000874,Alliance,,
1000875,San Pedro A.C.,,
1000876,Texas A&M-Corpus Christi,,
1000877,White Sands,,
1000878,Pacific Submarines,,
1000879,Camp Hood,,
1000880,Camp Pendleton,,
1000881,Brandeis,,
1000882,Bolling Field,,
1000883,Carswell AFB,,
1000885,Frederick,,
1000886,Parsons,,
1000887,Cal State Northridge,,
1000888,San Francisco State,,
1000889,Hayward State,,
1000890,U.S. International,,
1000891,California-Riverside,,
1000892,Wisconsin-Milwaukee,,
1000893,Bishop,,
1000894,Lincoln,,
1000895,Missouri Southern,,
1000896,Moorhead State,,
1000897,Mankato State,,
1000898,Sonoma State,,
1000899,Edward Waters,,
1000900,Camp Peary,,
1000901,Third Air Force,,
1000903,Maryland-Eastern Shore,,
1000904,Wisc. Stout,,
1000906,Australia,Australia,Australia
1000907,Western Ontario,,
1000908,Stillman,STI,STI
1000910,Morris Brown,MB,MB
1000911,Knoxville,KNOX,KNOX
1000912,Concordia Canada,,
1000914,Southwest State,,
1000915,Alverno College,,
1000916,Oregon Tech,,
1000917,Cameron,CAM,CAM
1000918,Queen's,,
1000919,Salem International,,
1000920,Saint Mary's,,
1000921,Georgetown (KY),GGA,GGA
1000922,Concordia College (MN),,
1000923,West Virginia State,,
1000924,UC Riverside,,
1000925,Fisk University,,
1000927,Northwestern (IA),nad,nad
1000928,Central Missouri,CEN,CEN
1000929,Broaddus College,,
1000930,Salem,,
1000932,Lewis,,
1000933,Cisco College,,
1000934,Missouri Western State,,
1000935,Winston-Salem State,,
1000936,City College of San Francisco,,
1000937,Mississippi Gulf Coast C.C.,,
1000938,Texas-Permian Basin,,
1000939,Butler C.C.,,
1000940,Hutchinson C.C.,,
1000941,Snow College,,
1000942,Independence C.C.,,
1000943,Iowa Central C.C.,,
1000946,Santa Rosa J.C.,,
1000947,Butler C.C.,,
1000948,Butler C.C.,,
1000949,Blinn College,,
1000950,Professional,,
1000951,Professional,,
1000952,College of the Canyons,,
1000953,Hutchinson C.C.,,
1000954,Kilgore J.C.,,
1000955,Lindenwood University,,
1000956,New Mexico Military Institute,,
1000957,Garden City C.C. ,,
1000959,Blinn College,,
1000960,College of Charleston,,
1000961,Blinn College,,
1000962,Blinn College,,
1000963,Independence C.C.,,
1000964,Independence C.C.,,
1000965,Butler County (KS),,
1000967,Tyler J.C. ,,
1000968,St. Thomas University,,
1000969,Trinity Valley C.C.,,
1000971,Limestone College,,
1000972,Livingstone College,,
1000973,Iowa Western C.C.,,
1000977,Navarro College,,
1000978,Concordia University,,
1000979,Hinds C.C.,,
1000980,Southwest Mississippi C.C.,,
1000981,Fairfield,,Fairfield
1000982,Holmes C.C.,,
1000983,Saint Francis (PA),,
1000984,Hillsdale College,,
1000985,Copiah-Lincoln C.C.,,
1000986,De Anza College,,
1000987,"California, Pa.",,
1000988,Palomar College,,
1000989,Cerritos College,,
1000990,Lackawanna C.C.,,
1000991,Coffeyville C.C.,,
1000992,Erskine College,,
1000993,Lackawanna College,,
1000994,Laney College,,
1000995,Monash University,,
1000996,Riverside C.C.,,
1000997,East Mississippi C.C.,,
1000998,Tufts University,,
1000999,Augustana,,
1001000,University of Guelph,,
1001001,Shippensburg University,,
1001002,Hope ,,
1001003,Saint Anselm,,
1001004,Aurora University,,
1001005,Franklin College,,
1001006,Albany State,,
1001007,Southeast Oklahoma State,,
1001008,Carroll College,,
1001009,Johnson C. Smith University,,
1001010,Barton C.C.,,
1001011,CSU-Pueblo,,
1001012,Nebraska Kearney,,
1001013,British Columbia,BRI,BRI
1001014,Toronto Argonauts,Toronto Argonauts,Toronto Argonauts
1001015,England,England,England
1001016,Highland C.C.,,
1001017,El Camino College,,
1001018,Edinboro University,,
1001019,Saint Francis,,
1001020,Minnesota Duluth,,
1001021,Itawamba C.C.,,
1001022,Long Beach City College,,
1001023,Mercyhurst College,,
1001024,Albany,,
1001025,Central Missouri State,,
1001026,Albany,,
1001027,Glenville State ,,
1001028,Southeastern Louisiana,,
1001029,Albany,,
1001030,University of Charleston,,
1001031,UNC-Pembroke,,
1001032,Texas-Rio Grande Valley,,
1001033,UT-Rio Grande Valley,,
1001034,Limestone University,,
1001035,Akron Westfield Senior,,
1001036,Marshall Sr.,,
1001037,Shepherd University,,
1001038,College of San Mateo,,
1001039,East Central C.C.,,
1001040,Northwest Mississippi C.C.,,
1001041,Ouachita Baptist University,,
1001042,Campbellsville,,
1001043,Kilgore College,,
1001044,King's College,,
1001045,Georgia Military College Prep,,
1001046,William Jewell College,,
1001047,Saddleback College,,
1001048,Ashland University,,
1001049,UT-Rio Grande Valley (Do not use),,
1001050,Mt. San Antonio College,,
1001051,Trinity (Conn.),,
1001052,Lake Erie College,,
1001053,Georgia Military,,
1001054,Northeastern Oklahoma A&M,,
1001055,Northeast Mississippi C.C.,,
1001056,American River C.C.,,
1001057,Trinity,,
1001058,Trinity,,
1001059,Central State,,
1001060,Carson Newman,,
1001061,Ferrum College,,
1001062,Allen University,,
1001063,Siena Heights,,
1001064,Maryville College,,
1001065,Mount Union ,,
1001066,"Concordia University, St. Paul",,
1001067,McMurry University,,
1001068,Averett University,,
1001069,LeMoyne-Owen,,
1001070,Wayne State College,,
1001071,Salisbury University,,
1001072,College of the Sequoias,,
1001073,Wisconsin La Crosse,,
1001074,Adams,,
1001075,Lamar Christian School,,
1001076,St. Vincent,,
1001077,Simpson College,,
1001078,Laurier,,
1001079,Nigeria,Nigeria,Nigeria
1001080,Western Connecticut State,,
1001081,UTRGV,,
1001082,UTRGV,,
1001083,UTRGV,,
1001084,UTRGV,,
1001085,UTRGV,,
1001086,University of Calgary,,
1001087,MidAmerica Nazarene,,
1001088,Schreiner,,
1001089,Marian,,
1001090,Benedict College,,
1001091,Wisconsin-River Falls,,
1001092,Lenoir-Rhyne,,
1001093,Lenoir-Rhyne,,
1001094,Nebraska-Kearney,,
1001095,Mount St. Joseph,,
1001096,Marian,,
1001097,Warner University,,
101,Eureka,ERKA,ERKA|Eureka
101161,Lyon,LYON,LYON|Lyon
101442,Centenary (LA),CTLA,CTLA|Centenary (LA)
101784,Erskine,ERSK,ERSK|Erskine
102071,Lawrence Tech,LWTC,LWTC|Lawrence Tech
102118,Louisburg,LSBG,LSBG|Louisburg
102549,Schreiner,SCH,SCH
102626,Texas Wesleyan,TXWE,TXWE|Texas Wesleyan
103,Boston College,BC,BC|Boston College
107,Holy Cross,HC,HC|Holy Cross
108,Harvard,HARV,HARV|Harvard
108354,Holland College,HOL,HOL|Holland College
108358,Phoenix,AZCHR,AZCHR|AZ Christn
108382,College of Idaho,COI,COI|Coll. of Idaho
108398,Ohio Midwestern College,OMW,OMW|Ohio Midwestern
109,MIT,MIT,MIT|MIT
109418,Finlandia University,FINL,FINL|Finlandia
109423,Fork Union,FORK,FORK|Fork Union
109425,University of God's Chosen,GDCH,GDCH|University of God's Chosen
11,Colorado Mesa,COMU,COMU|Colorado Mesa
110,Mass Maritime,MMT,MMT|Mass Maritime
110242,West Florida,WFL,WFL|West Florida
110243,UT Permian Basin,UTPB,UTPB|UT Prmian Basn
110254,Davenport,DU,DU|Davenport
110255,Cincinnati Christian,CNCU,CNCU|Cincinnati Christian
110263,Morthland,MORTH,MORTH|Morthland
110438,Dean,DEAN,DEAN|Dean
111,Northeastern,NE,NE|Northeastern
111610,St. Andrews,STAU,STAU|St Andrews
111674,Alvernia,ALVR,ALVR|Alvernia
111675,New England,UNE,UNE|New England
111755,Middle Georgia State College,MGST,MGST|Middle Georgia State College
111756,Indiana Wesleyan,INWESL,INWESL|INDWESLYAN
112,Tufts,TUFT,TUFT|Tufts
112334,Franklin Pierce,FP,FP|Frnklin Pierce
112335,Wheeling,WHLG,WHLG|Wheeling
112390,Ottawa University Arizona,OUAZ,OUAZ|Ottawa University Arizona
113,Massachusetts,MASS,UMass|MASS|UMass
114,Fitchburg State,FBSU,FBSU|Fitchburg St
118,Johns Hopkins,JHU,JHU|Johns Hopkins
119,Towson,TOW,TOW|Towson
12,Arizona,ARIZ,ARIZ|Arizona
120,Maryland,MD,MD|Maryland
121,Bates,BATE,Bates|BATE|Bates
121695,Bethany Co,,Bethany Co
121696,MARIAN (IN,,MARIAN (IN
121754,Bethel Col,,Bethel Col
122666,Barton,BART,BART|Barton
122774,Keystone,KYSN,KYSN|Keystone
122775,Elgin,JUDSO,JUDSO|JUDSON
122776,Thaddeus Stevens,TSCT,TSCT|Thaddeus Stevens
123086,North American,NAMU,North American|NAMU|N American
124,Augsburg,AUGS,AUGS|Augsburg
124110,UFTL,UFTL,UFTL|UFTL
124179,Lincoln (CA),LNCA,LNCA|Lincoln (CA)
124180,Bluefield State,BLUS,BLUS|Bluefield St
124386,Arkansas Baptist,ARBA,ARBA|Ark Baptist
124390,MONTANASTN,,MONTANASTN
125,Grand Valley State,GVSU,GVSU|Grand Val St
125730,St. Thomas University (Fl),,St. Thomas University (Fl)
125762,Florida Memorial University,FLAMEMRL,FLAMEMRL|Florida Memori
125974,Hilbert,HLBT,HLBT|Hilbert
126,Kalamazoo,KALC,KALC|Kalamazoo
126086,Post,POST,POST|Post
126110,Keiser University,KEISER,KEISER|Keiser Univers
126146,Madonna,MDNN,MDNN|Madonna
127,Michigan State,MSU,MSU|Michigan St
127078,Madonna University (Mich.),,Madonna University (Mich.)
127230,Keiser (Fl),,Keiser (Fl)
127946,Columbus State,,Columbus State
127954,Eastern,EU,EU|Eastern
127991,Roosevelt,RSVT,RSVT|Roosevelt
128,Northern Michigan,NMI,NMI|N Michigan
129,Saginaw Valley State,SVSU,Saginaw Valley State|SVSU|Saginaw Valley
129469,Anderson (SC),ANSC,ANSC|Anderson (SC)
129738,Calvin,CALU,CALU|Calvin
129741,William Woods,,William Woods
129758,Simpson (CA),SUCA,SUCA|Simpson (CA)
13,Cal Poly,CP,CP|Cal Poly
130,Michigan,MICH,MICH|Michigan
130180,Saint Xavier (IL),,
130322,Concordia,,
131,Wayne State (MI),WSMI,WSMI|Wayne St (MI)
131108,New England College,NEW,NEW|New England Co
131109,Roanoke College,ROA,ROA|Roanoke Colleg
131239,University of Rio Grande,,
132,Bemidji State,BST,BST|Bemidji St
132714,Lackawanna,LAC,LAC
133,St. Olaf,OLAF,OLAF|St Olaf
133688,Mount Mercy,MOU,MOU
134,Minnesota Duluth,UMD,UMD|Minn Duluth
134000,Thomas,THO,THO|Thomas
134001,Monroe,MON,MON|Monroe
134002,Andrew,AND,AND|Andrew
134087,Westgate Christian University,WES,WES|Westgate Chris
134180,Cetys University,CET,CET
134423,Lewis-Clark Valley College,LEW,LEW
135,Minnesota,MINN,MINN|Minnesota
137,Missouri Western,MOWE,MOWE|MO Western
138,Northwest Missouri State,MWMO,MWMO|NW Missouri St
142,Missouri,MIZ,MIZ|Missouri
143,Washington St. Louis,WUMO,WUMO|Wash St Louis
145,Ole Miss,MISS,MISS|Ole Miss
146,Grove City,GRO,GRO|Grove City
147,Montana State,MTST,MTST|Montana St
148,Montana Tech,MAI,MAI|Montana Tech
149,Montana,MONT,MONT|Montana
15,Anna Maria College,ANN,ANN|Anna Maria
150,Duke,DUKE,DUKE|Duke
151,East Carolina,ECU,ECU|East Carolina
152,NC State,NCSU,North Carolina St.|NCSU|NC State
153,North Carolina,UNC,UNC|North Carolina
154,Wake Forest,WAKE,WAKE|Wake Forest
155,North Dakota,UND,UND|North Dakota
158,Nebraska,NEB,NEB|Nebraska
159,Dartmouth,DART,DART|Dartmouth
16,Sacramento State,SAC,Cal State Sacramento|SAC|Sacramento St
160,New Hampshire,UNH,UNH|New Hampshire
16111,Benedictine College,BENC,BENC|Bndctn Col
162,Hamline,HMLN,HMLN|Hamline
163,Princeton,PRIN,PRIN|Princeton
164,Rutgers,RUTG,RUTG|Rutgers
166,New Mexico State,NMSU,NMSU|New Mexico St
167,New Mexico,UNM,UNM|New Mexico
17,Claremont Mudd Scripps,CMS,CMS|Claremont-M-S
171,Columbia,COLU,COLU|Columbia
172,Cornell,COR,COR|Cornell
173,Hartwick,HRTW,HRTW|Hartwick
174,Hobart,HBRT,HBRT|Hobart
175,Ithaca,ITH,ITH|Ithaca
18,Bridgewater State,BRIS,BRIS|Bridgewater St
183,Syracuse,SYR,SYR|Syracuse
184,Rochester (NY),URNY,URNY|Rochester (NY)
188,Baldwin Wallace,BW,BW|Baldwin Wall
189,Bowling Green,BGSU,Bowling Green State|BGSU|Bowling Green
190,Defiance College,DEF,DEF|Defiance
191,Heidelberg,HDBG,HDBG|Heidelberg
193,Miami (OH),M-OH,M-OH|Miami OH
194,Ohio State,OSU,OSU|Ohio State
195,Ohio,OHIO,OHIO|Ohio
196,Northeastern State,NESU,NESU|NE State
197,Oklahoma State,OKST,OKST|Oklahoma St
199,Southeastern Oklahoma State,SEOK,Southeastern Oklahoma State|SEOK|SE Oklahoma St
2,Auburn,AUB,AUB|Auburn
200,Southern Nazarene,SNU,SNU|S Nazarene
2000,Abilene Christian,ACU,ACU|Abilene Chrstn
2001,Adams State,ADSU,ADSU|Adams St
2003,Adrian,ADR,ADR|Adrian
2005,Air Force,AF,AF|Air Force
2006,Akron,AKR,AKR|Akron
201,Oklahoma,OU,OU|Oklahoma
2010,Alabama A&M,AAMU,AAMU|Alabama A&M
2011,Alabama State,ALST,ALST|Alabama St
2013,Albany State,ABSU,ABSU|Albany St
2015,Albright,ALBR,ALBR|Albright
2016,Alcorn State,ALCN,Alcorn|ALCN|Alcorn St
2017,Alderson-Broaddus,ABC,ABC|Ald.-Broaddus
2018,Allegheny,ALLG,ALLG|Allegheny
2019,Allen,ALNU,ALNU|Allen
202,Tulsa,TLSA,TLSA|Tulsa
2022,American International,AIC,AIC|American Int'l
2023,Anderson (IN),ANIN,ANIN|Anderson (IN)
2025,Angelo State,AGSU,AGSU|Angelo St
2026,App State,APP,Appalachian State|APP|App State
2028,Arkansas Monticello,UAM,UAM|UA Monticello
2029,Arkansas-Pine Bluff,UAPB,Arkansas Pine Bluff|UAPB|AR-Pine Bluff
203,Linfield,LINF,LINF|Linfield
2032,Arkansas State,ARST,ARST|Arkansas St
2033,Arkansas Tech,ARTE,ARTE|Arkansas Tech
2038,Assumption,ASP,Assumption College|ASP|Assumption
204,Oregon State,ORST,ORST|Oregon St
2042,Augustana (IL),AUGC,AUGC|Augustana (IL)
2043,Augustana (SD),AUSD,AUSD|Augustana (SD)
2044,Aurora,AUR,AUR|Aurora
2045,Austin,AUS,AUS|Austin
2046,Austin Peay,APSU,APSU|Austin Peay
2047,Averett,AVER,AVER|Averett
2048,Avila University,AVILA,AVILA|Avila
2049,Azusa Pacific,APU,APU|Azusa Pacific
205,Pacific (OR),PCOR,PCOR|Pacific (OR)
2050,Ball State,BALL,BALL|Ball State
2056,Belhaven,BELH,BELH|Belhaven
2059,Benedict,BEN,BEN|Benedict
2060,Bentley,BENT,BENT|Bentley
2062,Bethany (WV),BCWV,Bethany (West Virginia)|BCWV|Bethany (WV)
2064,Bethel University Tennessee,BETHTN,BETHTN|Bethel TN
2065,Bethune-Cookman,BCU,BCU|Bethune
2069,Black Hills State,BHSU,BHSU|Black Hills St
2070,Blackburn,BLA,BLA|Blackburn
2071,Bloomsburg,BBU,BBU|Bloomsburg
2074,Bluffton,BLF,BLF|Bluffton
2075,Bowie State,BOWE,BOWE|Bowie St
2079,Bridgewater,BRI,BRI|Bridgewater
2080,British Columbia,BBM,BBM|Britsh Col
2083,Bucknell,BUCK,BUCK|Bucknell
2084,Buffalo,BUF,BUF|Buffalo
2085,Buffalo State,BSU,BSU|Buffalo St
2086,Butler,BTLR,BTLR|Butler
2089,LIU Post,LIU,LIU-C.W. Post|LIU|LIU Post
209,Lock Haven,LHU,LHU|Lock Haven
2094,Cal Lutheran,CLU,California Lutheran|CLU|Cal Lutheran
2097,Campbell,CAM,CAM|Campbell
2098,Campbellsville University,CMPBVIL,CMPBVIL|Camplville
21,San Diego State,SDSU,SDSU|San Diego St
210,Millersville,MILL,MILL|Millersville
2101,Carleton,CAR,CAR|Carleton
2102,Carnegie Mellon,CGMU,CGMU|Carn Mellon
2105,Carson Newman,CN,Carson Newman College|CN|Carson Newman
2106,Carthage,CCW,CCW|Carthage
2107,Catawba,CAT,Catawba College|CAT|Catawba
2108,Catholic,CATH,CATH|Catholic
2110,Central Arkansas,CARK,CARK|C Arkansas
2115,Central Connecticut,CCSU,Central Connecticut State|CCSU|C Connecticut
2116,UCF,UCF,Central Florida|UCF|UCF
2117,Central Michigan,CMU,CMU|C Michigan
2118,Central Missouri,UCM,UCM|C Missouri
2119,Central State,CNSU,CNSU|Central St
2120,Central Washington,CWAU,CWAU|C Washington
2121,Centre,CCO,CCO|Centre
2122,Central Oklahoma,UCO,UCO|C Oklahoma
2123,Chadron State,CHAD,CHAD|Chadron St
2127,Charleston Southern,CHSO,CHSO|Charleston So
2128,Charleston (WV),UCWV,UCWV|Charleston WV
2129,Cheyney,CHE,CHE|Cheyney
213,Penn State,PSU,PSU|Penn State
2130,Chicago State,,
2132,Cincinnati,CIN,CIN|Cincinnati
2134,Clarion,CLRN,CLRN|Clarion
2141,Coe,COE,COE|Coe
2142,Colgate,COLG,COLG|Colgate
2144,Colorado College,COL,COL|Colorado College
2146,Colorado School of Mines,CMIN,Colorado School of Mines|CMIN|Colorado Mines
2148,Concord,CONC,CONC|Concord
215,Slippery Rock,SRU,SRU|Slippery Rock
2151,Concordia Chicago,CUC,CUC|Concordia Chi
2152,Concordia (MN),CCMN,CCMN|Concordia (MN)
2155,Cornell (IA),CNIA,Cornell College|CNIA|Cornell (IA)
216,Susquehanna,SUSQ,SUSQ|Susquehanna
2161,Cumberland (TN),CUMBTN,CUMBTN|Cmbrlnd TN
2166,Davidson,DAV,DAV|Davidson
2168,Dayton,DAY,DAY|Dayton
2169,Delaware State,DSU,DSU|Delaware St
2170,Delta State,DLST,DLST|Delta St
2171,Denison,DSN,DSN|Denison
2175,Dickinson,DKSN,DKSN|Dickinson
218,Temple,TEM,TEM|Temple
2181,Drake,DRKE,DRKE|Drake
2184,Duquesne,DUQ,DUQ|Duquesne
2188,East Stroudsburg,ESU,ESU|E Stroudsburg
2189,Earlham,EAR,EAR|Earlham
219,Pennsylvania,PENN,PENN|Penn
2191,East Central,ECNU,East Central University|ECNU|East Central
2193,East Tennessee State,ETSU,ETSU|ETSU
2194,East Texas Baptist,ETBU,ETBU|E TX Baptist
2197,Eastern Illinois,EIU,EIU|E Illinois
2198,Eastern Kentucky,EKU,EKU|E Kentucky
2199,Eastern Michigan,EMU,EMU|E Michigan
2201,Eastern New Mexico,ENMU,ENMU|Eastern NM
2202,Eastern Oregon,EORE,EORE|E Oregon
2205,Edinboro,EDBR,EDBR|Edinboro
2206,Edward Waters,EDW,EDW|Edward Waters
2207,Elizabeth City State,ECSU,ECSU|Elizabeth City
221,Pittsburgh,PITT,Pitt|PITT|Pitt
2210,Elon,ELON,ELON|Elon
2213,Emory & Henry,EHC,EHC|Emory & Henry
2214,Emporia State,EMSU,EMSU|Emporia St
2219,Faulkner University,FAULKNER,FAULKNER|Faulkner
222,Villanova,VILL,VILL|Villanova
2220,Fayetteville State,FAYU,FAYU|Fay'ville St
2221,FDU Florham,FDUF,FDUF|FDU Florham
2222,Ferris State,FRST,FRST|Ferris St
2224,Findlay,UF,UF|Findlay
2226,Florida Atlantic,FAU,FAU|FAU
2229,Florida International,FIU,Florida Intl|FIU|FIU
223,West Chester,WCHT,WCHT|West Chester
2230,Fordham,FOR,FOR|Fordham
2231,Fort Hays,FHSU,FHSU|Fort Hays
2232,Fort Valley State,FVSU,FVSU|Fort Valley St
2233,Franklin,FRKL,FRKL|Franklin
2234,Franklin & Marshall,FMC,FMC|Franklin Marsh
2237,Fort Lewis,FLWC,FLWC|Fort Lewis
2241,Gardner-Webb,GWEB,Gardner Webb|GWEB|Gardner-Webb
2242,Geneva,GEN,GEN|Geneva
2244,George Mason University,GMU,GMU|George Mason
2245,Georgetown College Kentucky,GTOWNCOLL,GTOWNCOLL|G'Town Col
2247,Georgia State,GAST,GAST|Georgia St
2248,Gettysburg,GTYB,GTYB|Gettysburg
2249,Glenville State,GVLS,GVLS|Glenville St
225,Brown,BRWN,BRWN|Brown
2254,Des Moines,GRANDVIEW,GRANDVIEW|Grand View
2256,Greensboro,GRNB,GRNB|Greensboro
2257,Greenville,GRNV,GRNV|Greenville
2258,Guilford,GLFD,GLFD|Guilford
2261,Hampton,HAMP,HAMP|Hampton
2262,Hanover,HNVR,HNVR|Hanover
2264,Harding,HARD,HARD|Harding
227,Rhode Island,URI,URI|Rhode Island
2271,Henderson State,HSTU,HSTU|Henderson St
2273,Hillsdale,HLDL,HLDL|Hillsdale
2274,Hiram,HIRM,HIRM|Hiram
2275,Hofstra,HOF,HOF|Hofstra
2277,Houston Christian,HCU,Houston Baptist|HCU|Hou Christian
2278,Humboldt State,HUM,HUM|Humboldt St
228,Clemson,CLEM,CLEM|Clemson
2280,Husson,HUSS,HUSS|Husson
2283,Benedictine (IL),BNIL,BNIL|Benedictine IL
2286,Illinois College,ILLC,ILLC|Illinois Col
2287,Illinois State,ILST,ILST|Illinois St
2291,IU Pennsylvania,IUP,IUP|IUP|IU Penn
2292,Indianapolis,INDY,INDY|Indianapolis
2294,Iowa,IOWA,IOWA|Iowa
2295,Iowa Wesleyan,IOW,IOW|Iowa Wesleyan
2296,Jackson State,JKST,JKST|Jackson St
23,San José State,SJSU,San Jose St.|SJSU|San José St
2302,John Carroll,JCU,JCU|John Carroll
2304,Johnson C. Smith,JCSU,Johnson Smith|JCSU|Johnson C Smth
2305,Kansas,KU,KU|Kansas
2306,Kansas State,KSU,KSU|Kansas St
2309,Kent State,KENT,KENT|Kent State
231,Furman,FUR,FUR|Furman
2310,Kentucky State,KYSU,KYSU|Kentucky St
2315,Kutztown,KUTZ,KUTZ|Kutztown
2316,Kentucky Wesleyan,KWC,KWC|KY Wesleyan
2318,La Verne,ULV,ULV|La Verne
2320,Lamar,LAM,LAM|Lamar
2321,Lambuth,LAM,LAM|Lambuth
2323,Lane College,LANE,Lane College|LANE|Lane College
2324,Langston,LNGT,LNGT|Langston
2325,La Salle,LAS,LAS|La Salle
2329,Lehigh,LEH,LEH|Lehigh
233,South Dakota,SDAK,SDAK|South Dakota
2331,Lenoir Rhyne,LENR,LENR|Lenoir Rhyne
2333,Lewis & Clark,LC,LC|Lewis & Clark
2335,Liberty,LIB,LIB|Liberty
2336,Limestone,LIMESTONE,LIMESTONE|Limestone
2339,Lincoln (PA),LNPA,LNPA|Lincoln (PA)
2341,Long Island University,LIU,LIU|Long Island
2347,Louisiana Christian,LCHR,LCHR|LA Christian
2348,Louisiana Tech,LT,LT|Louisiana Tech
2349,UMass Lowell,UML,UML|UMass Lowell
235,Memphis,MEM,MEM|Memphis
2354,Lycoming,LYCO,LYCO|Lycoming
2355,Virginia Lynchburg,VUL,Lynchburg|VUL|VA Lynchburg
2359,Macalester,MAC,MAC|Macalester
236,Chattanooga,UTC,UTC|Chattanooga
2362,Manchester,MNCH,MNCH|Manchester
2364,Minnesota State,MNST,Minnesota State Mankato|MNST|Minnesota St
2365,Mansfield,MNFD,MNFD|Mansfield
2366,Marian (IN),MUIN,MUIN|Marian (IN)
2368,Marist,MRST,MRST|Marist
2369,Mars Hill,MHU,MHU|Mars Hill
237,Union,UNNY,UNNY|Union
2371,Mary Hardin Baylor,MHB,MHB|Mary Hardin
2373,Maryville (TN),MCTN,Maryville (TN)|MCTN|Maryville (TN)
2377,McNeese,MCN,MCN|McNeese
238,Vanderbilt,VAN,VAN|Vanderbilt
2381,Menlo,MEN,MEN|Menlo
2382,Mercer,MER,MER|Mercer
2383,Merchant Marine,MMA,MMA|Merch Marine
2385,Mercyhurst,MERC,MERC|Mercyhurst
239,Baylor,BAY,BAY|Baylor
2390,Miami,MIA,Miami (FL)|MIA|Miami
2392,Michigan Tech,MTU,MTU|Michigan Tech
2393,Middle Tennessee,MTSU,Middle Tennessee State|MTSU|MTSU
2394,Middlebury,MIDB,MIDB|Middlebury
2395,Midwestern State,MWSU,MWSU|Midwestern St
2396,Miles,MILE,MILE|Miles
2398,Millsaps,MLSP,MLSP|Millsaps
2399,Minnesota Morris,MNMO,MNMO|Minn Morris
24,Stanford,STAN,STAN|Stanford
2400,Mississippi Valley State,MVSU,MVSU|Miss Valley St
2401,Mississippi College,MIS,MIS|Miss Coll
2402,Missouri S&T,MS&T,MS&T|Missouri S&T
2403,Missouri Southern State,MSSU,MSSU|Missouri So St
2405,Monmouth,MONM,Monmouth NJ|MONM|Monmouth
241,McMurry,MCM,MCM|McMurry
2413,Morehead State,MORE,MORE|Morehead St
2415,Morgan State,MORG,MORG|Morgan St
2416,Morningside,MNGS,MNGS|Morningside
2419,Mount St Joseph,MSJ,MSJ|Mt St Joseph
242,Rice,RICE,RICE|Rice
2422,Muhlenberg,MUHL,MUHL|Muhlenberg
2424,New Mexico Highlands,NMHU,NMHU|NM Highlands
2426,Navy,NAVY,NAVY|Navy
2428,North Carolina Central,NCCU,NCCU|NC Central
2429,Charlotte,CLT,CLT|Charlotte
2433,UL Monroe,ULM,La.-Monroe|ULM|UL Monroe
2437,Nebraska-Omaha,UNO,UNO|Omaha
2438,Nebraska Kearney,NEBK,NEBK|NE Kearney
2439,UNLV,UNLV,Nevada-Las Vegas|UNLV|UNLV
2440,Nevada,NEV,NEV|Nevada
2441,New Haven,NHVN,NHVN|New Haven
2442,The College of New Jersey,TCNJ,TCNJ|College of NJ
2444,Newberry,NBRY,NBRY|Newberry
2447,Nicholls,NICH,NICH|Nicholls
2448,North Carolina A&T,NCAT,NCAT|NC A&T
2449,North Dakota State,NDSU,NDSU|N Dakota St
245,Texas A&M,TA&M,TA&M|Texas A&M
2450,Norfolk State,NORF,NORF|Norfolk St
2453,North Alabama,UNA,UNA|North Alabama
2458,Northern Colorado,UNCO,UNCO|N Colorado
2459,Northern Illinois,NIU,NIU|N Illinois
246,Juniata,JUN,JUN|Juniata
2460,Northern Iowa,UNI,UNI|Northern Iowa
2464,Northern Arizona,NAU,NAU|N Arizona
2466,Northwestern State,NWST,NWST|N'Western St
2467,Norwich,NWCH,NWCH|Norwich
247,King's,KNGS,KNGS|King's
2471,Northwestern (IA),NAD,NAD|Northwestern (IA)
2475,Occidental,OCC,OCC|Occidental
2477,Ohio Dominican,,Panthers
248,Houston,HOU,HOU|Houston
2483,Oregon,ORE,ORE|Oregon
2486,Pacific Lutheran,PCLT,PCLT|Pac Lutheran
2487,Pace,PACE,PACE|Pace
2488,Paine,PC,PC|Paine
249,North Texas,UNT,UNT|North Texas
25,California,CAL,CAL|California
2502,Portland State,PRST,PRST|Portland St
2504,Prairie View A&M,PV,PV|Prairie View
2506,Presbyterian,PRES,PRES|Presbyterian
2508,Puget Sound,PUG,PUG|Puget Sound
2509,Purdue,PUR,PUR|Purdue
251,Texas,TEX,TEX|Texas
2516,Randolph Macon,RMC,RMC|Randolph Macon
2519,Rhodes,RHDS,RHDS|Rhodes
252,BYU,BYU,Brigham Young|BYU|BYU
2523,Robert Morris,RMU,RMU|Robert Morris
2524,Rockford,RFU,RFU|Rockford
2528,Rensselaer,RPI,RPI|Rensselaer
2529,Sacred Heart,SHU,SHU|Sacred Heart
253,Southern Utah,SUU,SUU|Southern Utah
2532,Salisbury,SAL,SAL|Salisbury
2534,Sam Houston,SHSU,Sam Houston State|SHSU|Sam Houston
2535,Samford,SAM,SAM|Samford
254,Utah,UTAH,UTAH|Utah
2542,Savannah State,SAV,SAV|Savannah St
2545,SE Louisiana,SELA,Southeast Louisiana|SELA|SE Louisiana
2546,Southeast Missouri State,SEMO,Southeast Missouri|SEMO|SE Missouri
255,Knox,KNOX,Knox|KNOX|Knox
2551,Shaw,SHAW,SHAW|Shaw
2553,Sewanee,SEWA,Sewanee|SEWA|Sewanee
2557,Coast Guard,USCG,USCG|Coast Guard
2559,Shippensburg,SHIP,SHIP|Shippensburg
256,James Madison,JMU,JMU|James Madison
2560,Shorter,SHOU,SHOU|Shorter
2561,Siena,SIE,SIE|Siena
2562,Siena Heights,SHTU,SHTU|Siena Heights
2564,Simpson (IA),SCIA,Simpson|SCIA|Simpson (IA)
2567,SMU,SMU,Southern Methodist|SMU|SMU
2568,Southern Arkansas,SAR,SAR|S Arkansas
2569,South Carolina State,SCST,SCST|SC State
257,Richmond,RICH,RICH|Richmond
2570,CSU Pueblo,CSUP,CSUP|CSU Pueblo
2571,South Dakota State,SDST,SDST|S Dakota St
2572,Southern Miss,USM,Southern Mississippi|USM|Southern Miss
2579,South Carolina,SC,SC|South Carolina
258,Virginia,UVA,UVA|Virginia
2582,Southern,SOU,SOU|Southern
2583,Southern Connecticut State,SCTS,SCTS|S Conn St
2584,Southern Oregon,SOR,SOR|S Oregon
2586,Southwest Baptist,SWBU,SWBU|SW Baptist
2587,Southwest Minnesota State,SWMS,SWMS|SW Minn St
2588,Southwestern U,SWU,Southwestern (TX)|SWU|Southwestern
259,Virginia Tech,VT,VT|Virginia Tech
2591,St. Ambrose,STAM,STAM|St Ambrose
2594,St. Cloud State,STC,STC|St. Cloud St
2595,St. Francis (IL),SFIL,SFIL|St Francis IL
2598,Saint Francis,SFPA,St. Francis PA|SFPA|Saint Francis
26,UCLA,UCLA,UCLA|UCLA
2600,Saint John's (MN),STJM,St. John's|STJM|St Johns (MN)
2601,St. Joseph's (IN),ST,St. Joseph's (Indiana)|ST|St. Joseph's (IN)
2608,St. Mary's (CA),SMC,St. Mary's CA|SMC|St. Mary's (CA)
2611,St. Paul's College,STP,STP|St. Paul's 
2612,St. Peter's,SPU,SPU|St. Peter's
2614,Saint Vincent,SVC,SVC|Saint Vincent
2615,Saint Xavier,STX,STX|Saint Xavier
2617,Stephen F. Austin,SFA,Stephen F Austin|SFA|SF Austin
2619,Stony Brook,STBK,STBK|Stony Brook
262,Lake Forest,LFC,LFC|Lake Forest
2623,Missouri State,MOST,MOST|Missouri St
2627,Tarleton State,TAR,TAR|Tarleton St
2628,TCU,TCU,Texas Christian|TCU|TCU
263,Loras,LOR,LOR|Loras
2630,UT Martin,UTM,Tennessee Martin|UTM|UT Martin
2633,Tennessee,TENN,TENN|Tennessee
2634,Tennessee State,TNST,TNST|Tennessee St
2635,Tennessee Tech,TNTC,TNTC|Tennessee Tech
2636,UTSA,UTSA,Texas-San Antonio|UTSA|UTSA
2637,Texas College,TXCL,TXCL|Texas College
2638,UTEP,UTEP,Texas-El Paso|UTEP|UTEP
2639,Texas Lutheran,TXLU,TXLU|Texas Lutheran
264,Washington,WASH,WASH|Washington
2640,Texas Southern,TXSO,TXSO|Texas Southern
2641,Texas Tech,TTU,TTU|Texas Tech
2643,The Citadel,CIT,CIT|The Citadel
2644,Thiel,THI,THI|Thiel
2646,Thomas More,TMOR,TMOR|Thomas More
2649,Toledo,TOL,TOL|Toledo
265,Washington State,WSU,WSU|Washington St
2651,Trine,TRNE,TRNE|Trine
2652,Trinity (IL),TRI,TRI|Trinity (IL)
2653,Troy,TROY,TROY|Troy
2654,Truman State,TRST,TRST|Truman St
2655,Tulane,TULN,TULN|Tulane
2657,Tuskegee,TUSK,TUSK|Tuskegee
2658,Texas A&M-Kingsville,TAMK,TAMK|TAMU-Kingsvlle
266,Beloit,BELO,Beloit|BELO|Beloit
2666,Urbana,URB,URB|Urbana
2667,Ursinus,URSN,URSN|Ursinus
267,Southeastern,SEU,SEU|Southeastern
2673,Valdosta State,VALD,VALD|Valdosta St
2674,Valparaiso,VAL,VAL|Valparaiso
2676,Virginia Union,VUU,VUU|Virginia Union
2678,VMI,VMI,Virginia Military Institute|VMI|VMI
268,Lawrence,LAW,LAW|Lawrence
2681,Wagner,WAG,WAG|Wagner
2682,Walsh,WLSH,WLSH|Walsh
2683,Warner,WRNR,WRNR|Warner
2685,Wartburg,WTBG,WTBG|Wartburg
2686,Washington & Jefferson,W&J,W&J|Wash & Jeff
2687,Washburn,WSBN,WSBN|Washburn
2688,Washington and Lee,W&L,W&L|Wash and Lee
2691,Webber International,WINT,WINT|Webber Int'l
2692,Weber State,WEB,WEB|Weber St
2695,West Alabama,UWA,UWA|West Alabama
2698,West Georgia,WGA,WGA|West Georgia
2699,West Liberty,WLU,WLU|West Liberty
2700,McDaniel,MCD,MCD|McDaniel
2701,Montana Western,UMW,UMW|MT Western
2702,Western New England,WNE,WNE|W New England
2703,Western New Mexico,WNMU,WNMU|Western NM
2704,West Texas,WTAM,WTAM|West Texas
2706,WVU Tech,WVUT,WVUT|WVU Tech
2707,West Virginia State,WVSU,WVSU|W Virginia St
271,Wisconsin Oshkosh,UWO,UWO|UW-Oshkosh
2710,Western Illinois,WIU,WIU|W Illinois
2711,Western Michigan,WMU,WMU|W Michigan
2714,Western Colorado,WCOL,WCOL|W Colorado
2717,Western Carolina,WCU,WCU|W Carolina
272,Wisconsin Platteville,UWP,UWP|UW-Platteville
2721,Whitworth,WHIW,WHIW|Whitworth
2723,Wisconsin River Falls,UWRF,UWRF|UW-River Falls
2725,Widener,WIDE,WIDE|Widener
2729,William & Mary,W&M,W&M|William & Mary
273,MacMurray College,MAC,MAC|MacMurray 
2731,Williams,WLM,WLM|Williams
2733,Wilmington (OH),WCOH,WCOH|Wilmington OH
2736,Winston-Salem State,WSSU,WSSU|Winston-Salem
2738,Wisconsin Eau Claire,UWEC,UWEC|UW-Eau Claire
274,Maine Maritime,UMMA,UMMA|Maine Maritime
2740,Wisconsin La Crosse,UWL,UWL|UW-La Crosse
2741,Wisconsin Lutheran,WLC,WLC|Wisc Lutheran
2743,Wisconsin Stevens Point,UWSP,UWSP|UW-Stevens Pt
2744,Wisconsin Stout,UWST,UWST|UW-Stout
2745,Wisconsin Whitewater,UWW,UWW|UW-Whitewater
2746,Wittenberg,WITT,WITT|Wittenberg
2747,Wofford,WOF,WOF|Wofford
2748,Wooster,WOO,WOO|Wooster
2749,WPI,WPI,WPI|WPI
275,Wisconsin,WIS,WIS|Wisconsin
2750,Wright State University,WRST,WRST|Wright State
2751,Wyoming,WYO,WYO|Wyoming
2754,Youngstown State,YSU,YSU|Youngstown St
2755,Grambling,GRAM,Grambling State|GRAM|Grambling
2757,Berry,BERR,BERR|Berry
2758,Howard Payne,HWPU,HWPU|Howard Payne
276,Marshall,MRSH,MRSH|Marshall
277,West Virginia,WVU,WVU|West Virginia
2770,Manitoba,MB,MB|Manitoba
2771,Merrimack,MRMK,MRMK|Merrimack
2772,Minnesota-Crookston,MIN,MIN|Minnesota-Crookston
2776,Salve Regina,SALV,SALV|Salve Regina
2779,St. Lawrence,USL,USL|St Lawrence
278,Fresno State,FRES,FRES|Fresno St
2781,Brockport,BRO,BRO|Brockport
2782,SUNY Cortland,NYCL,NYCL|SUNY Cortland
2790,Albion,ALBI,ALBI|Albion
2800,Alma,ALMA,ALMA|Alma
2802,Bethel (MN),BUMN,BUMN|Bethel (MN)
2803,Bryant,BRY,BRY|Bryant
2804,Chowan,CWAN,CWAN|Chowan
2805,Clark Atlanta,CKGA,CKGA|Clark (GA)
2808,Delaware Valley,DVU,DVU|Del Val
2810,Hardin Simmons,HSU,HSU|Hardin Simmons
2812,Hope,HOPE,HOPE|Hope
2815,Lindenwood,LIN,LIN|Lindenwood
2816,McKendree,MCK,MCK|McKendree
2817,Minnesota St Moorhead,MSUM,MSUM|Minn Moorhead
2818,Montclair State,MCST,MCST|Montclair
282,Indiana State,INST,INST|Indiana St
2822,North Greenville,NGU,NGU|N Greenville
2823,Northwestern (OK),NWOK,NWOK|N'Western (OK)
2824,Oklahoma Panhandle,OPSU,Panhandle State|OPSU|OK Panhandle
2825,Quincy,QUI,QUI|Quincy
2826,Rocky Mountain,RRK,RRK
2827,Rowan,ROW,ROW|Rowan
2828,Shenandoah,SHEN,SHEN|Shenandoah
2829,Simon Fraser,SIM,SIM|Simon Fraser
2830,Saint Anselm,SANS,SANS|Saint Anselm
2831,Saint Francis (IN),SFIN,SFIN|St Francis IN
2832,St. Norbert,STNC,STNC|St Norbert
2834,Sul Ross State,SRST,SRST|Sul Ross St
2837,East Texas A&M,ETAM,Texas A&M-Commerce|ETAM|East Texas A&M
2838,Tiffin,TIFF,TIFF|Tiffin
2839,Tusculum,TUSC,TUSC|Tusculum
284,Stonehill,STO,STO|Stonehill
2841,Union College,UNI,Union|UNI|Union Ky College
2842,UVA Wise,UVAW,UVA Wise|UVAW|UVA Wise
2843,Western Connecticut State,WCSU,WCSU|WestConn
2844,Wayne State (NE),WSNE,WSNE|Wayne St (NE)
2845,Waynesburg,WAYN,WAYN|Waynesburg
2846,Wesley College,WES,WES|Wesley College
2847,Western Washington,WES,WES|W Washington
2848,Western Oregon,WORU,WORU|West Oregon
2849,Westminster (PA),WCPA,WCPA|Westminster PA
2850,Whittier,WHTR,WHTR|Whittier
2851,Winona State,WNST,WNST|Winona St
2858,California (PA),CAPA,California (Pennsylvania)|CAPA|Cal (PA)
286,North Carolina Wesleyan,NCW,NCW|NC Wesleyan
2860,Central Methodist,CDF,CDF|C Methodst
2865,Evangel University,EVA,EVA|Evangel
2871,Kean,KEAN,KEAN|Kean
2876,Lincoln (MO),LNMO,LNMO|Lincoln (MO)
2877,Lindsey Wilson,LWU,LWU|Lindsey Wilson
2880,Missouri Baptist,MOBU,MOBU|Missouri Bapt
2882,UNC Pembroke,UNCP,UNCP|UNC Pembroke
2884,Nichols,NICC,NICC|Nichols
2886,Northwood,NWD,Northwood University|NWD|Northwood
2888,Ouachita Baptist,OBU,OBU|Oauchita Bapt
2890,Reinhardt,RHDT,RHDT|Reinhardt
2891,Ripon,RIP,RIP|Ripon
2894,Sioux Falls,SFU,SFU|Sioux Falls
2896,Southern Virginia,SOVA,SOVA|S Virginia
29,Redlands,REDL,REDL|Redlands
290,Georgia Southern,GASO,GASO|GA Southern
2900,St. Thomas (MN),STMN,St Thomas MN|STMN|St Thomas
2904,Nelson (TX),NEL,NEL|Nelson
2907,Trinity International (IL),TRN,TRN|Trinity Intl
2909,Westfield State,WFST,WFST|Westfield St
291,Methodist,MU,MU|Methodist
2911,William Jewell,WJC,William Jewell|WJC|William Jewell
2912,William Penn,WPEN,WPEN|William Penn
2913,Brevard,BRE,BRE|Brevard
2916,Incarnate Word,UIW,UIW|Incarnate Word
2919,Monmouth (IL),MNIL,MNIL|Monmouth (IL)
292,UT Rio Grande Valley,RGV,RGV|UT Rio Grande
2923,Pomona Pitzer,POPI,POPI|Pomona Pitzer
2927,Southwestern Oklahoma State,SOSU,Southwestern Oklahoma State|SOSU|SW Oklahoma St
293,Vermont State Castleton,VTSC,VTSC|VTSU Castleton
2930,Willamette,WLMT,WLMT|Willamette
2938,Huntingdon,HNTC,HNTC|Huntingdon
2939,Jamestown,UJ,UJ|Jamestown
294,Jacksonville,JAC,JAC|Jacksonville
2940,Livingstone,LIV,LIV|Livingstone
2948,Stillman,STI,STI|Stillman
295,Old Dominion,ODU,ODU|Old Dominion
2951,SUNY Maritime,NYMT,NYMT|SUNY Maritime
2963,Case Western Reserve,CWRU,CWRU|Case Western
2964,Central College,CNTC,CNTC|Central Col
2967,Framingham State,FRSU,FRSU|Framingham St
2968,Gustavus Adolphus,GAC,GAC|Gustavus
2969,Misericordia,MISE,MISE|Misericordia
297,Hampden Sydney,HSC,HSC|Hampden Sydney
2970,William Paterson,WPU,WPU|Wm Paterson
2972,Plymouth State,PLYM,PLYM|Plymouth St
2974,Shepherd,SHEP,SHEP|Shepherd
2977,Trinity (CT),TCCT,TCCT|Trinity (CT)
2980,Ohio Wesleyan,OWU,OWU|Ohio Wesleyan
2985,Concordia-Michigan,CONCMI,CONCMI|Cncrdia MI
2986,Fairmont State,FMSU,FMSU|Fairmont St
3,Birmingham-Southern,BIR,BIR|Birmingham-Southern
30,USC,USC,USC|USC
301,San Diego,USD,USD|San Diego
302,UC Davis,UCD,California-Davis|UCD|UC Davis
304,Idaho State,IDST,IDST|Idaho St
306,Illinois Wesleyan,ILWU,ILWU|IL Wesleyan
3066,Concordia St. Paul,CSP,CSP|Concordia St P
3071,North Central College,NCC,NCC|N Central (IL)
3077,Kentucky Christian,KYCHR,KYCHR|KCU
308,Ashland,ASH,ASH|Ashland
3080,Waldorf,WLDF,WLDF|Waldorf
309,Louisiana,UL,UL Lafayette|UL|Louisiana
3099,Concordia (AL),CON,CON|Concordia Col.
3100,Monterrey Tech,MITE,MITE|Monterrey Tech
3101,Utah Tech,UTU,Dixie State|UTU|Utah Tech
311,Maine,ME,ME|Maine
3110,SUNY Morrisville,NYMS,NYMS|SUNY Morrisvle
3111,Apprentice School,APPRE,APPRE|Apprentice
3112,Christopher Newport,CNU,CNU|Chris Newport
3130,Williamson,WMSN,WMSN|Williamson
314,Iona,IONA,IONA|Iona
3144,SOUTH,SOU,SOU|SOUTH
3145,NORTH,NOR,NOR|NORTH
3146,East,EAST,EAST|East
3147,West,WEST,WEST|West
316,Dickinson State University,DIC,DIC|Dicknsn St
3161,Ohio State Newark,OSU,OSU|Osunewark
3162,Alfred State,AFST,AFST|Alfred St
317,Marietta,MRTT,MRTT|Marietta
3178,Ave Maria University,AVE M,AVE M|Ave Maria
3179,Point University,POINT,POINT|Point
3181,Shepherd Tech,STC,STC|Shepherd Tech
319,Oklahoma Baptist,OKBU,OKBU|OK Baptist
3193,American,AMER,AMER|American
3194,National,NAT,NAT|National
3197,NORTH FLORIDA,UNF,UNF|NORTH FLORIDA
3198,SOUTH FLORIDA STARS,SFX,SFX|SOUTH FLORIDA
32,Carroll (WI),CRU,Carroll (Wisconsin)|CRU|Carroll (WI)
3209,Lindenwood Belleville,LINB,LINB|Lind Bellv
3210,Cole College,COLE,COLE|Cole
3211,West Memphis,FAI,FAI|C of Faith
3212,University of Mexico,UNAM,UNAM|U of Mexico
3214,Trinity Bible,TBIB,TBIB|Trinity Bible
322,Lafayette,LAF,LAF|Lafayette
323,Moravian,MOR,MOR|Moravian
3236,SUNY Erie,NYER,NYER|SUNY Erie
3237,Troy,HVCC,HVCC|Hudson
324,Coastal Carolina,CCU,CCU|Coastal
3253,Charlotte,COLLE,COLLE|Faith NC
3254,St. Petersburg,UFFL,UFFL|U of Faith
326,Texas State,TXST,TXST|Texas St
328,Utah State,USU,USU|Utah State
33,Colby,CLBY,CLBY|Colby
330,Virginia State,VSU,VSU|Virginia St
331,Eastern Washington,EWU,EWU|E Washington
332,Muskingum,MSK,MSK|Muskingum
333,Alabama,ALA,ALA|Alabama
336,Wesleyan (CT),WSCT,Wesleyan|WSCT|Wesleyan (CT)
338,Kennesaw State,KENN,Kennesaw|KENN|Kennesaw St
340,Bowdoin,BOW,BOW|Bowdoin
341,Frostburg State,FSTU,FSTU|Frostburg St
344,Mississippi State,MSST,MSST|Mississippi St
348,Hamilton,HAM,HAM|Hamilton
349,Army,ARMY,ARMY|Army
351,Wingate,WINU,WINU|Wingate
352,Kenyon,KNY,KNY|Kenyon
354,Olivet,UOO,UOO|Olivet
356,Illinois,ILL,ILL|Illinois
359,Otterbein,OTTB,OTTB|Otterbein
36,Colorado State,CSU,CSU|Colorado St
363,Principia College,PRI,PRI|Principia 
365,Alfred,ALFR,ALFR|Alfred
366,Ferrum,FC,FC|Ferrum
367,Gannon,GANN,GANN|Gannon
374,St. John Fisher,STJF,STJF|St John Fisher
375,St. Scholastica,CSS,CSS|St Scholastica
379,UMass Dartmouth,MDAR,MDAR|UMass Dartmth
38,Colorado,COLO,COLO|Colorado
386,Trinity (TX),TUTX,TUTX|Trinity (TX)
388,Lebanon Valley,LVC,LVC|Lebanon Valley
389,Upper Iowa,UIU,UIU|Upper Iowa
390,Utica,UTIC,UTIC|Utica
391,Oberlin,OBE,OBE|Oberlin
395,St. Augustine's,STA,STA|St. Augustine's
396,Wheaton (IL),WCIL,WCIL|Wheaton (IL)
398,Wilkes,WILK,WILK|Wilkes
399,UAlbany,UALB,SUNY Albany|UALB|UAlbany
40,Curry,CC,CC|Curry
402,Worcester State,WORC,WORC|Worcester St
409,Concordia (WI),CUW,CUW|Concordia (WI)
41,UConn,CONN,Connecticut|CONN|UConn
411,Chapman,CHAP,CHAP|Chapman
415,George Fox,GFU,GFU|George Fox
417,Gallaudet,GLDT,GLDT|Gallaudet
418,Hendrix,HDX,HDX|Hendrix
421,Maranatha Baptist College,MAR,MAR|Maranatha Baptist 
424,Capital,CAPU,CAPU|Capital
425,Northern State,NSU,NSU|Northern St
426,Mount Union,UMU,UMU|Mt Union
427,Ohio Northern,OHNU,OHNU|Ohio Northern
43,Yale,YALE,YALE|Yale
433,Westminster (MO),WCMO,WCMO|Westminster MO
437,Lake Erie,LKER,LKER|Lake Erie
446,Martin Luther,MLC,MLC|Martin Luther
452,Endicott,ENDC,ENDC|Endicott
455,West Virginia Wesleyan,WVWC,West Virginia Wesleyan|WVWC|WV Wesleyan
46,Georgetown,GTWN,GTWN|Georgetown
47,Howard,HOW,HOW|Howard
471,Stevenson,STVS,STVS|Stevenson
479,Becker College,BEC,BEC|Becker College
48,Delaware,DEL,DEL|Delaware
481,Mount Ida College,MOU,MOU|Mount Ida 
487,Bacone College,BKN,BKN|Bacone College
488,Baker University,BAK,BAK|Baker
49,Dubuque,DBQ,DBQ|Dubuque
490,Benedict,BEN,BEN|Benedict
492,Bethany (KS),BETHA,Bethany (Kansas)|BETHA|Bethany KS
495,BLUEFIELD,BLU,BLU|Bluefield
5,UAB,UAB,Alabama-Birmingham|UAB|UAB
50,Florida A&M,FAMU,FAMU|Florida A&M
507,Concordia University Nebraska,CONCONE,CONCONE|Cncrdia NE
509,Crown,CRWN,CRWN|Crown
510,Culver-Stockton College,CULVE,CULVE|Culvr-Stck
511,Cumberlands,CMBS,CMBS|Cumberlands
512,Dakota State University,DAKOT,DAKOT|Dakota St
513,Dakota Wesleyan,DWU,DWU|Dakota Wes
52,Florida State,FSU,FSU|Florida St
527,Friends University,FRIE,FRIE|Friends
53,Florida Tech,FLTH,FLTH|Florida Tech
530,Graceland University,GRC,GRC|Graceland
535,Haskell Indian Nations Univ,HASKELL,Haskell Indian Nations|HASKELL|Haskell
547,Kansas Wesleyan,KANSA,KANSA|KS Weslyan
548,LaGrange,LGC,LGC|LaGrange
55,Jacksonville State,JXST,JXST|Jax State
556,Malone,MAL,MAL|Malone
559,University of Mary,MARY,MARY|UMary
56,Stetson,STET,STET|Stetson
561,Mayville State,MYSU,MYSU|Mayville St
565,Midland,MIDL,MIDL|Midland
568,Minot State,MINS,MINS|Minot St
57,Florida,FLA,FLA|Florida
58,South Florida,USF,USF|South Florida
5829,Doane College,,Doane College
583,Northwestern (MN),UNW,UNW|N'Western (MN)
587,Notre Dame College,NOT,NOT|Notre Dame College
59,Georgia Tech,GT,GT|Georgia Tech
597,Presentation,PRE,PRE|Prescoll
599,Roosevelt,RSVT,RSVT|Roosevelt
6,South Alabama,USA,USA|South Alabama
60,Morehouse,MRHO,MRHO|Morehouse
61,Georgia,UGA,UGA|Georgia
611,Seton Hill,SEHI,SEHI|Seton Hill
613,South Dakota Mines,SDMT,SDMT|SD Mines
616,Southwestern (KS),SWKS,SWKS|SW Col (KS)
618,Sterling,STLG,STLG|Sterling
62,Hawai'i,HAW,HAW|Hawai'i
620,Taylor,TLRU,TLRU|Taylor
625,Tiffin University,TIF,TIF|Tiffin
628,Valley City State,VCSU,VCSU|Valley City St
63,Buena Vista,BVU,BVU|Buena Vista
630,Wayland Baptist,WYBU,WYBU|Wylnd Baptist
6353,Lakeland,LKLD,LKLD|Lakeland
65,Grinnell,GRNL,GRNL|Grinnell
6584,Mcpherson College,,Mcpherson College
66,Iowa State,ISU,ISU|Iowa State
67,Luther,LUTH,LUTH|Luther
68,Boise State,BOIS,BOIS|Boise St
6845,Nebraska Wesleyan,NWU,NWU|NE Wesleyan
7,Amherst,AMH,Amherst|AMH|Amherst
70,Idaho,IDHO,IDHO|Idaho
72,Elmhurst,ELMH,ELMH|Elmhurst
74,Millikin,MILK,MILK|Millikin
75,North Park,NPU,NPU|North Park
77,Northwestern,NU,NU|Northwestern
79,Southern Illinois,SIU,SIU|S Illinois
8,Arkansas,ARK,ARK|Arkansas
80,Chicago,CHI,CHI|Chicago
81,Springfield,SPR,SPR|Springfield
83,DePauw,DPU,DPU|DePauw
84,Indiana,IU,IU|Indiana
86,Rose Hulman,RHIT,RHIT|Rose Hulman
87,Notre Dame,ND,ND|Notre Dame
89,Wabash,WAB,Wabash|WAB|Wabash
9,Arizona State,ASU,ASU|Arizona St
90,Pittsburg State,PTSU,PTSU|Pittsburg St
93,Murray State,MUR,MUR|Murray St
95,Pikeville,PIKEV,PIKEV|Pikeville
96,Kentucky,UK,UK|Kentucky
97,Louisville,LOU,LOU|Louisville
98,Western Kentucky,WKU,WKU|Western KY
99,LSU,LSU,Louisiana State|LSU|LSU
