league,team_id,abbreviation,display_name,valid_from,valid_to
ncaa_baseball,100,DART,Dartmouth Big Green,,
ncaa_baseball,101,PRIN,Princeton Tigers,,
ncaa_baseball,102,RUTG,Rutgers Scarlet Knights,,
ncaa_baseball,103,NMSU,New Mexico State Aggies,,
ncaa_baseball,104,UNM,New Mexico Lobos,,
ncaa_baseball,105,SBU,St. Bonaventure Bonnies,,
ncaa_baseball,106,BGSU,Bowling Green Falcons,,
ncaa_baseball,1067,CON,Concordia St. Paul Golden Bears,,
ncaa_baseball,107,M-OH,Miami (OH) RedHawks,,
ncaa_baseball,108,OSU,Ohio State Buckeyes,,
ncaa_baseball,109,OHIO,Ohio Bobcats,,
ncaa_baseball,110,OKST,Oklahoma State Cowboys,,
ncaa_baseball,1103,UNA,North Alabama Lions,,
ncaa_baseball,1105,CBU,California Baptist Lancers,,
ncaa_baseball,111,ORU,Oral Roberts Golden Eagles,,
ncaa_baseball,112,OU,Oklahoma Sooners,,
ncaa_baseball,113,ORST,Oregon State Beavers,,
ncaa_baseball,1139,BOIS,Boise State Broncos,,
ncaa_baseball,114,TEM,Temple Owls,,
ncaa_baseball,1143,BELL,Bellarmine Knights,,
ncaa_baseball,1145,TAR,Tarleton State Texans,,
ncaa_baseball,1146,UTU,Utah Tech Trailblazers,,
ncaa_baseball,1147,UCSD,UC San Diego Tritons,,
ncaa_baseball,1148,MRMK,Merrimack Warriors,,
ncaa_baseball,115,PITT,Pittsburgh Panthers,,
ncaa_baseball,116,BRWN,Brown Bears,,
ncaa_baseball,117,CLEM,Clemson Tigers,,
ncaa_baseball,118,COFC,Charleston Cougars,,
ncaa_baseball,1189,LOR,Loras Duhawks,,
ncaa_baseball,119,MEM,Memphis Tigers,,
ncaa_baseball,1190,GRA,Grand View Vikings,,
ncaa_baseball,1191,ROO,Roosevelt Lakers,,
ncaa_baseball,1197,SOU,Southeastern Fires,,
ncaa_baseball,120,VAN,Vanderbilt Commodores,,
ncaa_baseball,121,BAY,Baylor Bears,,
ncaa_baseball,122,RICE,Rice Owls,,
ncaa_baseball,123,TA&M,Texas A&M Aggies,,
ncaa_baseball,1238,QUC,Queens University Royals,,
ncaa_baseball,1239,UPP,Upper Iowa Peacocks,,
ncaa_baseball,124,HOU,Houston Cougars,,
ncaa_baseball,1245,STO,Stonehill Skyhawks,,
ncaa_baseball,1246,USI,Southern Indiana Screaming Eagles,,
ncaa_baseball,1247,LIN,Linfield Wildcats,,
ncaa_baseball,1248,COE,Coe Kohawks,,
ncaa_baseball,125,UTA,UT Arlington Mavericks,,
ncaa_baseball,126,TEX,Texas Longhorns,,
ncaa_baseball,127,BYU,BYU Cougars,,
ncaa_baseball,1273,TAM,Tampa Spartans,,
ncaa_baseball,1274,FSC,Florida Southern Moccasins,,
ncaa_baseball,1275,SAN,San Jacinto SANJACJC,,
ncaa_baseball,1276,JOH,John A. Logan JALC,,
ncaa_baseball,1277,NOR,Northwest Mississippi CC NMCC,,
ncaa_baseball,1278,STA,State College of Florida SCOF,,
ncaa_baseball,1279,PEA,Pearl River PEARL,,
ncaa_baseball,128,UTAH,Utah Utes,,
ncaa_baseball,1280,COP,Copiah Lincoln CLCC,,
ncaa_baseball,1281,SOU,Southern Nevada Coyotes,,
ncaa_baseball,1282,FLO,Florence Darlington Tech FDTC,,
ncaa_baseball,1286,DPU,DePauw Tigers,,
ncaa_baseball,1287,OLAF,St. Olaf Oles,,
ncaa_baseball,129,JMU,James Madison Dukes,,
ncaa_baseball,129698,MER,Mercyhurst Lakers,,
ncaa_baseball,129699,WES,West Georgia Wolves,,
ncaa_baseball,129700,PCLT,Pacific Lutheran Lutes,,
ncaa_baseball,129701,AUGC,Augustana (IL) Vikings,,
ncaa_baseball,129702,AUR,Aurora Spartans,,
ncaa_baseball,129706,NHVN,New Haven Chargers,,
ncaa_baseball,129756,WTBG,Wartburg Knights,,
ncaa_baseball,129760,CSLA,Cal State Los Angeles Golden Eagles,,
ncaa_baseball,129762,USW,Southwest Mustangs,,
ncaa_baseball,129763,UWP,Wisconsin Platteville Pioneers,,
ncaa_baseball,129772,OCU,Oakland City Mighty Oaks,,
ncaa_baseball,129773,WSBN,Washburn Ichabods,,
ncaa_baseball,130,RICH,Richmond Spiders,,
ncaa_baseball,131,UVA,Virginia Cavaliers,,
ncaa_baseball,132,VT,Virginia Tech Hokies,,
ncaa_baseball,133,WASH,Washington Huskies,,
ncaa_baseball,134,WSU,Washington State Cougars,,
ncaa_baseball,135,MILW,Milwaukee Panthers,,
ncaa_baseball,136,WVU,West Virginia Mountaineers,,
ncaa_baseball,137,FRES,Fresno State Bulldogs,,
ncaa_baseball,138,GASO,Georgia Southern Eagles,,
ncaa_baseball,139,JAX,Jacksonville Dolphins,,
ncaa_baseball,140,ODU,Old Dominion Monarchs,,
ncaa_baseball,141,LBSU,Long Beach State Beach,,
ncaa_baseball,142,UCI,UC Irvine Anteaters,,
ncaa_baseball,143,USD,San Diego Toreros,,
ncaa_baseball,144,UL,Louisiana Ragin' Cajuns,,
ncaa_baseball,145,LAF,Lafayette Leopards,,
ncaa_baseball,146,CCU,Coastal Carolina Chanticleers,,
ncaa_baseball,147,TXST,Texas State Bobcats,,
ncaa_baseball,148,ALA,Alabama Crimson Tide,,
ncaa_baseball,149,EVAN,Evansville Purple Aces,,
ncaa_baseball,150,MSST,Mississippi State Bulldogs,,
ncaa_baseball,151,ARMY,Army Black Knights,,
ncaa_baseball,152,UNCW,UNC Wilmington Seahawks,,
ncaa_baseball,153,ILL,Illinois Fighting Illini,,
ncaa_baseball,154,ALB,UAlbany Great Danes,,
ncaa_baseball,155,AFA,Air Force Falcons,,
ncaa_baseball,156,APSU,Austin Peay Governors,,
ncaa_baseball,157,BALL,Ball State Cardinals,,
ncaa_baseball,158,BCU,Bethune-Cookman Wildcats,,
ncaa_baseball,159,CCSU,Central Connecticut Blue Devils,,
ncaa_baseball,160,UCF,UCF Knights,,
ncaa_baseball,161,CIN,Cincinnati Bearcats,,
ncaa_baseball,162,COPP,Coppin State Eagles,,
ncaa_baseball,163,FAU,Florida Atlantic Owls,,
ncaa_baseball,164,FIU,Florida International Panthers,,
ncaa_baseball,165,CSUF,Cal State Fullerton Titans,,
ncaa_baseball,166,GMU,George Mason Patriots,,
ncaa_baseball,167,IOWA,Iowa Hawkeyes,,
ncaa_baseball,168,KU,Kansas Jayhawks,,
ncaa_baseball,169,KENT,Kent State Golden Flashes,,
ncaa_baseball,170,LAM,Lamar Cardinals,,
ncaa_baseball,171,LEM,Le Moyne Dolphins,,
ncaa_baseball,172,LIB,Liberty Flames,,
ncaa_baseball,173,LT,Louisiana Tech Bulldogs,,
ncaa_baseball,174,LMU,Loyola Marymount Lions,,
ncaa_baseball,175,MRST,Marist Red Foxes,,
ncaa_baseball,176,MIA,Miami Hurricanes,,
ncaa_baseball,177,MTSU,Middle Tennessee Blue Raiders,,
ncaa_baseball,178,MONM,Monmouth Hawks,,
ncaa_baseball,179,NAVY,Navy Midshipmen,,
ncaa_baseball,180,CLT,Charlotte 49ers,,
ncaa_baseball,181,UNCG,UNC Greensboro Spartans,,
ncaa_baseball,182,UNLV,UNLV Rebels,,
ncaa_baseball,183,NEV,Nevada Wolf Pack,,
ncaa_baseball,184,UNO,LSU New Orleans Privateers,,
ncaa_baseball,185,CSUN,Cal State Northridge Matadors,,
ncaa_baseball,186,NWST,Northwestern State Demons,,
ncaa_baseball,187,PEPP,Pepperdine Waves,,
ncaa_baseball,188,PV,Prairie View A&M Panthers,,
ncaa_baseball,189,PUR,Purdue Boilermakers,,
ncaa_baseball,190,SHSU,Sam Houston Bearkats,,
ncaa_baseball,191,SEMO,Southeast Missouri State Redhawks,,
ncaa_baseball,192,USM,Southern Miss Golden Eagles,,
ncaa_baseball,193,SC,South Carolina Gamecocks,,
ncaa_baseball,194,SOU,Southern Jaguars,,
ncaa_baseball,195,SJU,St. John's Red Storm,,
ncaa_baseball,196,STBK,Stony Brook Seawolves,,
ncaa_baseball,197,MOST,Missouri State Bears,,
ncaa_baseball,198,TCU,TCU Horned Frogs,,
ncaa_baseball,199,TENN,Tennessee Volunteers,,
ncaa_baseball,200,TXSO,Texas Southern Tigers,,
ncaa_baseball,201,TTU,Texas Tech Red Raiders,,
ncaa_baseball,202,CIT,The Citadel Bulldogs,,
ncaa_baseball,203,TULN,Tulane Green Wave,,
ncaa_baseball,204,VCU,VCU Rams,,
ncaa_baseball,205,WCU,Western Carolina Catamounts,,
ncaa_baseball,206,WICH,Wichita State Shockers,,
ncaa_baseball,207,WIN,Winthrop Eagles,,
ncaa_baseball,208,WOF,Wofford Terriers,,
ncaa_baseball,209,YSU,Youngstown State Penguins,,
ncaa_baseball,259,ME,Maine Black Bears,,
ncaa_baseball,260,ALCN,Alcorn State Braves,,
ncaa_baseball,261,LR,Little Rock Trojans,,
ncaa_baseball,262,BEL,Belmont Bruins,,
ncaa_baseball,263,DBU,Dallas Baptist Patriots,,
ncaa_baseball,264,KSU,Kansas State Wildcats,,
ncaa_baseball,265,MAN,Manhattan Jaspers,,
ncaa_baseball,266,SHU,Sacred Heart Pioneers,,
ncaa_baseball,267,SF,San Francisco Dons,,
ncaa_baseball,268,HALL,Seton Hall Pirates,,
ncaa_baseball,269,TROY,Troy Trojans,,
ncaa_baseball,270,WRST,Wright State Raiders,,
ncaa_baseball,271,APP,App State Mountaineers,,
ncaa_baseball,272,ULM,UL Monroe Warhawks,,
ncaa_baseball,273,ORE,Oregon Ducks,,
ncaa_baseball,274,SAM,Samford Bulldogs,,
ncaa_baseball,284,COLU,Columbia Lions,,
ncaa_baseball,285,JKST,Jackson State Tigers,,
ncaa_baseball,286,SAV,Savannah State Tigers,,
ncaa_baseball,287,GONZ,Gonzaga Bulldogs,,
ncaa_baseball,288,ILST,Illinois State Redbirds,,
ncaa_baseball,289,W&M,William & Mary Tribe,,
ncaa_baseball,290,UCSB,UC Santa Barbara Gauchos,,
ncaa_baseball,291,FGCU,Florida Gulf Coast Eagles,,
ncaa_baseball,292,BING,Binghamton Bearcats,,
ncaa_baseball,293,CAM,Campbell Fighting Camels,,
ncaa_baseball,294,IU,Indiana Hoosiers,,
ncaa_baseball,295,MER,Mercer Bears,,
ncaa_baseball,296,UNF,North Florida Ospreys,,
ncaa_baseball,297,UTSA,UTSA Roadrunners,,
ncaa_baseball,298,CAN,Canisius Golden Griffins,,
ncaa_baseball,299,BRY,Bryant Bulldogs,,
ncaa_baseball,300,SLU,Saint Louis Billikens,,
ncaa_baseball,301,SDST,South Dakota State Jackrabbits,,
ncaa_baseball,302,VAL,Valparaiso Beacons,,
ncaa_baseball,303,ELON,Elon Phoenix,,
ncaa_baseball,304,ETSU,East Tennessee State Buccaneers,,
ncaa_baseball,305,TOW,Towson Tigers,,
ncaa_baseball,306,CARK,Central Arkansas Bears,,
ncaa_baseball,307,KENN,Kennesaw State Owls,,
ncaa_baseball,308,INST,Indiana State Sycamores,,
ncaa_baseball,309,SELA,SE Louisiana Lions,,
ncaa_baseball,310,NDSU,North Dakota State Bison,,
ncaa_baseball,311,SIE,Siena Saints,,
ncaa_baseball,312,XAV,Xavier Musketeers,,
ncaa_baseball,313,BUCK,Bucknell Bison,,
ncaa_baseball,314,SAC,Sacramento State Hornets,,
ncaa_baseball,315,ACU,Abilene Christian Wildcats,,
ncaa_baseball,316,AKR,Akron Zips,,
ncaa_baseball,317,AAMU,Alabama A&M Bulldogs,,
ncaa_baseball,318,ALST,Alabama State Hornets,,
ncaa_baseball,319,AMER,American University Eagles,,
ncaa_baseball,320,ARST,Arkansas State Red Wolves,,
ncaa_baseball,321,UAPB,Arkansas-Pine Bluff Golden Lions,,
ncaa_baseball,322,BOIS,Boise State Broncos,,
ncaa_baseball,323,BU,Boston University Terriers,,
ncaa_baseball,324,BRAD,Bradley Braves,,
ncaa_baseball,325,BUF,Buffalo Bulls,,
ncaa_baseball,326,BUT,Butler Bulldogs,,
ncaa_baseball,327,CSUB,Cal State Bakersfield Roadrunners,,
ncaa_baseball,328,CMU,Central Michigan Chippewas,,
ncaa_baseball,329,CHSO,Charleston Southern Buccaneers,,
ncaa_baseball,330,UTC,Chattanooga Mocs,,
ncaa_baseball,331,CHST,Chicago St Cougars,,
ncaa_baseball,332,CLE,Cleveland State Vikings,,
ncaa_baseball,333,COLG,Colgate Raiders,,
ncaa_baseball,334,COLO,Colorado Buffaloes,,
ncaa_baseball,335,CSU,Colorado State Rams,,
ncaa_baseball,336,COR,Cornell Big Red,,
ncaa_baseball,337,DAV,Davidson Wildcats,,
ncaa_baseball,338,DAY,Dayton Flyers,,
ncaa_baseball,339,DEL,Delaware Blue Hens,,
ncaa_baseball,340,DSU,Delaware State Hornets,,
ncaa_baseball,341,DEN,Denver Pioneers,,
ncaa_baseball,342,DEP,DePaul Blue Demons,,
ncaa_baseball,343,DETM,Detroit Mercy Titans,,
ncaa_baseball,344,DRKE,Drake Bulldogs,,
ncaa_baseball,345,DREX,Drexel Dragons,,
ncaa_baseball,346,DUQ,Duquesne Dukes,,
ncaa_baseball,347,EIU,Eastern Illinois Panthers,,
ncaa_baseball,348,EKU,Eastern Kentucky Colonels,,
ncaa_baseball,349,EMU,Eastern Michigan Eagles,,
ncaa_baseball,350,EWU,Eastern Washington Eagles,,
ncaa_baseball,351,FAIR,Fairfield Stags,,
ncaa_baseball,352,FDU,Fairleigh Dickinson Knights,,
ncaa_baseball,353,FAMU,Florida A&M Rattlers,,
ncaa_baseball,354,FOR,Fordham Rams,,
ncaa_baseball,355,FUR,Furman Paladins,,
ncaa_baseball,356,GWEB,Gardner-Webb Runnin' Bulldogs,,
ncaa_baseball,357,GTWN,Georgetown Hoyas,,
ncaa_baseball,358,GAST,Georgia State Panthers,,
ncaa_baseball,359,GRAM,Grambling Tigers,,
ncaa_baseball,360,GCU,Grand Canyon Lopes,,
ncaa_baseball,361,GB,Green Bay Phoenix,,
ncaa_baseball,362,HAMP,Hampton Pirates,,
ncaa_baseball,363,HARV,Harvard Crimson,,
ncaa_baseball,364,HPU,High Point Panthers,,
ncaa_baseball,365,HOF,Hofstra Pride,,
ncaa_baseball,366,HC,Holy Cross Crusaders,,
ncaa_baseball,367,HCU,Houston Christian Huskies,,
ncaa_baseball,368,HOW,Howard Bison,,
ncaa_baseball,369,IDHO,Idaho Vandals,,
ncaa_baseball,370,IDST,Idaho State Bengals,,
ncaa_baseball,371,UIW,Incarnate Word Cardinals,,
ncaa_baseball,372,IONA,Iona Gaels,,
ncaa_baseball,373,ISU,Iowa State Cyclones,,
ncaa_baseball,374,PFW,Purdue Fort Wayne Mastodons,,
ncaa_baseball,375,IUIN,IU Indianapolis Jaguars,,
ncaa_baseball,376,LAS,La Salle Explorers,,
ncaa_baseball,377,LEH,Lehigh Mountain Hawks,,
ncaa_baseball,378,LIP,Lipscomb Bisons,,
ncaa_baseball,379,LIU,Long Island University Sharks,,
ncaa_baseball,380,LONG,Longwood Lancers,,
ncaa_baseball,381,LUC,Loyola Chicago Ramblers,,
ncaa_baseball,382,L-MD,Loyola Maryland Greyhounds,,
ncaa_baseball,383,MARQ,Marquette Golden Eagles,,
ncaa_baseball,384,MRSH,Marshall Thundering Herd,,
ncaa_baseball,385,UMES,Maryland Eastern Shore Hawks,,
ncaa_baseball,386,MASS,Massachusetts Minutemen,,
ncaa_baseball,387,MCN,McNeese Cowboys,,
ncaa_baseball,388,MVSU,Mississippi Valley State Delta Devils,,
ncaa_baseball,389,MONT,Montana Grizzlies,,
ncaa_baseball,390,MTST,Montana State Bobcats,,
ncaa_baseball,391,MORE,Morehead State Eagles,,
ncaa_baseball,392,MORG,Morgan State Bears,,
ncaa_baseball,393,MSM,Mount St. Mary's Mountaineers,,
ncaa_baseball,394,MUR,Murray State Racers,,
ncaa_baseball,395,NJIT,NJIT Highlanders,,
ncaa_baseball,396,OMA,Omaha Mavericks,,
ncaa_baseball,397,UNH,New Hampshire Wildcats,,
ncaa_baseball,398,NIA,Niagara Purple Eagles,,
ncaa_baseball,399,NICH,Nicholls Colonels,,
ncaa_baseball,400,NORF,Norfolk State Spartans,,
ncaa_baseball,401,NCAT,North Carolina A&T Aggies,,
ncaa_baseball,402,NCCU,North Carolina Central Eagles,,
ncaa_baseball,403,UND,North Dakota Fighting Hawks,,
ncaa_baseball,404,UNT,North Texas Mean Green,,
ncaa_baseball,405,NE,Northeastern Huskies,,
ncaa_baseball,406,NAU,Northern Arizona Lumberjacks,,
ncaa_baseball,407,UNCO,Northern Colorado Bears,,
ncaa_baseball,408,NIU,Northern Illinois Huskies,,
ncaa_baseball,409,UNI,Northern Iowa Panthers,,
ncaa_baseball,410,NKU,Northern Kentucky Norse,,
ncaa_baseball,411,NU,Northwestern Wildcats,,
ncaa_baseball,412,OAK,Oakland Golden Grizzlies,,
ncaa_baseball,413,PAC,Pacific Tigers,,
ncaa_baseball,414,PSU,Penn State Nittany Lions,,
ncaa_baseball,415,PENN,Pennsylvania Quakers,,
ncaa_baseball,416,PORT,Portland Pilots,,
ncaa_baseball,417,PRST,Portland State Vikings,,
ncaa_baseball,418,PRES,Presbyterian Blue Hose,,
ncaa_baseball,419,PROV,Providence Friars,,
ncaa_baseball,420,QUIN,Quinnipiac Bobcats,,
ncaa_baseball,421,RAD,Radford Highlanders,,
ncaa_baseball,422,URI,Rhode Island Rams,,
ncaa_baseball,423,RID,Rider Broncs,,
ncaa_baseball,424,RMU,Robert Morris Colonials,,
ncaa_baseball,425,JOES,Saint Joseph's Hawks,,
ncaa_baseball,426,SMC,Saint Mary's Gaels,,
ncaa_baseball,427,SCU,Santa Clara Broncos,,
ncaa_baseball,428,SEA,Seattle U Redhawks,,
ncaa_baseball,429,SIUE,SIU Edwardsville Cougars,,
ncaa_baseball,430,SCST,South Carolina State Bulldogs,,
ncaa_baseball,431,SDAK,South Dakota Coyotes,,
ncaa_baseball,432,SIU,Southern Illinois Salukis,,
ncaa_baseball,433,SMU,SMU Mustangs,,
ncaa_baseball,434,SUU,Southern Utah Thunderbirds,,
ncaa_baseball,435,SFBK,St. Francis (BKN) Terriers,,
ncaa_baseball,436,SFPA,Saint Francis Red Flash,,
ncaa_baseball,437,SPU,Saint Peter's Peacocks,,
ncaa_baseball,438,SFA,Stephen F. Austin Lumberjacks,,
ncaa_baseball,439,SYR,Syracuse Orange,,
ncaa_baseball,440,TNST,Tennessee State Tigers,,
ncaa_baseball,441,TNTC,Tennessee Tech Golden Eagles,,
ncaa_baseball,442,UTM,UT Martin Skyhawks,,
ncaa_baseball,443,AMCC,Texas A&M-Corpus Christi Islanders,,
ncaa_baseball,444,UTPA,Texas-Pan American Broncs,,
ncaa_baseball,445,TOL,Toledo Rockets,,
ncaa_baseball,446,TLSA,Tulsa Golden Hurricane,,
ncaa_baseball,447,UAB,UAB Blazers,,
ncaa_baseball,448,UCD,UC Davis Aggies,,
ncaa_baseball,449,UML,UMass Lowell River Hawks,,
ncaa_baseball,450,UMBC,UMBC Retrievers,,
ncaa_baseball,451,KC,Kansas City Roos,,
ncaa_baseball,452,UNCA,UNC Asheville Bulldogs,,
ncaa_baseball,453,UPST,South Carolina Upstate Spartans,,
ncaa_baseball,454,USU,Utah State Aggies,,
ncaa_baseball,455,UVU,Utah Valley Wolverines,,
ncaa_baseball,456,UTEP,UTEP Miners,,
ncaa_baseball,457,UVM,Vermont Catamounts,,
ncaa_baseball,458,VILL,Villanova Wildcats,,
ncaa_baseball,459,VMI,VMI Keydets,,
ncaa_baseball,460,WAG,Wagner Seahawks,,
ncaa_baseball,461,WEB,Weber State Wildcats,,
ncaa_baseball,462,WIU,Western Illinois Leathernecks,,
ncaa_baseball,463,WMU,Western Michigan Broncos,,
ncaa_baseball,464,WIS,Wisconsin Badgers,,
ncaa_baseball,465,WYO,Wyoming Cowboys,,
ncaa_baseball,466,YALE,Yale Bulldogs,,
ncaa_baseball,55,AUB,Auburn Tigers,,
ncaa_baseball,56,BSC,Birmingham Southern Panthers,,
ncaa_baseball,57,USA,South Alabama Jaguars,,
ncaa_baseball,58,ARK,Arkansas Razorbacks,,
ncaa_baseball,59,ASU,Arizona State Sun Devils,,
ncaa_baseball,60,ARIZ,Arizona Wildcats,,
ncaa_baseball,61,CP,Cal Poly Mustangs,,
ncaa_baseball,62,SDSU,San Diego State Aztecs,,
ncaa_baseball,63,SJSU,San José State Spartans,,
ncaa_baseball,64,STAN,Stanford Cardinal,,
ncaa_baseball,65,CAL,California Golden Bears,,
ncaa_baseball,66,UCLA,UCLA Bruins,,
ncaa_baseball,67,UCR,UC Riverside Highlanders,,
ncaa_baseball,68,USC,USC Trojans,,
ncaa_baseball,69,CONN,UConn Huskies,,
ncaa_baseball,70,HART,Hartford Hawks,,
ncaa_baseball,71,GW,George Washington Revolutionaries,,
ncaa_baseball,72,FSU,Florida State Seminoles,,
ncaa_baseball,73,JXST,Jacksonville State Gamecocks,,
ncaa_baseball,74,STET,Stetson Hatters,,
ncaa_baseball,75,FLA,Florida Gators,,
ncaa_baseball,76,USF,South Florida Bulls,,
ncaa_baseball,77,GT,Georgia Tech Yellow Jackets,,
ncaa_baseball,78,UGA,Georgia Bulldogs,,
ncaa_baseball,79,HAW,Hawai'i Rainbow Warriors,,
ncaa_baseball,80,UIC,UIC Flames,,
ncaa_baseball,81,ND,Notre Dame Fighting Irish,,
ncaa_baseball,82,UK,Kentucky Wildcats,,
ncaa_baseball,821,ALMA,Alma Scots,,
ncaa_baseball,822,ANDC,Anderson (IN) Ravens,,
ncaa_baseball,823,BAC,MUSKOGEE Bacone,,
ncaa_baseball,824,BAKE,Baker University,,
ncaa_baseball,825,BAR,Barry Buccaneers,,
ncaa_baseball,826,BYKS,Bethany (KS) BETHANY (KS),,
ncaa_baseball,827,CPP,Cal Poly Pomona Broncos,,
ncaa_baseball,828,CENT,Centenary (LA) Gentlemen,,
ncaa_baseball,829,CAO,Central Missouri Mules,,
ncaa_baseball,83,LOU,Louisville Cardinals,,
ncaa_baseball,830,EMP,Emporia State Hornets,,
ncaa_baseball,831,FRN,Francis Marion Patriots,,
ncaa_baseball,832,HPU,Hawaiʻi Pacific Sea Warriors,,
ncaa_baseball,833,LEN,Lenoir Rhyne Bears,,
ncaa_baseball,834,LNC,Lincoln Lions,,
ncaa_baseball,835,LCO,Louisiana Christian Wildcats,,
ncaa_baseball,836,LUC,Lubbock Christian Chaparrals,,
ncaa_baseball,837,MCA,Mid America Christian Evangels,,
ncaa_baseball,838,NYIT,NY Institute of Technology Yellow Jackets,,
ncaa_baseball,839,NGA,North Georgia Saints,,
ncaa_baseball,84,WKU,Western Kentucky Hilltoppers,,
ncaa_baseball,840,NOR,Northwestern (IA) NORTHWESTERN COLLEGE (IA),,
ncaa_baseball,841,SSU,Salisbury Sea Gulls,,
ncaa_baseball,842,SWOS,Southwestern Oklahoma State Bulldogs,,
ncaa_baseball,843,STGR,St. Gregory Cavaliers,,
ncaa_baseball,844,SM,Saint Martin's Saints,,
ncaa_baseball,845,TAB,Tabor TABOR,,
ncaa_baseball,846,TL,Texas Lutheran Bulldogs,,
ncaa_baseball,847,HILO,Hawaiʻi Hilo Vulcans,,
ncaa_baseball,849,NK,Nebraska Kearney Lopers,,
ncaa_baseball,85,LSU,LSU Tigers,,
ncaa_baseball,850,STMN,St. Thomas Tommies,,
ncaa_baseball,851,VAL,Valdosta State Blazers,,
ncaa_baseball,852,WAY,Wayne State (NE) Wildcats,,
ncaa_baseball,853,WIL,William Woods WILLIAM WOODS,,
ncaa_baseball,86,BC,Boston College Eagles,,
ncaa_baseball,87,MD,Maryland Terrapins,,
ncaa_baseball,88,MSU,Michigan State Spartans,,
ncaa_baseball,89,MICH,Michigan Wolverines,,
ncaa_baseball,90,MINN,Minnesota Golden Gophers,,
ncaa_baseball,91,MIZ,Missouri Tigers,,
ncaa_baseball,92,MISS,Ole Miss Rebels,,
ncaa_baseball,924,TRST,Truman State Bulldogs,,
ncaa_baseball,926,LIN,Lindenwood Lions,,
ncaa_baseball,928,CRIA,Cornell (IA) Rams,,
ncaa_baseball,929,STFL,St. Thomas (FL) Bobcats,,
ncaa_baseball,93,DUKE,Duke Blue Devils,,
ncaa_baseball,932,RGV,UT Rio Grande Valley Vaqueros,,
ncaa_baseball,935,NOV,Nova Southeastern Sharks,,
ncaa_baseball,94,ECU,East Carolina Pirates,,
ncaa_baseball,95,NCSU,NC State Wolfpack,,
ncaa_baseball,96,UNC,North Carolina Tar Heels,,
ncaa_baseball,97,WAKE,Wake Forest Demon Deacons,,
ncaa_baseball,98,CREI,Creighton Bluejays,,
ncaa_baseball,99,NEB,Nebraska Cornhuskers,,
ncaa_softball,1080,KY,Louisville KY,,
ncaa_softball,1104,CBU,California Baptist Lancers,,
ncaa_softball,1106,UNA,North Alabama Lions,,
ncaa_softball,1140,CLEM,Clemson Tigers,,
ncaa_softball,1141,MRMK,Merrimack Warriors,,
ncaa_softball,1149,TAR,Tarleton State Texans,,
ncaa_softball,1150,BELL,Bellarmine Knights,,
ncaa_softball,1155,UCSD,UC San Diego Tritons,,
ncaa_softball,1188,STMN,St. Thomas Tommies,,
ncaa_softball,1192,SHST,Shawnee State Bears,,
ncaa_softball,1193,SHST,Colorado School of Mines Orediggers,,
ncaa_softball,1194,CORB,Corban,,
ncaa_softball,1237,TAMC,East Texas A&M Lions,,
ncaa_softball,1240,LIN,Lindenwood Lions,,
ncaa_softball,1241,STO,Stonehill Skyhawks,,
ncaa_softball,1251,USI,Southern Indiana Screaming Eagles,,
ncaa_softball,1254,QUC,Queens University Royals,,
ncaa_softball,1283,LE ,Le Moyne Dolphins,,
ncaa_softball,1285,WOF,Wofford Terriers,,
ncaa_softball,129696,WGA,West Georgia Wolves,,
ncaa_softball,129697,MER,Mercyhurst Lakers,,
ncaa_softball,129708,NHVN,New Haven Chargers,,
ncaa_softball,467,AUB,Auburn Tigers,,
ncaa_softball,468,BSC,Birmingham Southern Panthers,,
ncaa_softball,469,USA,South Alabama Jaguars,,
ncaa_softball,470,ARK,Arkansas Razorbacks,,
ncaa_softball,471,ASU,Arizona State Sun Devils,,
ncaa_softball,472,ARIZ,Arizona Wildcats,,
ncaa_softball,473,CP,Cal Poly Mustangs,,
ncaa_softball,474,SDSU,San Diego State Aztecs,,
ncaa_softball,475,SJSU,San José State Spartans,,
ncaa_softball,476,STAN,Stanford Cardinal,,
ncaa_softball,477,CAL,California Golden Bears,,
ncaa_softball,478,UCLA,UCLA Bruins,,
ncaa_softball,479,UCR,UC Riverside Highlanders,,
ncaa_softball,480,USC,USC Trojans,,
ncaa_softball,481,CONN,UConn Huskies,,
ncaa_softball,482,HART,Hartford Hawks,,
ncaa_softball,483,GW,George Washington Revolutionaries,,
ncaa_softball,484,FSU,Florida State Seminoles,,
ncaa_softball,485,JXST,Jacksonville State Gamecocks,,
ncaa_softball,486,STET,Stetson Hatters,,
ncaa_softball,487,FLA,Florida Gators,,
ncaa_softball,488,USF,South Florida Bulls,,
ncaa_softball,489,GT,Georgia Tech Yellow Jackets,,
ncaa_softball,490,UGA,Georgia Bulldogs,,
ncaa_softball,491,HAW,Hawai'i Rainbow Warriors,,
ncaa_softball,492,UIC,UIC Flames,,
ncaa_softball,493,ND,Notre Dame Fighting Irish,,
ncaa_softball,494,UK,Kentucky Wildcats,,
ncaa_softball,495,LOU,Louisville Cardinals,,
ncaa_softball,496,WKU,Western Kentucky Hilltoppers,,
ncaa_softball,497,LSU,LSU Tigers,,
ncaa_softball,498,BC,Boston College Eagles,,
ncaa_softball,499,MD,Maryland Terrapins,,
ncaa_softball,500,MSU,Michigan State Spartans,,
ncaa_softball,501,MICH,Michigan Wolverines,,
ncaa_softball,502,MINN,Minnesota Golden Gophers,,
ncaa_softball,503,MIZ,Missouri Tigers,,
ncaa_softball,504,MISS,Ole Miss Rebels,,
ncaa_softball,505,DUKE,Duke Blue Devils,,
ncaa_softball,506,ECU,East Carolina Pirates,,
ncaa_softball,507,NCSU,NC State Wolfpack,,
ncaa_softball,508,UNC,North Carolina Tar Heels,,
ncaa_softball,509,WAKE,Wake Forest Demon Deacons,,
ncaa_softball,510,CREI,Creighton Bluejays,,
ncaa_softball,511,NEB,Nebraska Cornhuskers,,
ncaa_softball,512,DART,Dartmouth Big Green,,
ncaa_softball,513,PRIN,Princeton Tigers,,
ncaa_softball,514,RUTG,Rutgers Scarlet Knights,,
ncaa_softball,515,NMSU,New Mexico State Aggies,,
ncaa_softball,516,UNM,New Mexico Lobos,,
ncaa_softball,517,SBU,St. Bonaventure Bonnies,,
ncaa_softball,518,BGSU,Bowling Green Falcons,,
ncaa_softball,519,M-OH,Miami (OH) RedHawks,,
ncaa_softball,520,OSU,Ohio State Buckeyes,,
ncaa_softball,521,OHIO,Ohio Bobcats,,
ncaa_softball,522,OKST,Oklahoma State Cowgirls,,
ncaa_softball,523,ORU,Oral Roberts Golden Eagles,,
ncaa_softball,524,OU,Oklahoma Sooners,,
ncaa_softball,525,ORST,Oregon State Beavers,,
ncaa_softball,526,TEM,Temple Owls,,
ncaa_softball,527,PITT,Pittsburgh Panthers,,
ncaa_softball,528,BRWN,Brown Bears,,
ncaa_softball,529,CLEM,Clemson Tigers,,
ncaa_softball,530,COFC,Charleston Cougars,,
ncaa_softball,531,MEM,Memphis Tigers,,
ncaa_softball,532,VAN,Vanderbilt Commodores,,
ncaa_softball,533,BAY,Baylor Bears,,
ncaa_softball,534,RICE,Rice Owls,,
ncaa_softball,535,TA&M,Texas A&M Aggies,,
ncaa_softball,536,HOU,Houston Cougars,,
ncaa_softball,537,UTA,UT Arlington Mavericks,,
ncaa_softball,538,TEX,Texas Longhorns,,
ncaa_softball,539,BYU,BYU Cougars,,
ncaa_softball,540,UTAH,Utah Utes,,
ncaa_softball,541,JMU,James Madison Dukes,,
ncaa_softball,542,RICH,Richmond Spiders,,
ncaa_softball,543,UVA,Virginia Cavaliers,,
ncaa_softball,544,VT,Virginia Tech Hokies,,
ncaa_softball,545,WASH,Washington Huskies,,
ncaa_softball,546,WSU,Washington State Cougars,,
ncaa_softball,547,MILW,Milwaukee Panthers,,
ncaa_softball,548,WVU,West Virginia Mountaineers,,
ncaa_softball,549,FRES,Fresno State Bulldogs,,
ncaa_softball,550,GASO,Georgia Southern Eagles,,
ncaa_softball,551,JAX,Jacksonville Dolphins,,
ncaa_softball,552,ODU,Old Dominion Monarchs,,
ncaa_softball,553,LBSU,Long Beach State 49ers,,
ncaa_softball,554,UCI,UC Irvine Anteaters,,
ncaa_softball,555,USD,San Diego Toreros,,
ncaa_softball,556,UL,Louisiana Ragin' Cajuns,,
ncaa_softball,557,LAF,Lafayette Leopards,,
ncaa_softball,558,CCU,Coastal Carolina Chanticleers,,
ncaa_softball,559,TXST,Texas State Bobcats,,
ncaa_softball,560,ALA,Alabama Crimson Tide,,
ncaa_softball,561,EVAN,Evansville Purple Aces,,
ncaa_softball,562,MSST,Mississippi State Bulldogs,,
ncaa_softball,563,ARMY,Army Black Knights,,
ncaa_softball,564,UNCW,UNC Wilmington Seahawks,,
ncaa_softball,565,ILL,Illinois Fighting Illini,,
ncaa_softball,566,ALB,UAlbany Great Danes,,
ncaa_softball,567,AF,Air Force Falcons,,
ncaa_softball,568,APSU,Austin Peay Governors,,
ncaa_softball,569,BALL,Ball State Cardinals,,
ncaa_softball,570,BCU,Bethune-Cookman Wildcats,,
ncaa_softball,571,CCSU,Central Connecticut Blue Devils,,
ncaa_softball,572,UCF,UCF Knights,,
ncaa_softball,573,CIN,Cincinnati Bearcats,,
ncaa_softball,574,COPP,Coppin State Eagles,,
ncaa_softball,575,FAU,Florida Atlantic Owls,,
ncaa_softball,576,FIU,Florida International Panthers,,
ncaa_softball,577,CSUF,Cal State Fullerton Titans,,
ncaa_softball,578,GMU,George Mason Patriots,,
ncaa_softball,579,IOWA,Iowa Hawkeyes,,
ncaa_softball,580,KU,Kansas Jayhawks,,
ncaa_softball,581,KENT,Kent State Golden Flashes,,
ncaa_softball,582,LAM,Lamar Cardinals,,
ncaa_softball,583,LEM,Le Moyne Dolphins,,
ncaa_softball,584,LIB,Liberty Flames,,
ncaa_softball,585,LT,Louisiana Tech Bulldogs,,
ncaa_softball,586,LMU,Loyola Marymount Lions,,
ncaa_softball,587,MRST,Marist Red Foxes,,
ncaa_softball,588,MIA,Miami (FL) Hurricanes,,
ncaa_softball,589,MTSU,Middle Tennessee Blue Raiders,,
ncaa_softball,590,MONM,Monmouth Hawks,,
ncaa_softball,591,NAVY,Navy Midshipmen,,
ncaa_softball,592,CLT,Charlotte 49ers,,
ncaa_softball,593,UNCG,UNC Greensboro Spartans,,
ncaa_softball,594,UNLV,UNLV Rebels,,
ncaa_softball,595,NEV,Nevada Wolf Pack,,
ncaa_softball,596,UNO,New Orleans Privateers,,
ncaa_softball,597,CSUN,Cal State Northridge Matadors,,
ncaa_softball,598,NWST,Northwestern State Demons,,
ncaa_softball,599,PEPP,Pepperdine Waves,,
ncaa_softball,600,PV,Prairie View A&M Lady Panthers,,
ncaa_softball,601,PUR,Purdue Boilermakers,,
ncaa_softball,602,SHSU,Sam Houston Bearkats,,
ncaa_softball,603,SEMO,Southeast Missouri State Redhawks,,
ncaa_softball,604,USM,Southern Miss Golden Eagles,,
ncaa_softball,605,SC,South Carolina Gamecocks,,
ncaa_softball,606,SOU,Southern Jaguars,,
ncaa_softball,607,SJU,St. John's Red Storm,,
ncaa_softball,608,STBK,Stony Brook Seawolves,,
ncaa_softball,609,MOST,Missouri State Bears,,
ncaa_softball,610,TCU,TCU Horned Frogs,,
ncaa_softball,611,TENN,Tennessee Lady Volunteers,,
ncaa_softball,612,TXSO,Texas Southern Tigers,,
ncaa_softball,613,TTU,Texas Tech Red Raiders,,
ncaa_softball,614,CIT,The Citadel Bulldogs,,
ncaa_softball,615,TULN,Tulane Green Wave,,
ncaa_softball,616,VCU,Virginia Commonwealth Rams,,
ncaa_softball,617,WCU,Western Carolina Catamounts,,
ncaa_softball,618,WICH,Wichita State Shockers,,
ncaa_softball,619,WIN,Winthrop Eagles,,
ncaa_softball,620,WOF,Wofford Terriers,,
ncaa_softball,621,YSU,Youngstown State Penguins,,
ncaa_softball,622,ME,Maine Black Bears,,
ncaa_softball,623,ALCN,Alcorn State Braves,,
ncaa_softball,624,LR,Little Rock Trojans,,
ncaa_softball,625,BEL,Belmont Bruins,,
ncaa_softball,626,DBU,Dallas Baptist Patriots,,
ncaa_softball,627,KSU,Kansas State Wildcats,,
ncaa_softball,628,MAN,Manhattan Jaspers,,
ncaa_softball,629,SHU,Sacred Heart Pioneers,,
ncaa_softball,630,SF,San Francisco Dons,,
ncaa_softball,631,HALL,Seton Hall Pirates,,
ncaa_softball,632,TROY,Troy Trojans,,
ncaa_softball,633,WRST,Wright State Raiders,,
ncaa_softball,634,APP,App State Mountaineers,,
ncaa_softball,635,ULM,UL Monroe Warhawks,,
ncaa_softball,636,ORE,Oregon Ducks,,
ncaa_softball,637,SAM,Samford Bulldogs,,
ncaa_softball,638,COLU,Columbia Lions,,
ncaa_softball,639,JKST,Jackson State Tigers,,
ncaa_softball,640,SAV,Savannah State Tigers,,
ncaa_softball,641,GONZ,Gonzaga Bulldogs,,
ncaa_softball,642,ILST,Illinois State Redbirds,,
ncaa_softball,643,WMMY,William & Mary Tribe,,
ncaa_softball,644,UCSB,UC Santa Barbara Gauchos,,
ncaa_softball,645,FGCU,Florida Gulf Coast Eagles,,
ncaa_softball,646,BING,Binghamton Bearcats,,
ncaa_softball,647,CAM,Campbell Fighting Camels,,
ncaa_softball,648,IU,Indiana Hoosiers,,
ncaa_softball,649,MER,Mercer Bears,,
ncaa_softball,650,UNF,North Florida Ospreys,,
ncaa_softball,651,UTSA,UTSA Roadrunners,,
ncaa_softball,652,CAN,Canisius Golden Griffins,,
ncaa_softball,653,BRY,Bryant Bulldogs,,
ncaa_softball,654,SLU,Saint Louis Billikens,,
ncaa_softball,655,SDST,South Dakota State Jackrabbits,,
ncaa_softball,656,VAL,Valparaiso VALPARAISO,,
ncaa_softball,657,ELON,Elon Phoenix,,
ncaa_softball,658,ETSU,East Tennessee State Buccaneers,,
ncaa_softball,659,TOW,Towson Tigers,,
ncaa_softball,660,CARK,Central Arkansas Bears,,
ncaa_softball,661,KENN,Kennesaw State Owls,,
ncaa_softball,662,INST,Indiana State Sycamores,,
ncaa_softball,663,SELA,SE Louisiana Lions,,
ncaa_softball,664,NDSU,North Dakota State Bison,,
ncaa_softball,665,SIE,Siena Saints,,
ncaa_softball,666,XU,Xavier Musketeers,,
ncaa_softball,667,BUCK,Bucknell Bison,,
ncaa_softball,668,SAC,Sacramento State Hornets,,
ncaa_softball,669,ACU,Abilene Christian Wildcats,,
ncaa_softball,670,AKR,Akron Zips,,
ncaa_softball,671,AAMU,Alabama A&M Bulldogs,,
ncaa_softball,672,ALST,Alabama State Hornets,,
ncaa_softball,673,AMER,American University Eagles,,
ncaa_softball,674,ARST,Arkansas State Red Wolves,,
ncaa_softball,675,UAPB,Arkansas-Pine Bluff Golden Lions,,
ncaa_softball,676,BOIS,Boise State Broncos,,
ncaa_softball,677,BU,Boston University Terriers,,
ncaa_softball,678,BRAD,Bradley Braves,,
ncaa_softball,679,BUFF,Buffalo Bulls,,
ncaa_softball,680,BUT,Butler Bulldogs,,
ncaa_softball,681,CSUB,Cal State Bakersfield Roadrunners,,
ncaa_softball,682,CMU,Central Michigan Chippewas,,
ncaa_softball,683,CHSO,Charleston Southern Buccaneers,,
ncaa_softball,684,UTC,Chattanooga Mocs,,
ncaa_softball,685,CHIC,Chicago State Cougars,,
ncaa_softball,686,CLEV,Cleveland State Vikings,,
ncaa_softball,687,COLG,Colgate Raiders,,
ncaa_softball,688,COLO,Colorado Buffaloes,,
ncaa_softball,689,CSU,Colorado State Rams,,
ncaa_softball,690,COR,Cornell Big Red,,
ncaa_softball,691,DAV,Davidson Wildcats,,
ncaa_softball,692,DAY,Dayton Flyers,,
ncaa_softball,693,DEL,Delaware Blue Hens,,
ncaa_softball,694,DSU,Delaware State Hornets,,
ncaa_softball,695,DEN,Denver Pioneers,,
ncaa_softball,696,DEP,DePaul Blue Demons,,
ncaa_softball,697,DETM,Detroit Mercy Titans,,
ncaa_softball,698,DRKE,Drake Bulldogs,,
ncaa_softball,699,DREX,Drexel Dragons,,
ncaa_softball,700,DUQ,Duquesne Dukes,,
ncaa_softball,701,EIU,Eastern Illinois Panthers,,
ncaa_softball,702,EKU,Eastern Kentucky Colonels,,
ncaa_softball,703,EMU,Eastern Michigan Eagles,,
ncaa_softball,704,EWU,Eastern Washington Eagles,,
ncaa_softball,705,FAIR,Fairfield Stags,,
ncaa_softball,706,FDU,Fairleigh Dickinson Knights,,
ncaa_softball,707,FAMU,Florida A&M Rattlers,,
ncaa_softball,708,FOR,Fordham Rams,,
ncaa_softball,709,FUR,Furman Paladins,,
ncaa_softball,710,GWEB,Gardner-Webb Runnin' Bulldogs,,
ncaa_softball,711,GTWN,Georgetown Hoyas,,
ncaa_softball,712,GAST,Georgia State Panthers,,
ncaa_softball,713,GRAM,Grambling Tigers,,
ncaa_softball,714,GCU,Grand Canyon Lopes,,
ncaa_softball,715,GB,Green Bay Phoenix,,
ncaa_softball,716,HAMP,Hampton Pirates,,
ncaa_softball,717,HARV,Harvard Crimson,,
ncaa_softball,718,HP,High Point Panthers,,
ncaa_softball,719,HOF,Hofstra Pride,,
ncaa_softball,720,HC,Holy Cross Crusaders,,
ncaa_softball,721,HCU,Houston Christian Huskies,,
ncaa_softball,722,HOW,Howard Bison,,
ncaa_softball,723,IDHO,Idaho Vandals,,
ncaa_softball,724,IDST,Idaho State Bengals,,
ncaa_softball,725,UIW,Incarnate Word Cardinals,,
ncaa_softball,726,IONA,Iona Gaels,,
ncaa_softball,727,ISU,Iowa State Cyclones,,
ncaa_softball,728,PFW,Purdue Fort Wayne Mastodons,,
ncaa_softball,729,IUIN,IU Indianapolis Jaguars,,
ncaa_softball,730,LAS,La Salle Explorers,,
ncaa_softball,731,LEH,Lehigh Mountain Hawks,,
ncaa_softball,732,LIP,Lipscomb Bisons,,
ncaa_softball,733,LIU,Long Island University Sharks,,
ncaa_softball,734,LONG,Longwood Lancers,,
ncaa_softball,735,LUC,Loyola Chicago Ramblers,,
ncaa_softball,736,L-MD,Loyola Maryland Greyhounds,,
ncaa_softball,737,MARQ,Marquette Golden Eagles,,
ncaa_softball,738,MRSH,Marshall Thundering Herd,,
ncaa_softball,739,UMES,Maryland Eastern Shore Hawks,,
ncaa_softball,740,MASS,Massachusetts Minutemen,,
ncaa_softball,741,MCN,McNeese Cowgirls,,
ncaa_softball,742,MVSU,Mississippi Valley State Delta Devils,,
ncaa_softball,743,MONT,Montana Grizzlies,,
ncaa_softball,744,MTST,Montana State Bobcats,,
ncaa_softball,745,MORE,Morehead State Eagles,,
ncaa_softball,746,MORG,Morgan State Bears,,
ncaa_softball,747,MSM,Mount St. Mary's Mountaineers,,
ncaa_softball,748,MUR,Murray State Racers,,
ncaa_softball,749,NJIT,NJIT Highlanders,,
ncaa_softball,750,OMA,Omaha Mavericks,,
ncaa_softball,751,UNH,New Hampshire Wildcats,,
ncaa_softball,752,NIA,Niagara Purple Eagles,,
ncaa_softball,753,NICH,Nicholls Colonels,,
ncaa_softball,754,NORF,Norfolk State Spartans,,
ncaa_softball,755,NCAT,North Carolina A&T Aggies,,
ncaa_softball,756,NCCU,North Carolina Central Eagles,,
ncaa_softball,757,UND,North Dakota Fighting Hawks,,
ncaa_softball,758,UNT,North Texas Mean Green,,
ncaa_softball,759,NE,Northeastern Huskies,,
ncaa_softball,760,NAU,Northern Arizona Lumberjacks,,
ncaa_softball,761,UNCO,Northern Colorado Bears,,
ncaa_softball,762,NIU,Northern Illinois Huskies,,
ncaa_softball,763,UNI,Northern Iowa Panthers,,
ncaa_softball,764,NKU,Northern Kentucky Norse,,
ncaa_softball,765,NU,Northwestern Wildcats,,
ncaa_softball,766,OAK,Oakland Golden Grizzlies,,
ncaa_softball,767,PAC,Pacific Tigers,,
ncaa_softball,768,PSU,Penn State Nittany Lions,,
ncaa_softball,769,PENN,Pennsylvania Quakers,,
ncaa_softball,770,PORT,Portland Pilots,,
ncaa_softball,771,PRST,Portland State Vikings,,
ncaa_softball,772,PRES,Presbyterian Blue Hose,,
ncaa_softball,773,PROV,Providence Friars,,
ncaa_softball,774,QUIN,Quinnipiac Bobcats,,
ncaa_softball,775,RAD,Radford Highlanders,,
ncaa_softball,776,URI,Rhode Island Rams,,
ncaa_softball,777,RID,Rider Broncs,,
ncaa_softball,778,RMU,Robert Morris Colonials,,
ncaa_softball,779,JOES,Saint Joseph's Hawks,,
ncaa_softball,780,SMC,Saint Mary's Gaels,,
ncaa_softball,781,SCU,Santa Clara Broncos,,
ncaa_softball,782,SEA,Seattle U Redhawks,,
ncaa_softball,783,SIUE,SIU Edwardsville Cougars,,
ncaa_softball,784,SCST,South Carolina State Bulldogs,,
ncaa_softball,785,SDAK,South Dakota Coyotes,,
ncaa_softball,786,SIU,Southern Illinois Salukis,,
ncaa_softball,787,SMU,SMU Mustangs,,
ncaa_softball,788,SUU,Southern Utah Thunderbirds,,
ncaa_softball,789,SFBK,St. Francis Brooklyn Terriers,,
ncaa_softball,790,SFPA,Saint Francis Red Flash,,
ncaa_softball,791,SPU,Saint Peter's Peacocks,,
ncaa_softball,792,SFA,Stephen F. Austin Lumberjacks,,
ncaa_softball,793,SYR,Syracuse Orange,,
ncaa_softball,794,TNST,Tennessee State Tigers,,
ncaa_softball,795,TNTC,Tennessee Tech Golden Eagles,,
ncaa_softball,796,UTM,UT Martin Skyhawks,,
ncaa_softball,797,AMCC,Texas A&M-Corpus Christi Islanders,,
ncaa_softball,798,UTPA,Texas-Pan American Broncs,,
ncaa_softball,799,TOL,Toledo Rockets,,
ncaa_softball,800,TLSA,Tulsa Golden Hurricane,,
ncaa_softball,801,UAB,UAB Blazers,,
ncaa_softball,802,UCD,UC Davis Aggies,,
ncaa_softball,803,UML,UMass Lowell River Hawks,,
ncaa_softball,804,UMBC,UMBC Retrievers,,
ncaa_softball,805,KC,Kansas City Kangaroos,,
ncaa_softball,806,UNCA,UNC Asheville Bulldogs,,
ncaa_softball,807,UPST,South Carolina Upstate Spartans,,
ncaa_softball,808,USU,Utah State Aggies,,
ncaa_softball,809,UVU,Utah Valley Wolverines,,
ncaa_softball,810,UTEP,UTEP Miners,,
ncaa_softball,811,UVM,Vermont Catamounts,,
ncaa_softball,812,VILL,Villanova Wildcats,,
ncaa_softball,813,VMI,Virginia Military Keydets,,
ncaa_softball,814,WAG,Wagner Seahawks,,
ncaa_softball,815,WEB,Weber State Wildcats,,
ncaa_softball,816,WIU,Western Illinois Leathernecks,,
ncaa_softball,817,WMU,Western Michigan Broncos,,
ncaa_softball,818,WIS,Wisconsin Badgers,,
ncaa_softball,819,WYO,Wyoming Cowboys,,
ncaa_softball,820,YALE,Yale Bulldogs,,
ncaa_softball,854,BAC,Bacone,,
ncaa_softball,855,CENT,Centenary (LA) Gentlemen,,
ncaa_softball,856,LOU,Louisiana Christian Wildcats,,
ncaa_softball,857,NEKR,Nebraska Kearney Lopers,,
ncaa_softball,859,STGR,St. Gregory Cavaliers,,
ncaa_softball,860,AH,Alabama Huntsville Chargers,,
ncaa_softball,861,ALBS,Albany State Golden Rams,,
ncaa_softball,862,ASH,CLINTON Ashford,,
ncaa_softball,863,AUS,Austin 'Roos,,
ncaa_softball,864,BHN,Belhaven Blazers,,
ncaa_softball,865,BEN,Benedict Tigers,,
ncaa_softball,866,BET,Bethel (TN) Wildcats,,
ncaa_softball,867,BRE,Brewton Parker Wildcats,,
ncaa_softball,868,CAB,Cabrini Cavaliers,,
ncaa_softball,869,CAM,Campbellsville Tigers,,
ncaa_softball,870,CAS,Case Western Reserve Spartans,,
ncaa_softball,871,CEN,Central Baptist Mustangs,,
ncaa_softball,872,CME,Central Methodist Eagles,,
ncaa_softball,873,CEN,Centre Colonels,,
ncaa_softball,874,CHR,Christian Brothers Buccaneers,,
ncaa_softball,875,CLA,Claflin Panthers,,
ncaa_softball,876,CLA,Clark Atlanta Panthers,,
ncaa_softball,877,UNI,Colorado Colorado Springs Mountain Lions,,
ncaa_softball,878,COL,Columbia (SC) COLUMBIA COLLEGE,,
ncaa_softball,879,COPI,Copiah-Lincoln CC Lady Wolves,,
ncaa_softball,880,DEL,Delta State Statesmen,,
ncaa_softball,881,UTU,Utah Tech Trailblazers,,
ncaa_softball,882,ELI,Elizabeth City State Vikings,,
ncaa_softball,883,GOL,Goldey Beacom GOLDEY-BEACOM,,
ncaa_softball,884,HOU,Texas A&M-Victoria HOUSTON-VICTORIA,,
ncaa_softball,885,HUS,Huston Tillotson Rams,,
ncaa_softball,886,ITH,Ithaca Bombers,,
ncaa_softball,887,KEN,Kentucky State Thorobreds,,
ncaa_softball,888,LAN,Lander Senators,,
ncaa_softball,889,LAN,Langston Lions,,
ncaa_softball,890,LSU,LSU Alexandria LSU ALEXANDRIA,,
ncaa_softball,891,MAS,MCLA Mohawks,,
ncaa_softball,892,MID,Midwestern State Mustangs,,
ncaa_softball,893,MIL,Miles Golden Bears,,
ncaa_softball,894,MSU,Minnesota State Mavericks,,
ncaa_softball,895,MSA,Missouri S&T Miners,,
ncaa_softball,896,MW,Missouri Western Griffons,,
ncaa_softball,898,OKL,Oklahoma Baptist Bison,,
ncaa_softball,899,OKL,Oklahoma Christian OKLAHOMA CHRISTIAN,,
ncaa_softball,900,OC,Oklahoma City Okies,,
ncaa_softball,901,OUA,Ouachita Baptist Tigers,,
ncaa_softball,902,OUR,Our Lady of the Lake Saints,,
ncaa_softball,903,PER,Peru State PERU STATE,,
ncaa_softball,904,SAL,Salem State Vikings,,
ncaa_softball,905,SIMF,Simon Fraser Red Leafs,,
ncaa_softball,906,SIM,Simpson (CA) Red Hawks,,
ncaa_softball,907,SIO,Sioux Falls Cougars,,
ncaa_softball,908,SIUC,SIU Carbondale,,
ncaa_softball,909,SOU,Southeastern Fire,,
ncaa_softball,910,SPAR,Spartanburg Methodist,,
ncaa_softball,911,SPR,Spring Hill Badgers,,
ncaa_softball,912,SAI,St. Mary's (TX) Rattlers,,
ncaa_softball,913,STI,Stillman Tigers,,
ncaa_softball,914,TUSA,Team USA,,
ncaa_softball,915,TEX,Texas College Steers,,
ncaa_softball,916,TRE,Trevecca Nazarene Trojans,,
ncaa_softball,917,TEX,Texas Woman's Pioneers,,
ncaa_softball,918,GRE,Providence (MT) Argonauts,,
ncaa_softball,919,VIR,Virginia Union Panthers,,
ncaa_softball,920,WIL,William Carey Crusaders,,
ncaa_softball,921,WP,William Penn Statesmen,,
ncaa_softball,922,WBL,Winston-Salem State Rams,,
ncaa_softball,923,WIRF,Wisconsin River Falls Falcons,,
ufl,112646,DC,D.C. Defenders,2024,2025
ufl,112646,DC,DC Defenders,2026,2026
ufl,112647,ARL,Arlington Renegades,2024,2025
ufl,112647,DAL,Dallas Renegades,2026,2026
ufl,112651,STL,St. Louis Battlehawks,2024,2026
ufl,125957,MIC,Michigan Panthers,2024,2025
ufl,126073,BHAM,Birmingham Stallions,2026,2026
ufl,126073,BIR,Birmingham Stallions,2024,2025
ufl,126075,HOU,Houston Gamblers,2026,2026
ufl,126075,HOU,Houston Roughnecks,2024,2025
ufl,126746,SA,San Antonio Brahmas,2024,2025
ufl,129043,MEM,Memphis Showboats,2024,2025
ufl,132261,CLB,Columbus Aviators,2026,2026
ufl,132262,LOU,Louisville Kings,2026,2026
ufl,132263,ORL,Orlando Storm,2026,2026
xfl,112646,DC,D.C. Defenders,2023,2023
xfl,112646,DC,DC Defenders,2020,2020
xfl,112647,ARL,Arlington Renegades,2023,2023
xfl,112647,DAL,Dallas Renegades,2020,2020
xfl,112648,HOU,Houston Roughnecks,2020,2023
xfl,112649,LA,Los Angeles Wildcats,2020,2020
xfl,112650,NY,New York Guardians,2020,2020
xfl,112651,STL,St. Louis BattleHawks,2020,2020
xfl,112651,STL,St. Louis Battlehawks,2023,2023
xfl,112652,SEA,Seattle Dragons,2020,2020
xfl,112652,SEA,Seattle Sea Dragons,2023,2023
xfl,112653,TB,Tampa Bay Vipers,2020,2020
xfl,126746,SA,San Antonio Brahmas,2023,2023
xfl,126747,VGS,Vegas Vipers,2023,2023
xfl,126748,ORL,Orlando Guardians,2023,2023
