league,team_id,season,conference_id,conference
cfb,101,2026,cfb:nacc,Northern Athletics Collegiate Conference
cfb,101161,2026,cfb:southern-collegiate-athletic,Southern Collegiate Athletic Conference
cfb,101442,2026,cfb:southern-collegiate-athletic,Southern Collegiate Athletic Conference
cfb,101784,2026,cfb:carolinas,Conference Carolinas
cfb,103,2026,cfb:acc,Atlantic Coast Conference
cfb,107,2026,cfb:patriot,Patriot League
cfb,108,2026,cfb:ivy,Ivy League
cfb,109,2026,cfb:newmac,New England Women's and Men's Athletic Conference
cfb,109418,2026,cfb:upper-midwest,Upper Midwest
cfb,11,2026,cfb:rocky-mountain,Rocky Mountain
cfb,110,2026,cfb:mscac,Massachusetts State Collegiate Athletic Conference
cfb,110242,2026,cfb:uac,United Athletic Conference
cfb,110243,2026,cfb:lone-star,Lone Star
cfb,110254,2026,cfb:gliac,GLIAC
cfb,110438,2026,cfb:mscac,Massachusetts State Collegiate Athletic Conference
cfb,111,2009,cfb:caa,Colonial Athletic Association
cfb,111674,2026,cfb:mid-atlantic,Middle Atlantic Conference
cfb,111675,2026,cfb:commonwealth-coast,Commonwealth Coast Conference
cfb,112,2026,cfb:nescac,NESCAC
cfb,112334,2026,cfb:northeast-10,Northeast 10
cfb,112335,2026,cfb:mountain-east,Mountain East Conference
cfb,113,2026,cfb:mac,Mid-American Conference
cfb,114,2026,cfb:mscac,Massachusetts State Collegiate Athletic Conference
cfb,118,2026,cfb:centennial,Centennial
cfb,119,2026,cfb:caa,Coastal Athletic Association
cfb,12,2026,cfb:big-12,Big 12 Conference
cfb,120,2026,cfb:big-ten,Big Ten Conference
cfb,121,2026,cfb:nescac,NESCAC
cfb,122666,2026,cfb:carolinas,Conference Carolinas
cfb,122774,2026,cfb:d3-independents,Independent DIII
cfb,124,2026,cfb:minnesota,Minnesota
cfb,124179,2026,cfb:d2-independents,Independent DII
cfb,124180,2026,cfb:ciaa,CIAA
cfb,125,2026,cfb:gliac,GLIAC
cfb,125974,2026,cfb:empire-8,Empire 8
cfb,126,2026,cfb:michigan,Michigan
cfb,126086,2026,cfb:northeast-10,Northeast 10
cfb,127,2026,cfb:big-ten,Big Ten Conference
cfb,127954,2026,cfb:mid-atlantic,Middle Atlantic Conference
cfb,127991,2026,cfb:gliac,GLIAC
cfb,128,2026,cfb:gliac,GLIAC
cfb,129,2026,cfb:gliac,GLIAC
cfb,129469,2026,cfb:south-atlantic,South Atlantic
cfb,129738,2026,cfb:michigan,Michigan
cfb,13,2026,cfb:big-sky,Big Sky Conference
cfb,130,2026,cfb:big-ten,Big Ten Conference
cfb,131,2026,cfb:gliac,GLIAC
cfb,132,2026,cfb:northern-sun,Northern Sun
cfb,133,2026,cfb:minnesota,Minnesota
cfb,134,2026,cfb:northern-sun,Northern Sun
cfb,135,2026,cfb:big-ten,Big Ten Conference
cfb,137,2026,cfb:mid-america,Mid America
cfb,138,2026,cfb:mid-america,Mid America
cfb,142,2026,cfb:sec,Southeastern Conference
cfb,143,2026,cfb:north-coast,North Coast
cfb,145,2026,cfb:sec,Southeastern Conference
cfb,146,2026,cfb:presidents,Presidents'
cfb,147,2026,cfb:big-sky,Big Sky Conference
cfb,149,2026,cfb:big-sky,Big Sky Conference
cfb,15,2025,cfb:mscac,Massachusetts State Collegiate Athletic Conference
cfb,150,2026,cfb:acc,Atlantic Coast Conference
cfb,151,2026,cfb:american,American Conference
cfb,152,2026,cfb:acc,Atlantic Coast Conference
cfb,153,2026,cfb:acc,Atlantic Coast Conference
cfb,154,2026,cfb:acc,Atlantic Coast Conference
cfb,155,2026,cfb:mvfc,Missouri Valley Football Conference
cfb,158,2026,cfb:big-ten,Big Ten Conference
cfb,159,2026,cfb:ivy,Ivy League
cfb,16,2026,cfb:mac,Mid-American Conference
cfb,160,2026,cfb:caa,Coastal Athletic Association
cfb,162,2026,cfb:minnesota,Minnesota
cfb,163,2026,cfb:ivy,Ivy League
cfb,164,2026,cfb:big-ten,Big Ten Conference
cfb,166,2026,cfb:cusa,Conference USA
cfb,167,2026,cfb:mountain-west,Mountain West Conference
cfb,17,2026,cfb:sciac,So. Cal.
cfb,171,2026,cfb:ivy,Ivy League
cfb,172,2026,cfb:ivy,Ivy League
cfb,173,2026,cfb:empire-8,Empire 8
cfb,174,2026,cfb:liberty-league,Liberty League
cfb,175,2026,cfb:liberty-league,Liberty League
cfb,18,2026,cfb:mscac,Massachusetts State Collegiate Athletic Conference
cfb,183,2026,cfb:acc,Atlantic Coast Conference
cfb,184,2026,cfb:liberty-league,Liberty League
cfb,188,2026,cfb:ohio,Ohio
cfb,189,2026,cfb:mac,Mid-American Conference
cfb,190,2023,cfb:heartland,Heartland
cfb,191,2026,cfb:ohio,Ohio
cfb,193,2026,cfb:mac,Mid-American Conference
cfb,194,2026,cfb:big-ten,Big Ten Conference
cfb,195,2026,cfb:mac,Mid-American Conference
cfb,196,2026,cfb:d2-independents,Independent DII
cfb,197,2026,cfb:big-12,Big 12 Conference
cfb,199,2026,cfb:great-american,Great American Conference
cfb,2,2026,cfb:sec,Southeastern Conference
cfb,200,2026,cfb:great-american,Great American Conference
cfb,2000,2026,cfb:uac,United Athletic Conference
cfb,2001,2026,cfb:rocky-mountain,Rocky Mountain
cfb,2003,2026,cfb:michigan,Michigan
cfb,2005,2026,cfb:mountain-west,Mountain West Conference
cfb,2006,2026,cfb:mac,Mid-American Conference
cfb,201,2026,cfb:sec,Southeastern Conference
cfb,2010,2026,cfb:swac,Southwestern Athletic Conference
cfb,2011,2026,cfb:swac,Southwestern Athletic Conference
cfb,2013,2026,cfb:siac,SIAC
cfb,2015,2026,cfb:mid-atlantic,Middle Atlantic Conference
cfb,2016,2026,cfb:swac,Southwestern Athletic Conference
cfb,2017,2026,cfb:mountain-east,Mountain East Conference
cfb,2018,2026,cfb:presidents,Presidents'
cfb,2019,2026,cfb:siac,SIAC
cfb,202,2026,cfb:american,American Conference
cfb,2022,2026,cfb:northeast-10,Northeast 10
cfb,2023,2026,cfb:heartland,Heartland
cfb,2025,2026,cfb:lone-star,Lone Star
cfb,2026,2026,cfb:sun-belt,Sun Belt Conference
cfb,2028,2026,cfb:great-american,Great American Conference
cfb,2029,2026,cfb:swac,Southwestern Athletic Conference
cfb,203,2026,cfb:northwest,Northwest
cfb,2032,2026,cfb:sun-belt,Sun Belt Conference
cfb,2033,2026,cfb:great-american,Great American Conference
cfb,2038,2026,cfb:northeast-10,Northeast 10
cfb,204,2026,cfb:pac-12,Pac-12 Conference
cfb,2042,2026,cfb:cciw,CCIW
cfb,2043,2026,cfb:northern-sun,Northern Sun
cfb,2044,2026,cfb:nacc,Northern Athletics Collegiate Conference
cfb,2045,2026,cfb:southern-collegiate-athletic,Southern Collegiate Athletic Conference
cfb,2046,2026,cfb:uac,United Athletic Conference
cfb,2047,2026,cfb:old-dominion,Old Dominion
cfb,2049,2026,cfb:sciac,So. Cal.
cfb,205,2026,cfb:northwest,Northwest
cfb,2050,2026,cfb:mac,Mid-American Conference
cfb,2056,2026,cfb:usa-south,USA South
cfb,2060,2026,cfb:northeast-10,Northeast 10
cfb,2062,2026,cfb:presidents,Presidents'
cfb,2065,2026,cfb:swac,Southwestern Athletic Conference
cfb,2069,2026,cfb:rocky-mountain,Rocky Mountain
cfb,2071,2026,cfb:pennsylvania-state-athletic,Pennsylvania State Athletic Conference
cfb,2074,2026,cfb:heartland,Heartland
cfb,2075,2026,cfb:ciaa,CIAA
cfb,2079,2026,cfb:old-dominion,Old Dominion
cfb,2083,2026,cfb:patriot,Patriot League
cfb,2084,2026,cfb:mac,Mid-American Conference
cfb,2085,2026,cfb:liberty-league,Liberty League
cfb,2086,2026,cfb:pioneer,Pioneer Football League
cfb,2089,2018,cfb:northeast-10,Northeast 10
cfb,209,2026,cfb:pennsylvania-state-athletic,Pennsylvania State Athletic Conference
cfb,2094,2026,cfb:sciac,So. Cal.
cfb,2097,2026,cfb:caa,Coastal Athletic Association
cfb,21,2026,cfb:pac-12,Pac-12 Conference
cfb,210,2026,cfb:pennsylvania-state-athletic,Pennsylvania State Athletic Conference
cfb,2101,2026,cfb:minnesota,Minnesota
cfb,2102,2026,cfb:presidents,Presidents'
cfb,2105,2026,cfb:south-atlantic,South Atlantic
cfb,2106,2026,cfb:cciw,CCIW
cfb,2107,2026,cfb:south-atlantic,South Atlantic
cfb,2108,2026,cfb:landmark-conference,Landmark Conference
cfb,2110,2026,cfb:uac,United Athletic Conference
cfb,2115,2026,cfb:nec,Northeast Conference
cfb,2116,2026,cfb:big-12,Big 12 Conference
cfb,2117,2026,cfb:mac,Mid-American Conference
cfb,2118,2026,cfb:mid-america,Mid America
cfb,2119,2026,cfb:siac,SIAC
cfb,2120,2026,cfb:lone-star,Lone Star
cfb,2121,2026,cfb:southern-athletic,Southern Athletic Association
cfb,2122,2026,cfb:mid-america,Mid America
cfb,2123,2026,cfb:rocky-mountain,Rocky Mountain
cfb,2127,2026,cfb:ovc,Ohio Valley Conference
cfb,2128,2026,cfb:mountain-east,Mountain East Conference
cfb,2129,2026,cfb:pennsylvania-state-athletic,Pennsylvania State Athletic Conference
cfb,213,2026,cfb:big-ten,Big Ten Conference
cfb,2130,2026,cfb:fcs-independents,FCS Independents
cfb,2132,2026,cfb:big-12,Big 12 Conference
cfb,2134,2026,cfb:pennsylvania-state-athletic,Pennsylvania State Athletic Conference
cfb,2141,2026,cfb:american-rivers,American Rivers Conference
cfb,2142,2026,cfb:patriot,Patriot League
cfb,2144,1945,cfb:fbs-independents,Independents
cfb,2146,2026,cfb:rocky-mountain,Rocky Mountain
cfb,2148,2026,cfb:mountain-east,Mountain East Conference
cfb,215,2026,cfb:pennsylvania-state-athletic,Pennsylvania State Athletic Conference
cfb,2151,2026,cfb:nacc,Northern Athletics Collegiate Conference
cfb,2152,2026,cfb:minnesota,Minnesota
cfb,2155,2026,cfb:midwest,Midwest
cfb,216,2026,cfb:landmark-conference,Landmark Conference
cfb,2161,1905,cfb:fbs-independents,Independents
cfb,2166,2026,cfb:pioneer,Pioneer Football League
cfb,2168,2026,cfb:pioneer,Pioneer Football League
cfb,2169,2026,cfb:meac,Mid-Eastern Athletic Conference
cfb,2170,2026,cfb:gulf-south,Gulf South
cfb,2171,2026,cfb:north-coast,North Coast
cfb,2175,2026,cfb:centennial,Centennial
cfb,218,2026,cfb:american,American Conference
cfb,2181,2026,cfb:pioneer,Pioneer Football League
cfb,2184,2026,cfb:nec,Northeast Conference
cfb,2188,2026,cfb:pennsylvania-state-athletic,Pennsylvania State Athletic Conference
cfb,2189,2018,cfb:heartland,Heartland
cfb,219,2026,cfb:ivy,Ivy League
cfb,2191,2026,cfb:great-american,Great American Conference
cfb,2193,2026,cfb:southern,Southern Conference
cfb,2194,2026,cfb:american-southwest,American Southwest
cfb,2197,2026,cfb:ovc,Ohio Valley Conference
cfb,2198,2026,cfb:uac,United Athletic Conference
cfb,2199,2026,cfb:mac,Mid-American Conference
cfb,2201,2026,cfb:lone-star,Lone Star
cfb,2205,2026,cfb:pennsylvania-state-athletic,Pennsylvania State Athletic Conference
cfb,2206,2026,cfb:siac,SIAC
cfb,2207,2026,cfb:ciaa,CIAA
cfb,221,2026,cfb:acc,Atlantic Coast Conference
cfb,2210,2026,cfb:caa,Coastal Athletic Association
cfb,2213,2026,cfb:south-atlantic,South Atlantic
cfb,2214,2026,cfb:mid-america,Mid America
cfb,222,2026,cfb:patriot,Patriot League
cfb,2220,2026,cfb:ciaa,CIAA
cfb,2221,2026,cfb:mid-atlantic,Middle Atlantic Conference
cfb,2222,2026,cfb:gliac,GLIAC
cfb,2224,2026,cfb:great-midwest-athletic,Great Midwest Athletic Conference
cfb,2226,2026,cfb:american,American Conference
cfb,2229,2026,cfb:cusa,Conference USA
cfb,223,2026,cfb:pennsylvania-state-athletic,Pennsylvania State Athletic Conference
cfb,2230,2026,cfb:patriot,Patriot League
cfb,2231,2026,cfb:mid-america,Mid America
cfb,2232,2026,cfb:siac,SIAC
cfb,2233,2026,cfb:heartland,Heartland
cfb,2234,2026,cfb:centennial,Centennial
cfb,2237,2026,cfb:rocky-mountain,Rocky Mountain
cfb,2241,2026,cfb:ovc,Ohio Valley Conference
cfb,2242,2026,cfb:presidents,Presidents'
cfb,2247,2026,cfb:sun-belt,Sun Belt Conference
cfb,2248,2026,cfb:centennial,Centennial
cfb,2249,2026,cfb:mountain-east,Mountain East Conference
cfb,225,2026,cfb:ivy,Ivy League
cfb,2256,2026,cfb:usa-south,USA South
cfb,2257,2026,cfb:upper-midwest,Upper Midwest
cfb,2258,2026,cfb:old-dominion,Old Dominion
cfb,2261,2026,cfb:caa,Coastal Athletic Association
cfb,2262,2026,cfb:heartland,Heartland
cfb,2264,2026,cfb:great-american,Great American Conference
cfb,227,2026,cfb:caa,Coastal Athletic Association
cfb,2271,2026,cfb:great-american,Great American Conference
cfb,2273,2026,cfb:great-midwest-athletic,Great Midwest Athletic Conference
cfb,2274,2026,cfb:presidents,Presidents'
cfb,2275,2009,cfb:caa,Colonial Athletic Association
cfb,2277,2026,cfb:southland,Southland Conference
cfb,2278,2018,cfb:great-northwest,Great Northwest
cfb,228,2026,cfb:acc,Atlantic Coast Conference
cfb,2280,2026,cfb:commonwealth-coast,Commonwealth Coast Conference
cfb,2283,2026,cfb:nacc,Northern Athletics Collegiate Conference
cfb,2286,2026,cfb:midwest,Midwest
cfb,2287,2026,cfb:mvfc,Missouri Valley Football Conference
cfb,2291,2026,cfb:pennsylvania-state-athletic,Pennsylvania State Athletic Conference
cfb,2292,2026,cfb:great-lakes,Great Lakes
cfb,2294,2026,cfb:big-ten,Big Ten Conference
cfb,2295,2019,cfb:upper-midwest,Upper Midwest
cfb,2296,2026,cfb:swac,Southwestern Athletic Conference
cfb,23,2026,cfb:mountain-west,Mountain West Conference
cfb,2302,2026,cfb:ohio,Ohio
cfb,2304,2026,cfb:ciaa,CIAA
cfb,2305,2026,cfb:big-12,Big 12 Conference
cfb,2306,2026,cfb:big-12,Big 12 Conference
cfb,2309,2026,cfb:mac,Mid-American Conference
cfb,231,2026,cfb:southern,Southern Conference
cfb,2310,2026,cfb:siac,SIAC
cfb,2315,2026,cfb:pennsylvania-state-athletic,Pennsylvania State Athletic Conference
cfb,2316,2026,cfb:great-midwest-athletic,Great Midwest Athletic Conference
cfb,2318,2026,cfb:sciac,So. Cal.
cfb,2320,2026,cfb:southland,Southland Conference
cfb,2323,2026,cfb:siac,SIAC
cfb,2325,2007,cfb:maac,Metro Atlantic Athletic Conference
cfb,2329,2026,cfb:patriot,Patriot League
cfb,233,2026,cfb:mvfc,Missouri Valley Football Conference
cfb,2331,2026,cfb:south-atlantic,South Atlantic
cfb,2333,2026,cfb:northwest,Northwest
cfb,2335,2026,cfb:cusa,Conference USA
cfb,2336,2026,cfb:south-atlantic,South Atlantic
cfb,2339,2026,cfb:ciaa,CIAA
cfb,2341,2026,cfb:nec,Northeast Conference
cfb,2347,2019,cfb:american-southwest,American Southwest
cfb,2348,2026,cfb:sun-belt,Sun Belt Conference
cfb,235,2026,cfb:american,American Conference
cfb,2354,2026,cfb:landmark-conference,Landmark Conference
cfb,2359,2026,cfb:minnesota,Minnesota
cfb,236,2026,cfb:southern,Southern Conference
cfb,2362,2026,cfb:heartland,Heartland
cfb,2364,2026,cfb:northern-sun,Northern Sun
cfb,2368,2026,cfb:pioneer,Pioneer Football League
cfb,2369,2026,cfb:south-atlantic,South Atlantic
cfb,237,2026,cfb:liberty-league,Liberty League
cfb,2371,2026,cfb:american-southwest,American Southwest
cfb,2373,2026,cfb:usa-south,USA South
cfb,2377,2026,cfb:southland,Southland Conference
cfb,238,2026,cfb:sec,Southeastern Conference
cfb,2382,2026,cfb:southern,Southern Conference
cfb,2383,2026,cfb:newmac,New England Women's and Men's Athletic Conference
cfb,2385,2026,cfb:nec,Northeast Conference
cfb,239,2026,cfb:big-12,Big 12 Conference
cfb,2390,2026,cfb:acc,Atlantic Coast Conference
cfb,2392,2026,cfb:gliac,GLIAC
cfb,2393,2026,cfb:cusa,Conference USA
cfb,2394,2026,cfb:nescac,NESCAC
cfb,2395,2026,cfb:lone-star,Lone Star
cfb,2396,2026,cfb:siac,SIAC
cfb,2398,2026,cfb:southern-athletic,Southern Athletic Association
cfb,2399,2026,cfb:upper-midwest,Upper Midwest
cfb,24,2026,cfb:acc,Atlantic Coast Conference
cfb,2400,2026,cfb:swac,Southwestern Athletic Conference
cfb,2401,2026,cfb:gulf-south,Gulf South
cfb,2402,2026,cfb:great-lakes,Great Lakes
cfb,2403,2026,cfb:mid-america,Mid America
cfb,2405,2026,cfb:caa,Coastal Athletic Association
cfb,241,2026,cfb:american-southwest,American Southwest
cfb,2413,2026,cfb:pioneer,Pioneer Football League
cfb,2415,2026,cfb:meac,Mid-Eastern Athletic Conference
cfb,2419,2026,cfb:heartland,Heartland
cfb,242,2026,cfb:american,American Conference
cfb,2422,2026,cfb:centennial,Centennial
cfb,2424,2026,cfb:rocky-mountain,Rocky Mountain
cfb,2426,2026,cfb:american,American Conference
cfb,2428,2026,cfb:meac,Mid-Eastern Athletic Conference
cfb,2429,2026,cfb:american,American Conference
cfb,2433,2026,cfb:sun-belt,Sun Belt Conference
cfb,2438,2026,cfb:mid-america,Mid America
cfb,2439,2026,cfb:mountain-west,Mountain West Conference
cfb,2440,2026,cfb:mountain-west,Mountain West Conference
cfb,2441,2026,cfb:nec,Northeast Conference
cfb,2442,2026,cfb:new-jersey,New Jersey
cfb,2444,2026,cfb:south-atlantic,South Atlantic
cfb,2447,2026,cfb:southland,Southland Conference
cfb,2448,2026,cfb:caa,Coastal Athletic Association
cfb,2449,2026,cfb:mountain-west,Mountain West Conference
cfb,245,2026,cfb:sec,Southeastern Conference
cfb,2450,2026,cfb:meac,Mid-Eastern Athletic Conference
cfb,2453,2026,cfb:uac,United Athletic Conference
cfb,2458,2026,cfb:big-sky,Big Sky Conference
cfb,2459,2026,cfb:mountain-west,Mountain West Conference
cfb,246,2026,cfb:landmark-conference,Landmark Conference
cfb,2460,2026,cfb:mvfc,Missouri Valley Football Conference
cfb,2464,2026,cfb:big-sky,Big Sky Conference
cfb,2466,2026,cfb:southland,Southland Conference
cfb,2467,2026,cfb:newmac,New England Women's and Men's Athletic Conference
cfb,247,2026,cfb:mid-atlantic,Middle Atlantic Conference
cfb,2475,2026,cfb:sciac,So. Cal.
cfb,2477,2026,cfb:great-midwest-athletic,Great Midwest Athletic Conference
cfb,248,2026,cfb:big-12,Big 12 Conference
cfb,2483,2026,cfb:big-ten,Big Ten Conference
cfb,2486,2026,cfb:northwest,Northwest
cfb,2487,2026,cfb:northeast-10,Northeast 10
cfb,2488,2014,cfb:siac,SIAC
cfb,249,2026,cfb:american,American Conference
cfb,25,2026,cfb:acc,Atlantic Coast Conference
cfb,2502,2026,cfb:big-sky,Big Sky Conference
cfb,2504,2026,cfb:swac,Southwestern Athletic Conference
cfb,2506,2026,cfb:pioneer,Pioneer Football League
cfb,2508,2026,cfb:northwest,Northwest
cfb,2509,2026,cfb:big-ten,Big Ten Conference
cfb,251,2026,cfb:sec,Southeastern Conference
cfb,2516,2026,cfb:old-dominion,Old Dominion
cfb,2519,2026,cfb:southern-athletic,Southern Athletic Association
cfb,252,2026,cfb:big-12,Big 12 Conference
cfb,2523,2026,cfb:nec,Northeast Conference
cfb,2524,2026,cfb:nacc,Northern Athletics Collegiate Conference
cfb,2528,2026,cfb:liberty-league,Liberty League
cfb,2529,2026,cfb:caa,Coastal Athletic Association
cfb,253,2026,cfb:big-sky,Big Sky Conference
cfb,2532,2026,cfb:new-jersey,New Jersey
cfb,2534,2026,cfb:cusa,Conference USA
cfb,2535,2026,cfb:southern,Southern Conference
cfb,254,2026,cfb:big-12,Big 12 Conference
cfb,2542,2026,cfb:siac,SIAC
cfb,2545,2026,cfb:southland,Southland Conference
cfb,2546,2026,cfb:ovc,Ohio Valley Conference
cfb,255,2026,cfb:midwest,Midwest
cfb,2551,2026,cfb:ciaa,CIAA
cfb,2553,2026,cfb:southern-athletic,Southern Athletic Association
cfb,2557,2026,cfb:newmac,New England Women's and Men's Athletic Conference
cfb,2559,2026,cfb:pennsylvania-state-athletic,Pennsylvania State Athletic Conference
cfb,256,2026,cfb:sun-belt,Sun Belt Conference
cfb,2560,2026,cfb:carolinas,Conference Carolinas
cfb,2561,2003,cfb:maac,Metro Atlantic Athletic Conference
cfb,2564,2026,cfb:american-rivers,American Rivers Conference
cfb,2567,2026,cfb:acc,Atlantic Coast Conference
cfb,2568,2026,cfb:great-american,Great American Conference
cfb,2569,2026,cfb:meac,Mid-Eastern Athletic Conference
cfb,257,2026,cfb:patriot,Patriot League
cfb,2570,2026,cfb:rocky-mountain,Rocky Mountain
cfb,2571,2026,cfb:mvfc,Missouri Valley Football Conference
cfb,2572,2026,cfb:sun-belt,Sun Belt Conference
cfb,2579,2026,cfb:sec,Southeastern Conference
cfb,258,2026,cfb:acc,Atlantic Coast Conference
cfb,2582,2026,cfb:swac,Southwestern Athletic Conference
cfb,2583,2026,cfb:northeast-10,Northeast 10
cfb,2586,2026,cfb:great-lakes,Great Lakes
cfb,2587,2026,cfb:northern-sun,Northern Sun
cfb,2588,2026,cfb:southern-athletic,Southern Athletic Association
cfb,259,2026,cfb:acc,Atlantic Coast Conference
cfb,2594,2019,cfb:northern-sun,Northern Sun
cfb,2598,2026,cfb:presidents,Presidents'
cfb,26,2026,cfb:big-ten,Big Ten Conference
cfb,2600,2026,cfb:minnesota,Minnesota
cfb,2601,2026,cfb:great-lakes,Great Lakes
cfb,2608,2003,cfb:fcs-independents,Division I-AA Independents
cfb,2612,2006,cfb:maac,Metro Atlantic Athletic Conference
cfb,2614,2026,cfb:presidents,Presidents'
cfb,2617,2026,cfb:southland,Southland Conference
cfb,2619,2026,cfb:caa,Coastal Athletic Association
cfb,262,2026,cfb:midwest,Midwest
cfb,2623,2026,cfb:cusa,Conference USA
cfb,2627,2026,cfb:uac,United Athletic Conference
cfb,2628,2026,cfb:big-12,Big 12 Conference
cfb,263,2026,cfb:american-rivers,American Rivers Conference
cfb,2630,2026,cfb:ovc,Ohio Valley Conference
cfb,2633,2026,cfb:sec,Southeastern Conference
cfb,2634,2026,cfb:ovc,Ohio Valley Conference
cfb,2635,2026,cfb:southern,Southern Conference
cfb,2636,2026,cfb:american,American Conference
cfb,2638,2026,cfb:mountain-west,Mountain West Conference
cfb,2639,2026,cfb:southern-collegiate-athletic,Southern Collegiate Athletic Conference
cfb,264,2026,cfb:big-ten,Big Ten Conference
cfb,2640,2026,cfb:swac,Southwestern Athletic Conference
cfb,2641,2026,cfb:big-12,Big 12 Conference
cfb,2643,2026,cfb:southern,Southern Conference
cfb,2644,2026,cfb:presidents,Presidents'
cfb,2646,2026,cfb:great-midwest-athletic,Great Midwest Athletic Conference
cfb,2649,2026,cfb:mac,Mid-American Conference
cfb,265,2026,cfb:pac-12,Pac-12 Conference
cfb,2651,2026,cfb:michigan,Michigan
cfb,2653,2026,cfb:sun-belt,Sun Belt Conference
cfb,2654,2026,cfb:great-lakes,Great Lakes
cfb,2655,2026,cfb:american,American Conference
cfb,2657,2026,cfb:siac,SIAC
cfb,2658,2026,cfb:lone-star,Lone Star
cfb,266,2026,cfb:midwest,Midwest
cfb,2666,2019,cfb:mountain-east,Mountain East Conference
cfb,2667,2026,cfb:centennial,Centennial
cfb,2673,2026,cfb:gulf-south,Gulf South
cfb,2674,2026,cfb:pioneer,Pioneer Football League
cfb,2676,2026,cfb:ciaa,CIAA
cfb,2678,2026,cfb:southern,Southern Conference
cfb,268,2026,cfb:midwest,Midwest
cfb,2681,2026,cfb:nec,Northeast Conference
cfb,2682,2026,cfb:great-midwest-athletic,Great Midwest Athletic Conference
cfb,2685,2026,cfb:american-rivers,American Rivers Conference
cfb,2686,2026,cfb:presidents,Presidents'
cfb,2687,2026,cfb:mid-america,Mid America
cfb,2688,2026,cfb:old-dominion,Old Dominion
cfb,2692,2026,cfb:big-sky,Big Sky Conference
cfb,2695,2026,cfb:gulf-south,Gulf South
cfb,2698,2026,cfb:uac,United Athletic Conference
cfb,2699,2026,cfb:mountain-east,Mountain East Conference
cfb,2700,2026,cfb:centennial,Centennial
cfb,2702,2026,cfb:commonwealth-coast,Commonwealth Coast Conference
cfb,2703,2026,cfb:lone-star,Lone Star
cfb,2704,2026,cfb:lone-star,Lone Star
cfb,2707,2026,cfb:mountain-east,Mountain East Conference
cfb,271,2026,cfb:wisconsin,Wisconsin
cfb,2710,2026,cfb:ovc,Ohio Valley Conference
cfb,2711,2026,cfb:mac,Mid-American Conference
cfb,2714,2026,cfb:rocky-mountain,Rocky Mountain
cfb,2717,2026,cfb:southern,Southern Conference
cfb,272,2026,cfb:wisconsin,Wisconsin
cfb,2721,2026,cfb:northwest,Northwest
cfb,2723,2026,cfb:wisconsin,Wisconsin
cfb,2725,2026,cfb:mid-atlantic,Middle Atlantic Conference
cfb,2729,2026,cfb:patriot,Patriot League
cfb,273,2019,cfb:upper-midwest,Upper Midwest
cfb,2731,2026,cfb:nescac,NESCAC
cfb,2733,2026,cfb:ohio,Ohio
cfb,2736,2026,cfb:ciaa,CIAA
cfb,2738,2026,cfb:wisconsin,Wisconsin
cfb,274,2026,cfb:commonwealth-coast,Commonwealth Coast Conference
cfb,2740,2026,cfb:wisconsin,Wisconsin
cfb,2741,2026,cfb:nacc,Northern Athletics Collegiate Conference
cfb,2743,2026,cfb:wisconsin,Wisconsin
cfb,2744,2026,cfb:wisconsin,Wisconsin
cfb,2745,2026,cfb:wisconsin,Wisconsin
cfb,2746,2026,cfb:north-coast,North Coast
cfb,2747,2026,cfb:southern,Southern Conference
cfb,2748,2026,cfb:north-coast,North Coast
cfb,2749,2026,cfb:newmac,New England Women's and Men's Athletic Conference
cfb,275,2026,cfb:big-ten,Big Ten Conference
cfb,2751,2026,cfb:mountain-west,Mountain West Conference
cfb,2754,2026,cfb:mvfc,Missouri Valley Football Conference
cfb,2755,2026,cfb:swac,Southwestern Athletic Conference
cfb,2757,2026,cfb:southern-athletic,Southern Athletic Association
cfb,2758,2026,cfb:american-southwest,American Southwest
cfb,276,2026,cfb:sun-belt,Sun Belt Conference
cfb,277,2026,cfb:big-12,Big 12 Conference
cfb,2771,2026,cfb:fcs-independents,FCS Independents
cfb,2772,2019,cfb:northern-sun,Northern Sun
cfb,2776,2026,cfb:newmac,New England Women's and Men's Athletic Conference
cfb,2779,2026,cfb:liberty-league,Liberty League
cfb,278,2026,cfb:pac-12,Pac-12 Conference
cfb,2781,2026,cfb:empire-8,Empire 8
cfb,2782,2026,cfb:empire-8,Empire 8
cfb,2790,2026,cfb:michigan,Michigan
cfb,2800,2026,cfb:michigan,Michigan
cfb,2802,2026,cfb:minnesota,Minnesota
cfb,2803,2026,cfb:caa,Coastal Athletic Association
cfb,2804,2026,cfb:carolinas,Conference Carolinas
cfb,2805,2026,cfb:siac,SIAC
cfb,2808,2026,cfb:mid-atlantic,Middle Atlantic Conference
cfb,2810,2026,cfb:american-southwest,American Southwest
cfb,2812,2026,cfb:michigan,Michigan
cfb,2815,2026,cfb:ovc,Ohio Valley Conference
cfb,2816,2026,cfb:great-lakes,Great Lakes
cfb,2817,2026,cfb:northern-sun,Northern Sun
cfb,2818,2026,cfb:new-jersey,New Jersey
cfb,282,2026,cfb:mvfc,Missouri Valley Football Conference
cfb,2822,2026,cfb:carolinas,Conference Carolinas
cfb,2823,2026,cfb:great-american,Great American Conference
cfb,2824,2016,cfb:d2-independents,Independent DII
cfb,2825,2026,cfb:great-lakes,Great Lakes
cfb,2827,2026,cfb:new-jersey,New Jersey
cfb,2828,2026,cfb:old-dominion,Old Dominion
cfb,2829,2026,cfb:lone-star,Lone Star
cfb,2830,2026,cfb:northeast-10,Northeast 10
cfb,2832,2026,cfb:nacc,Northern Athletics Collegiate Conference
cfb,2834,2026,cfb:lone-star,Lone Star
cfb,2837,2026,cfb:southland,Southland Conference
cfb,2838,2026,cfb:great-midwest-athletic,Great Midwest Athletic Conference
cfb,2839,2026,cfb:south-atlantic,South Atlantic
cfb,284,2026,cfb:nec,Northeast Conference
cfb,2842,2026,cfb:south-atlantic,South Atlantic
cfb,2843,2026,cfb:landmark-conference,Landmark Conference
cfb,2844,2026,cfb:northern-sun,Northern Sun
cfb,2845,2026,cfb:presidents,Presidents'
cfb,2846,2019,cfb:new-jersey,New Jersey
cfb,2848,2026,cfb:lone-star,Lone Star
cfb,2849,2026,cfb:presidents,Presidents'
cfb,2850,2026,cfb:sciac,So. Cal.
cfb,2851,2026,cfb:northern-sun,Northern Sun
cfb,2858,2026,cfb:pennsylvania-state-athletic,Pennsylvania State Athletic Conference
cfb,286,2026,cfb:usa-south,USA South
cfb,2871,2026,cfb:new-jersey,New Jersey
cfb,2876,2026,cfb:great-lakes,Great Lakes
cfb,2882,2026,cfb:carolinas,Conference Carolinas
cfb,2884,2026,cfb:commonwealth-coast,Commonwealth Coast Conference
cfb,2886,2026,cfb:great-midwest-athletic,Great Midwest Athletic Conference
cfb,2888,2026,cfb:great-american,Great American Conference
cfb,2891,2026,cfb:midwest,Midwest
cfb,2894,2026,cfb:northern-sun,Northern Sun
cfb,2896,2026,cfb:usa-south,USA South
cfb,29,2026,cfb:sciac,So. Cal.
cfb,290,2026,cfb:sun-belt,Sun Belt Conference
cfb,2900,2026,cfb:pioneer,Pioneer Football League
cfb,2909,2026,cfb:mscac,Massachusetts State Collegiate Athletic Conference
cfb,291,2026,cfb:usa-south,USA South
cfb,2911,2026,cfb:great-lakes,Great Lakes
cfb,2913,2026,cfb:usa-south,USA South
cfb,2916,2026,cfb:southland,Southland Conference
cfb,2919,2026,cfb:midwest,Midwest
cfb,292,2026,cfb:southland,Southland Conference
cfb,2923,2026,cfb:sciac,So. Cal.
cfb,2927,2026,cfb:great-american,Great American Conference
cfb,293,2026,cfb:new-jersey,New Jersey
cfb,2930,2026,cfb:northwest,Northwest
cfb,2938,2026,cfb:usa-south,USA South
cfb,2939,2026,cfb:northern-sun,Northern Sun
cfb,294,2019,cfb:pioneer,Pioneer Football League
cfb,2940,2026,cfb:ciaa,CIAA
cfb,2948,2015,cfb:siac,SIAC
cfb,295,2026,cfb:sun-belt,Sun Belt Conference
cfb,2951,2026,cfb:newmac,New England Women's and Men's Athletic Conference
cfb,2963,2026,cfb:presidents,Presidents'
cfb,2964,2026,cfb:american-rivers,American Rivers Conference
cfb,2967,2026,cfb:mscac,Massachusetts State Collegiate Athletic Conference
cfb,2968,2026,cfb:minnesota,Minnesota
cfb,2969,2026,cfb:mid-atlantic,Middle Atlantic Conference
cfb,297,2026,cfb:old-dominion,Old Dominion
cfb,2970,2026,cfb:new-jersey,New Jersey
cfb,2972,2026,cfb:mscac,Massachusetts State Collegiate Athletic Conference
cfb,2974,2026,cfb:pennsylvania-state-athletic,Pennsylvania State Athletic Conference
cfb,2977,2026,cfb:nescac,NESCAC
cfb,2980,2026,cfb:north-coast,North Coast
cfb,2986,2026,cfb:mountain-east,Mountain East Conference
cfb,3,2026,cfb:southern-athletic,Southern Athletic Association
cfb,30,2026,cfb:big-ten,Big Ten Conference
cfb,301,2026,cfb:pioneer,Pioneer Football League
cfb,302,2026,cfb:big-sky,Big Sky Conference
cfb,304,2026,cfb:big-sky,Big Sky Conference
cfb,306,2026,cfb:cciw,CCIW
cfb,3066,2026,cfb:northern-sun,Northern Sun
cfb,3071,2026,cfb:cciw,CCIW
cfb,308,2026,cfb:great-midwest-athletic,Great Midwest Athletic Conference
cfb,309,2026,cfb:sun-belt,Sun Belt Conference
cfb,3101,2026,cfb:big-sky,Big Sky Conference
cfb,311,2026,cfb:caa,Coastal Athletic Association
cfb,3110,2026,cfb:empire-8,Empire 8
cfb,3111,2026,cfb:d3-independents,Independent DIII
cfb,3112,2026,cfb:new-jersey,New Jersey
cfb,314,2008,cfb:fcs-independents,FCS Independents
cfb,3162,2026,cfb:empire-8,Empire 8
cfb,317,2026,cfb:ohio,Ohio
cfb,319,2026,cfb:great-american,Great American Conference
cfb,32,2026,cfb:cciw,CCIW
cfb,322,2026,cfb:patriot,Patriot League
cfb,323,2026,cfb:landmark-conference,Landmark Conference
cfb,324,2026,cfb:sun-belt,Sun Belt Conference
cfb,326,2026,cfb:pac-12,Pac-12 Conference
cfb,328,2026,cfb:pac-12,Pac-12 Conference
cfb,33,2026,cfb:nescac,NESCAC
cfb,330,2026,cfb:ciaa,CIAA
cfb,331,2026,cfb:big-sky,Big Sky Conference
cfb,332,2026,cfb:ohio,Ohio
cfb,333,2026,cfb:sec,Southeastern Conference
cfb,336,2026,cfb:nescac,NESCAC
cfb,338,2026,cfb:cusa,Conference USA
cfb,340,2026,cfb:nescac,NESCAC
cfb,341,2026,cfb:mountain-east,Mountain East Conference
cfb,344,2026,cfb:sec,Southeastern Conference
cfb,348,2026,cfb:nescac,NESCAC
cfb,349,2026,cfb:american,American Conference
cfb,351,2026,cfb:south-atlantic,South Atlantic
cfb,352,2026,cfb:north-coast,North Coast
cfb,354,2026,cfb:michigan,Michigan
cfb,356,2026,cfb:big-ten,Big Ten Conference
cfb,359,2026,cfb:ohio,Ohio
cfb,36,2026,cfb:pac-12,Pac-12 Conference
cfb,365,2026,cfb:empire-8,Empire 8
cfb,366,2026,cfb:carolinas,Conference Carolinas
cfb,367,2026,cfb:pennsylvania-state-athletic,Pennsylvania State Athletic Conference
cfb,374,2026,cfb:empire-8,Empire 8
cfb,375,2026,cfb:minnesota,Minnesota
cfb,379,2026,cfb:mscac,Massachusetts State Collegiate Athletic Conference
cfb,38,2026,cfb:big-12,Big 12 Conference
cfb,386,2026,cfb:southern-athletic,Southern Athletic Association
cfb,388,2026,cfb:mid-atlantic,Middle Atlantic Conference
cfb,389,2026,cfb:great-lakes,Great Lakes
cfb,390,2026,cfb:empire-8,Empire 8
cfb,391,2026,cfb:north-coast,North Coast
cfb,395,2026,cfb:ciaa,CIAA
cfb,396,2026,cfb:cciw,CCIW
cfb,398,2026,cfb:landmark-conference,Landmark Conference
cfb,399,2026,cfb:caa,Coastal Athletic Association
cfb,40,2026,cfb:commonwealth-coast,Commonwealth Coast Conference
cfb,402,2026,cfb:mscac,Massachusetts State Collegiate Athletic Conference
cfb,409,2026,cfb:nacc,Northern Athletics Collegiate Conference
cfb,41,2026,cfb:fbs-independents,FBS Independents
cfb,411,2026,cfb:sciac,So. Cal.
cfb,415,2026,cfb:northwest,Northwest
cfb,417,2026,cfb:southern-collegiate-athletic,Southern Collegiate Athletic Conference
cfb,418,2026,cfb:southern-athletic,Southern Athletic Association
cfb,421,2016,cfb:d3-independents,Independent DIII
cfb,424,2026,cfb:ohio,Ohio
cfb,425,2026,cfb:northern-sun,Northern Sun
cfb,426,2026,cfb:ohio,Ohio
cfb,427,2026,cfb:ohio,Ohio
cfb,43,2026,cfb:ivy,Ivy League
cfb,433,2026,cfb:upper-midwest,Upper Midwest
cfb,437,2026,cfb:great-midwest-athletic,Great Midwest Athletic Conference
cfb,446,2026,cfb:upper-midwest,Upper Midwest
cfb,452,2026,cfb:commonwealth-coast,Commonwealth Coast Conference
cfb,455,2026,cfb:mountain-east,Mountain East Conference
cfb,46,2026,cfb:patriot,Patriot League
cfb,47,2026,cfb:meac,Mid-Eastern Athletic Conference
cfb,471,2026,cfb:mid-atlantic,Middle Atlantic Conference
cfb,479,2019,cfb:commonwealth-coast,Commonwealth Coast Conference
cfb,48,2026,cfb:cusa,Conference USA
cfb,481,2017,cfb:ecfc,ECFC
cfb,49,2026,cfb:american-rivers,American Rivers Conference
cfb,490,2026,cfb:siac,SIAC
cfb,5,2026,cfb:american,American Conference
cfb,50,2026,cfb:swac,Southwestern Athletic Conference
cfb,509,2026,cfb:upper-midwest,Upper Midwest
cfb,52,2026,cfb:acc,Atlantic Coast Conference
cfb,53,2019,cfb:gulf-south,Gulf South
cfb,548,2026,cfb:usa-south,USA South
cfb,55,2026,cfb:cusa,Conference USA
cfb,556,2018,cfb:great-midwest-athletic,Great Midwest Athletic Conference
cfb,559,2026,cfb:northern-sun,Northern Sun
cfb,56,2026,cfb:pioneer,Pioneer Football League
cfb,568,2026,cfb:northern-sun,Northern Sun
cfb,57,2026,cfb:sec,Southeastern Conference
cfb,58,2026,cfb:american,American Conference
cfb,583,2026,cfb:upper-midwest,Upper Midwest
cfb,587,2026,cfb:mountain-east,Mountain East Conference
cfb,59,2026,cfb:acc,Atlantic Coast Conference
cfb,6,2026,cfb:sun-belt,Sun Belt Conference
cfb,60,2026,cfb:siac,SIAC
cfb,61,2026,cfb:sec,Southeastern Conference
cfb,611,2026,cfb:pennsylvania-state-athletic,Pennsylvania State Athletic Conference
cfb,613,2026,cfb:rocky-mountain,Rocky Mountain
cfb,62,2026,cfb:mountain-west,Mountain West Conference
cfb,625,2026,cfb:great-midwest-athletic,Great Midwest Athletic Conference
cfb,63,2026,cfb:american-rivers,American Rivers Conference
cfb,6353,2026,cfb:nacc,Northern Athletics Collegiate Conference
cfb,65,2026,cfb:midwest,Midwest
cfb,66,2026,cfb:big-12,Big 12 Conference
cfb,67,2026,cfb:midwest,Midwest
cfb,68,2026,cfb:pac-12,Pac-12 Conference
cfb,6845,2026,cfb:american-rivers,American Rivers Conference
cfb,7,2026,cfb:nescac,NESCAC
cfb,70,2026,cfb:big-sky,Big Sky Conference
cfb,72,2026,cfb:cciw,CCIW
cfb,74,2026,cfb:cciw,CCIW
cfb,75,2026,cfb:cciw,CCIW
cfb,77,2026,cfb:big-ten,Big Ten Conference
cfb,79,2026,cfb:mvfc,Missouri Valley Football Conference
cfb,8,2026,cfb:sec,Southeastern Conference
cfb,80,2026,cfb:midwest,Midwest
cfb,81,2026,cfb:newmac,New England Women's and Men's Athletic Conference
cfb,83,2026,cfb:north-coast,North Coast
cfb,84,2026,cfb:big-ten,Big Ten Conference
cfb,86,2026,cfb:heartland,Heartland
cfb,87,2026,cfb:fbs-independents,FBS Independents
cfb,89,2026,cfb:north-coast,North Coast
cfb,9,2026,cfb:big-12,Big 12 Conference
cfb,90,2026,cfb:mid-america,Mid America
cfb,93,2026,cfb:mvfc,Missouri Valley Football Conference
cfb,96,2026,cfb:sec,Southeastern Conference
cfb,97,2026,cfb:acc,Atlantic Coast Conference
cfb,98,2026,cfb:cusa,Conference USA
cfb,99,2026,cfb:sec,Southeastern Conference
mbb,103,2027,mbb:acc,Atlantic Coast Conference
mbb,104,2027,mbb:patriot,Patriot League
mbb,107,2027,mbb:patriot,Patriot League
mbb,108,2027,mbb:ivy,Ivy League
mbb,111,2027,mbb:caa,Coastal Athletic Association
mbb,112358,2027,mbb:nec,Northeast Conference
mbb,113,2027,mbb:mac,Mid-American Conference
mbb,116,2027,mbb:maac,Metro Atlantic Athletic Conference
mbb,119,2027,mbb:caa,Coastal Athletic Association
mbb,12,2027,mbb:big-12,Big 12 Conference
mbb,120,2027,mbb:big-ten,Big Ten Conference
mbb,127,2027,mbb:big-ten,Big Ten Conference
mbb,13,2027,mbb:big-west,Big West Conference
mbb,130,2027,mbb:big-ten,Big Ten Conference
mbb,135,2027,mbb:big-ten,Big Ten Conference
mbb,139,2027,mbb:atlantic-10,Atlantic 10 Conference
mbb,140,2027,mbb:summit,The Summit League
mbb,142,2027,mbb:sec,Southeastern Conference
mbb,145,2027,mbb:sec,Southeastern Conference
mbb,147,2027,mbb:big-sky,Big Sky Conference
mbb,149,2027,mbb:big-sky,Big Sky Conference
mbb,150,2027,mbb:acc,Atlantic Coast Conference
mbb,151,2027,mbb:american,American Conference
mbb,152,2027,mbb:acc,Atlantic Coast Conference
mbb,153,2027,mbb:acc,Atlantic Coast Conference
mbb,154,2027,mbb:acc,Atlantic Coast Conference
mbb,155,2027,mbb:summit,The Summit League
mbb,156,2027,mbb:big-east,Big East Conference
mbb,158,2027,mbb:big-ten,Big Ten Conference
mbb,159,2027,mbb:ivy,Ivy League
mbb,16,2027,mbb:big-west,Big West Conference
mbb,160,2027,mbb:america-east,America East Conference
mbb,161,2027,mbb:nec,Northeast Conference
mbb,163,2027,mbb:ivy,Ivy League
mbb,164,2027,mbb:big-ten,Big Ten Conference
mbb,166,2027,mbb:cusa,Conference USA
mbb,167,2027,mbb:mountain-west,Mountain West Conference
mbb,171,2027,mbb:ivy,Ivy League
mbb,172,2027,mbb:ivy,Ivy League
mbb,179,2027,mbb:atlantic-10,Atlantic 10 Conference
mbb,183,2027,mbb:acc,Atlantic Coast Conference
mbb,189,2027,mbb:mac,Mid-American Conference
mbb,193,2027,mbb:mac,Mid-American Conference
mbb,194,2027,mbb:big-ten,Big Ten Conference
mbb,195,2027,mbb:mac,Mid-American Conference
mbb,197,2027,mbb:big-12,Big 12 Conference
mbb,198,2027,mbb:summit,The Summit League
mbb,2,2027,mbb:sec,Southeastern Conference
mbb,2000,2027,mbb:wac,United Athletic Conference
mbb,2005,2027,mbb:mountain-west,Mountain West Conference
mbb,2006,2027,mbb:mac,Mid-American Conference
mbb,201,2027,mbb:sec,Southeastern Conference
mbb,2010,2027,mbb:swac,Southwestern Athletic Conference
mbb,2011,2027,mbb:swac,Southwestern Athletic Conference
mbb,2016,2027,mbb:swac,Southwestern Athletic Conference
mbb,202,2027,mbb:american,American Conference
mbb,2026,2027,mbb:sun-belt,Sun Belt Conference
mbb,2029,2027,mbb:swac,Southwestern Athletic Conference
mbb,2031,2027,mbb:wac,United Athletic Conference
mbb,2032,2027,mbb:sun-belt,Sun Belt Conference
mbb,204,2027,mbb:pac-12,Pac-12 Conference
mbb,2046,2027,mbb:wac,United Athletic Conference
mbb,2050,2027,mbb:mac,Mid-American Conference
mbb,2057,2027,mbb:mvc,Missouri Valley Conference
mbb,2065,2027,mbb:swac,Southwestern Athletic Conference
mbb,2066,2027,mbb:america-east,America East Conference
mbb,2083,2027,mbb:patriot,Patriot League
mbb,2084,2027,mbb:mac,Mid-American Conference
mbb,2086,2027,mbb:big-east,Big East Conference
mbb,2097,2027,mbb:caa,Coastal Athletic Association
mbb,2099,2027,mbb:maac,Metro Atlantic Athletic Conference
mbb,21,2027,mbb:pac-12,Pac-12 Conference
mbb,2110,2027,mbb:wac,United Athletic Conference
mbb,2113,2011,mbb:summit,The Summit League
mbb,2115,2027,mbb:nec,Northeast Conference
mbb,2116,2027,mbb:big-12,Big 12 Conference
mbb,2117,2027,mbb:mac,Mid-American Conference
mbb,2127,2027,mbb:big-south,Big South Conference
mbb,213,2027,mbb:big-ten,Big Ten Conference
mbb,2130,2027,mbb:nec,Northeast Conference
mbb,2132,2027,mbb:big-12,Big 12 Conference
mbb,2142,2027,mbb:patriot,Patriot League
mbb,2154,2027,mbb:meac,Mid-Eastern Athletic Conference
mbb,2166,2027,mbb:atlantic-10,Atlantic 10 Conference
mbb,2168,2027,mbb:atlantic-10,Atlantic 10 Conference
mbb,2169,2027,mbb:meac,Mid-Eastern Athletic Conference
mbb,2172,2027,mbb:wcc,West Coast Conference
mbb,2174,2027,mbb:horizon,Horizon League
mbb,218,2027,mbb:american,American Conference
mbb,2181,2027,mbb:mvc,Missouri Valley Conference
mbb,2182,2027,mbb:caa,Coastal Athletic Association
mbb,2184,2027,mbb:atlantic-10,Atlantic 10 Conference
mbb,219,2027,mbb:ivy,Ivy League
mbb,2193,2027,mbb:socon,Southern Conference
mbb,2197,2027,mbb:ovc,Ohio Valley Conference
mbb,2198,2027,mbb:wac,United Athletic Conference
mbb,2199,2027,mbb:mac,Mid-American Conference
mbb,221,2027,mbb:acc,Atlantic Coast Conference
mbb,2210,2027,mbb:caa,Coastal Athletic Association
mbb,2217,2027,mbb:maac,Metro Atlantic Athletic Conference
mbb,222,2027,mbb:big-east,Big East Conference
mbb,2226,2027,mbb:american,American Conference
mbb,2229,2027,mbb:cusa,Conference USA
mbb,2230,2027,mbb:atlantic-10,Atlantic 10 Conference
mbb,2239,2027,mbb:big-west,Big West Conference
mbb,2241,2027,mbb:big-south,Big South Conference
mbb,2244,2027,mbb:atlantic-10,Atlantic 10 Conference
mbb,2247,2027,mbb:sun-belt,Sun Belt Conference
mbb,225,2027,mbb:ivy,Ivy League
mbb,2250,2027,mbb:pac-12,Pac-12 Conference
mbb,2253,2027,mbb:mountain-west,Mountain West Conference
mbb,2261,2027,mbb:caa,Coastal Athletic Association
mbb,227,2027,mbb:atlantic-10,Atlantic 10 Conference
mbb,2272,2027,mbb:big-south,Big South Conference
mbb,2275,2027,mbb:caa,Coastal Athletic Association
mbb,2277,2027,mbb:southland,Southland Conference
mbb,228,2027,mbb:acc,Atlantic Coast Conference
mbb,2287,2027,mbb:mvc,Missouri Valley Conference
mbb,2294,2027,mbb:big-ten,Big Ten Conference
mbb,2296,2027,mbb:swac,Southwestern Athletic Conference
mbb,23,2027,mbb:mountain-west,Mountain West Conference
mbb,2305,2027,mbb:big-12,Big 12 Conference
mbb,2306,2027,mbb:big-12,Big 12 Conference
mbb,2309,2027,mbb:mac,Mid-American Conference
mbb,231,2027,mbb:socon,Southern Conference
mbb,232,2027,mbb:caa,Coastal Athletic Association
mbb,2320,2027,mbb:southland,Southland Conference
mbb,2325,2027,mbb:atlantic-10,Atlantic 10 Conference
mbb,2329,2027,mbb:patriot,Patriot League
mbb,233,2027,mbb:summit,The Summit League
mbb,2330,2027,mbb:nec,Northeast Conference
mbb,2335,2027,mbb:cusa,Conference USA
mbb,2344,2027,mbb:big-south,Big South Conference
mbb,2348,2027,mbb:cusa,Conference USA
mbb,2349,2027,mbb:america-east,America East Conference
mbb,235,2027,mbb:american,American Conference
mbb,2350,2027,mbb:atlantic-10,Atlantic 10 Conference
mbb,2351,2027,mbb:wcc,West Coast Conference
mbb,2352,2027,mbb:patriot,Patriot League
mbb,236,2027,mbb:socon,Southern Conference
mbb,2363,2027,mbb:maac,Metro Atlantic Athletic Conference
mbb,2368,2027,mbb:maac,Metro Atlantic Athletic Conference
mbb,2377,2027,mbb:southland,Southland Conference
mbb,2378,2027,mbb:america-east,America East Conference
mbb,2379,2027,mbb:meac,Mid-Eastern Athletic Conference
mbb,238,2027,mbb:sec,Southeastern Conference
mbb,2382,2027,mbb:socon,Southern Conference
mbb,2385,2027,mbb:nec,Northeast Conference
mbb,239,2027,mbb:big-12,Big 12 Conference
mbb,2390,2027,mbb:acc,Atlantic Coast Conference
mbb,2393,2027,mbb:cusa,Conference USA
mbb,24,2027,mbb:acc,Atlantic Coast Conference
mbb,2400,2027,mbb:swac,Southwestern Athletic Conference
mbb,2405,2027,mbb:caa,Coastal Athletic Association
mbb,2413,2027,mbb:ovc,Ohio Valley Conference
mbb,2415,2027,mbb:meac,Mid-Eastern Athletic Conference
mbb,2417,2009,mbb:independents,Division I Independents
mbb,242,2027,mbb:american,American Conference
mbb,2426,2027,mbb:patriot,Patriot League
mbb,2427,2027,mbb:big-south,Big South Conference
mbb,2428,2027,mbb:meac,Mid-Eastern Athletic Conference
mbb,2429,2027,mbb:american,American Conference
mbb,2430,2027,mbb:socon,Southern Conference
mbb,2433,2027,mbb:sun-belt,Sun Belt Conference
mbb,2437,2027,mbb:summit,The Summit League
mbb,2439,2027,mbb:mountain-west,Mountain West Conference
mbb,2440,2027,mbb:mountain-west,Mountain West Conference
mbb,2441,2027,mbb:nec,Northeast Conference
mbb,2443,2027,mbb:southland,Southland Conference
mbb,2447,2027,mbb:southland,Southland Conference
mbb,2448,2027,mbb:caa,Coastal Athletic Association
mbb,2449,2027,mbb:summit,The Summit League
mbb,245,2027,mbb:sec,Southeastern Conference
mbb,2450,2027,mbb:meac,Mid-Eastern Athletic Conference
mbb,2453,2027,mbb:wac,United Athletic Conference
mbb,2454,2027,mbb:asun,ASUN Conference
mbb,2458,2027,mbb:big-sky,Big Sky Conference
mbb,2459,2027,mbb:horizon,Horizon League
mbb,2460,2027,mbb:mvc,Missouri Valley Conference
mbb,2463,2027,mbb:big-west,Big West Conference
mbb,2464,2027,mbb:big-sky,Big Sky Conference
mbb,2466,2027,mbb:southland,Southland Conference
mbb,2473,2027,mbb:horizon,Horizon League
mbb,248,2027,mbb:big-12,Big 12 Conference
mbb,2483,2027,mbb:big-ten,Big Ten Conference
mbb,249,2027,mbb:american,American Conference
mbb,2492,2027,mbb:wcc,West Coast Conference
mbb,25,2027,mbb:acc,Atlantic Coast Conference
mbb,250,2027,mbb:wac,United Athletic Conference
mbb,2501,2027,mbb:wcc,West Coast Conference
mbb,2502,2027,mbb:big-sky,Big Sky Conference
mbb,2504,2027,mbb:swac,Southwestern Athletic Conference
mbb,2506,2027,mbb:big-south,Big South Conference
mbb,2507,2027,mbb:big-east,Big East Conference
mbb,2509,2027,mbb:big-ten,Big Ten Conference
mbb,251,2027,mbb:sec,Southeastern Conference
mbb,2511,2027,mbb:asun,ASUN Conference
mbb,2514,2027,mbb:maac,Metro Atlantic Athletic Conference
mbb,2515,2027,mbb:big-south,Big South Conference
mbb,252,2027,mbb:big-12,Big 12 Conference
mbb,2520,2027,mbb:maac,Metro Atlantic Athletic Conference
mbb,2523,2027,mbb:horizon,Horizon League
mbb,2529,2027,mbb:maac,Metro Atlantic Athletic Conference
mbb,253,2027,mbb:big-sky,Big Sky Conference
mbb,2534,2027,mbb:cusa,Conference USA
mbb,2535,2027,mbb:socon,Southern Conference
mbb,2539,2027,mbb:wcc,West Coast Conference
mbb,254,2027,mbb:big-12,Big 12 Conference
mbb,2540,2027,mbb:big-west,Big West Conference
mbb,2541,2027,mbb:wcc,West Coast Conference
mbb,2542,2019,mbb:meac,Mid-Eastern Athletic Conference
mbb,2545,2027,mbb:southland,Southland Conference
mbb,2546,2027,mbb:ovc,Ohio Valley Conference
mbb,2547,2027,mbb:wcc,West Coast Conference
mbb,2550,2027,mbb:big-east,Big East Conference
mbb,256,2027,mbb:sun-belt,Sun Belt Conference
mbb,2561,2027,mbb:maac,Metro Atlantic Athletic Conference
mbb,2565,2027,mbb:ovc,Ohio Valley Conference
mbb,2567,2027,mbb:acc,Atlantic Coast Conference
mbb,2569,2027,mbb:meac,Mid-Eastern Athletic Conference
mbb,257,2027,mbb:atlantic-10,Atlantic 10 Conference
mbb,2571,2027,mbb:summit,The Summit League
mbb,2572,2027,mbb:sun-belt,Sun Belt Conference
mbb,2579,2027,mbb:sec,Southeastern Conference
mbb,258,2027,mbb:acc,Atlantic Coast Conference
mbb,2582,2027,mbb:swac,Southwestern Athletic Conference
mbb,259,2027,mbb:acc,Atlantic Coast Conference
mbb,2597,2023,mbb:nec,Northeast Conference
mbb,2598,2026,mbb:nec,Northeast Conference
mbb,2599,2027,mbb:big-east,Big East Conference
mbb,26,2027,mbb:big-ten,Big Ten Conference
mbb,2603,2027,mbb:atlantic-10,Atlantic 10 Conference
mbb,2608,2027,mbb:wcc,West Coast Conference
mbb,261,2027,mbb:america-east,America East Conference
mbb,2612,2027,mbb:maac,Metro Atlantic Athletic Conference
mbb,2617,2027,mbb:southland,Southland Conference
mbb,2619,2027,mbb:caa,Coastal Athletic Association
mbb,2623,2027,mbb:cusa,Conference USA
mbb,2627,2027,mbb:wac,United Athletic Conference
mbb,2628,2027,mbb:big-12,Big 12 Conference
mbb,2630,2027,mbb:ovc,Ohio Valley Conference
mbb,2633,2027,mbb:sec,Southeastern Conference
mbb,2634,2027,mbb:ovc,Ohio Valley Conference
mbb,2635,2027,mbb:socon,Southern Conference
mbb,2636,2027,mbb:american,American Conference
mbb,2638,2027,mbb:mountain-west,Mountain West Conference
mbb,264,2027,mbb:big-ten,Big Ten Conference
mbb,2640,2027,mbb:swac,Southwestern Athletic Conference
mbb,2641,2027,mbb:big-12,Big 12 Conference
mbb,2643,2027,mbb:socon,Southern Conference
mbb,2649,2027,mbb:mac,Mid-American Conference
mbb,265,2027,mbb:pac-12,Pac-12 Conference
mbb,2653,2027,mbb:sun-belt,Sun Belt Conference
mbb,2655,2027,mbb:american,American Conference
mbb,2670,2027,mbb:atlantic-10,Atlantic 10 Conference
mbb,2674,2027,mbb:mvc,Missouri Valley Conference
mbb,2678,2027,mbb:socon,Southern Conference
mbb,2681,2027,mbb:nec,Northeast Conference
mbb,269,2027,mbb:big-east,Big East Conference
mbb,2692,2027,mbb:big-sky,Big Sky Conference
mbb,2697,2027,mbb:asun,ASUN Conference
mbb,2698,2027,mbb:wac,United Athletic Conference
mbb,27,2027,mbb:big-west,Big West Conference
mbb,270,2027,mbb:horizon,Horizon League
mbb,2710,2027,mbb:ovc,Ohio Valley Conference
mbb,2711,2027,mbb:mac,Mid-American Conference
mbb,2717,2027,mbb:socon,Southern Conference
mbb,2724,2027,mbb:american,American Conference
mbb,2729,2027,mbb:caa,Coastal Athletic Association
mbb,2736,2010,mbb:independents,Division I Independents
mbb,2737,2027,mbb:big-south,Big South Conference
mbb,2739,2027,mbb:horizon,Horizon League
mbb,2747,2027,mbb:socon,Southern Conference
mbb,275,2027,mbb:big-ten,Big Ten Conference
mbb,2750,2027,mbb:horizon,Horizon League
mbb,2751,2027,mbb:mountain-west,Mountain West Conference
mbb,2752,2027,mbb:big-east,Big East Conference
mbb,2754,2027,mbb:horizon,Horizon League
mbb,2755,2027,mbb:swac,Southwestern Athletic Conference
mbb,276,2027,mbb:sun-belt,Sun Belt Conference
mbb,277,2027,mbb:big-12,Big 12 Conference
mbb,2771,2027,mbb:maac,Metro Atlantic Athletic Conference
mbb,278,2027,mbb:pac-12,Pac-12 Conference
mbb,279,2027,mbb:wcc,West Coast Conference
mbb,28,2027,mbb:big-west,Big West Conference
mbb,2803,2027,mbb:america-east,America East Conference
mbb,2815,2027,mbb:ovc,Ohio Valley Conference
mbb,282,2027,mbb:mvc,Missouri Valley Conference
mbb,2837,2027,mbb:southland,Southland Conference
mbb,284,2027,mbb:nec,Northeast Conference
mbb,2856,2027,mbb:big-west,Big West Conference
mbb,2870,2027,mbb:horizon,Horizon League
mbb,288,2027,mbb:asun,ASUN Conference
mbb,2885,2027,mbb:america-east,America East Conference
mbb,290,2027,mbb:sun-belt,Sun Belt Conference
mbb,2900,2027,mbb:summit,The Summit League
mbb,2908,2027,mbb:big-south,Big South Conference
mbb,2916,2027,mbb:southland,Southland Conference
mbb,292,2027,mbb:southland,Southland Conference
mbb,2934,2027,mbb:big-west,Big West Conference
mbb,294,2027,mbb:asun,ASUN Conference
mbb,295,2027,mbb:sun-belt,Sun Belt Conference
mbb,299,2027,mbb:big-west,Big West Conference
mbb,3,2006,mbb:big-south,Big South Conference
mbb,30,2027,mbb:big-ten,Big Ten Conference
mbb,300,2027,mbb:big-west,Big West Conference
mbb,301,2027,mbb:wcc,West Coast Conference
mbb,302,2027,mbb:mountain-west,Mountain West Conference
mbb,304,2027,mbb:big-sky,Big Sky Conference
mbb,305,2027,mbb:big-east,Big East Conference
mbb,3084,2027,mbb:big-west,Big West Conference
mbb,309,2027,mbb:sun-belt,Sun Belt Conference
mbb,3101,2027,mbb:big-sky,Big Sky Conference
mbb,311,2027,mbb:america-east,America East Conference
mbb,314,2027,mbb:maac,Metro Atlantic Athletic Conference
mbb,315,2027,mbb:maac,Metro Atlantic Athletic Conference
mbb,322,2027,mbb:patriot,Patriot League
mbb,324,2027,mbb:sun-belt,Sun Belt Conference
mbb,325,2027,mbb:horizon,Horizon League
mbb,326,2027,mbb:pac-12,Pac-12 Conference
mbb,328,2027,mbb:pac-12,Pac-12 Conference
mbb,331,2027,mbb:big-sky,Big Sky Conference
mbb,333,2027,mbb:sec,Southeastern Conference
mbb,338,2027,mbb:cusa,Conference USA
mbb,339,2027,mbb:mvc,Missouri Valley Conference
mbb,344,2027,mbb:sec,Southeastern Conference
mbb,349,2027,mbb:patriot,Patriot League
mbb,350,2027,mbb:caa,Coastal Athletic Association
mbb,356,2027,mbb:big-ten,Big Ten Conference
mbb,357,2027,mbb:southland,Southland Conference
mbb,36,2027,mbb:pac-12,Pac-12 Conference
mbb,38,2027,mbb:big-12,Big 12 Conference
mbb,399,2027,mbb:america-east,America East Conference
mbb,41,2027,mbb:big-east,Big East Conference
mbb,42,2023,mbb:independents,Division I Independents
mbb,43,2027,mbb:ivy,Ivy League
mbb,44,2027,mbb:patriot,Patriot League
mbb,45,2027,mbb:atlantic-10,Atlantic 10 Conference
mbb,46,2027,mbb:big-east,Big East Conference
mbb,47,2027,mbb:meac,Mid-Eastern Athletic Conference
mbb,48,2027,mbb:cusa,Conference USA
mbb,5,2027,mbb:american,American Conference
mbb,50,2027,mbb:swac,Southwestern Athletic Conference
mbb,52,2027,mbb:acc,Atlantic Coast Conference
mbb,526,2027,mbb:asun,ASUN Conference
mbb,55,2027,mbb:cusa,Conference USA
mbb,56,2027,mbb:asun,ASUN Conference
mbb,57,2027,mbb:sec,Southeastern Conference
mbb,58,2027,mbb:american,American Conference
mbb,59,2027,mbb:acc,Atlantic Coast Conference
mbb,6,2027,mbb:sun-belt,Sun Belt Conference
mbb,61,2027,mbb:sec,Southeastern Conference
mbb,62,2027,mbb:mountain-west,Mountain West Conference
mbb,66,2027,mbb:big-12,Big 12 Conference
mbb,68,2027,mbb:pac-12,Pac-12 Conference
mbb,70,2027,mbb:big-sky,Big Sky Conference
mbb,71,2027,mbb:mvc,Missouri Valley Conference
mbb,77,2027,mbb:big-ten,Big Ten Conference
mbb,79,2027,mbb:mvc,Missouri Valley Conference
mbb,8,2027,mbb:sec,Southeastern Conference
mbb,82,2027,mbb:mvc,Missouri Valley Conference
mbb,84,2027,mbb:big-ten,Big Ten Conference
mbb,85,2027,mbb:horizon,Horizon League
mbb,87,2027,mbb:acc,Atlantic Coast Conference
mbb,88,2027,mbb:ovc,Ohio Valley Conference
mbb,9,2027,mbb:big-12,Big 12 Conference
mbb,91,2027,mbb:asun,ASUN Conference
mbb,93,2027,mbb:mvc,Missouri Valley Conference
mbb,94,2027,mbb:horizon,Horizon League
mbb,96,2027,mbb:sec,Southeastern Conference
mbb,97,2027,mbb:acc,Atlantic Coast Conference
mbb,98,2027,mbb:cusa,Conference USA
mbb,99,2027,mbb:sec,Southeastern Conference
mlb,1,2026,mlb:al,American League
mlb,10,2026,mlb:al,American League
mlb,11,2026,mlb:al,American League
mlb,12,2026,mlb:al,American League
mlb,13,2026,mlb:al,American League
mlb,14,2026,mlb:al,American League
mlb,15,2026,mlb:nl,National League
mlb,16,2026,mlb:nl,National League
mlb,17,2026,mlb:nl,National League
mlb,18,2026,mlb:al,American League
mlb,19,2026,mlb:nl,National League
mlb,2,2026,mlb:al,American League
mlb,20,2026,mlb:nl,National League
mlb,21,2026,mlb:nl,National League
mlb,22,2026,mlb:nl,National League
mlb,23,2026,mlb:nl,National League
mlb,24,2026,mlb:nl,National League
mlb,25,2026,mlb:nl,National League
mlb,26,2026,mlb:nl,National League
mlb,27,2026,mlb:nl,National League
mlb,270,1933,mlb:negro-national-league-ii,Negro National League (II)
mlb,271,1944,mlb:negro-american-league,Negro American League
mlb,272,1929,mlb:american-negro-league,American Negro League
mlb,273,1934,mlb:negro-national-league-ii,Negro National League (II)
mlb,274,1948,mlb:negro-national-league-ii,Negro National League (II)
mlb,275,1948,mlb:negro-american-league,Negro American League
mlb,276,1933,mlb:negro-national-league-ii,Negro National League (II)
mlb,277,1948,mlb:negro-american-league,Negro American League
mlb,278,1921,mlb:negro-national-league-i,Negro National League (I)
mlb,28,2026,mlb:nl,National League
mlb,280,1924,mlb:negro-national-league-i,Negro National League (I)
mlb,281,1948,mlb:negro-american-league,Negro American League
mlb,282,1931,mlb:negro-national-league-i,Negro National League (I)
mlb,283,1926,mlb:negro-national-league-i,Negro National League (I)
mlb,284,1933,mlb:negro-national-league-ii,Negro National League (II)
mlb,285,1927,mlb:negro-national-league-i,Negro National League (I)
mlb,286,1934,mlb:negro-national-league-ii,Negro National League (II)
mlb,287,1932,mlb:negro-east-west-league,Negro East West League
mlb,288,1922,mlb:negro-national-league-i,Negro National League (I)
mlb,289,1928,mlb:negro-national-league-i,Negro National League (I)
mlb,29,2026,mlb:nl,National League
mlb,290,1933,mlb:negro-national-league-ii,Negro National League (II)
mlb,291,1921,mlb:negro-national-league-i,Negro National League (I)
mlb,292,1932,mlb:negro-southern-league,Negro Southern League
mlb,293,1929,mlb:american-negro-league,American Negro League
mlb,294,1930,mlb:negro-national-league-i,Negro National League (I)
mlb,295,1926,mlb:negro-national-league-i,Negro National League (I)
mlb,297,1937,mlb:negro-american-league,Negro American League
mlb,298,1932,mlb:negro-east-west-league,Negro East West League
mlb,299,1927,mlb:eastern-colored-league,Eastern Colored League
mlb,3,2026,mlb:al,American League
mlb,30,2026,mlb:al,American League
mlb,300,1943,mlb:negro-national-league-ii,Negro National League (II)
mlb,301,1932,mlb:negro-east-west-league,Negro East West League
mlb,302,1948,mlb:negro-national-league-ii,Negro National League (II)
mlb,303,1933,mlb:negro-national-league-ii,Negro National League (II)
mlb,304,1939,mlb:negro-american-league,Negro American League
mlb,306,1948,mlb:negro-american-league,Negro American League
mlb,307,1942,mlb:negro-american-league,Negro American League
mlb,308,1948,mlb:negro-american-league,Negro American League
mlb,309,1932,mlb:negro-southern-league,Negro Southern League
mlb,310,1932,mlb:negro-southern-league,Negro Southern League
mlb,311,1948,mlb:negro-american-league,Negro American League
mlb,312,1923,mlb:negro-national-league-i,Negro National League (I)
mlb,313,1932,mlb:negro-southern-league,Negro Southern League
mlb,314,1932,mlb:negro-southern-league,Negro Southern League
mlb,315,1948,mlb:negro-national-league-ii,Negro National League (II)
mlb,316,1948,mlb:negro-national-league-ii,Negro National League (II)
mlb,317,1929,mlb:american-negro-league,American Negro League
mlb,318,1932,mlb:negro-east-west-league,Negro East West League
mlb,319,1935,mlb:negro-national-league-ii,Negro National League (II)
mlb,320,1948,mlb:negro-national-league-ii,Negro National League (II)
mlb,321,1926,mlb:eastern-colored-league,Eastern Colored League
mlb,322,1948,mlb:negro-national-league-ii,Negro National League (II)
mlb,323,1928,mlb:eastern-colored-league,Eastern Colored League
mlb,324,1922,mlb:negro-national-league-i,Negro National League (I)
mlb,325,1932,mlb:negro-east-west-league,Negro East West League
mlb,326,1931,mlb:negro-national-league-i,Negro National League (I)
mlb,327,1937,mlb:negro-american-league,Negro American League
mlb,328,1923,mlb:negro-national-league-i,Negro National League (I)
mlb,329,1948,mlb:negro-american-league,Negro American League
mlb,330,1940,mlb:negro-american-league,Negro American League
mlb,331,1938,mlb:negro-national-league-ii,Negro National League (II)
mlb,332,1932,mlb:negro-east-west-league,Negro East West League
mlb,333,1925,mlb:eastern-colored-league,Eastern Colored League
mlb,4,2026,mlb:al,American League
mlb,5,2026,mlb:al,American League
mlb,6,2026,mlb:al,American League
mlb,7,2026,mlb:al,American League
mlb,8,2026,mlb:nl,National League
mlb,9,2026,mlb:al,American League
nba,1,2027,nba:east,Eastern Conference
nba,10,2027,nba:west,Western Conference
nba,11,2027,nba:east,Eastern Conference
nba,12,2027,nba:west,Western Conference
nba,13,2027,nba:west,Western Conference
nba,14,2027,nba:east,Eastern Conference
nba,15,2027,nba:east,Eastern Conference
nba,16,2027,nba:west,Western Conference
nba,17,2027,nba:east,Eastern Conference
nba,18,2027,nba:east,Eastern Conference
nba,19,2027,nba:east,Eastern Conference
nba,2,2027,nba:east,Eastern Conference
nba,20,2027,nba:east,Eastern Conference
nba,21,2027,nba:west,Western Conference
nba,22,2027,nba:west,Western Conference
nba,23,2027,nba:west,Western Conference
nba,24,2027,nba:west,Western Conference
nba,25,2027,nba:west,Western Conference
nba,26,2027,nba:west,Western Conference
nba,27,2027,nba:east,Eastern Conference
nba,28,2027,nba:east,Eastern Conference
nba,29,2027,nba:west,Western Conference
nba,3,2027,nba:west,Western Conference
nba,30,2027,nba:east,Eastern Conference
nba,4,2027,nba:east,Eastern Conference
nba,5,2027,nba:east,Eastern Conference
nba,6,2027,nba:west,Western Conference
nba,7,2027,nba:west,Western Conference
nba,8,2027,nba:east,Eastern Conference
nba,9,2027,nba:west,Western Conference
nfl,1,2026,nfl:nfc,National Football Conference
nfl,10,2026,nfl:afc,American Football Conference
nfl,11,2026,nfl:afc,American Football Conference
nfl,12,2026,nfl:afc,American Football Conference
nfl,13,2026,nfl:afc,American Football Conference
nfl,14,2026,nfl:nfc,National Football Conference
nfl,15,2026,nfl:afc,American Football Conference
nfl,16,2026,nfl:nfc,National Football Conference
nfl,17,2026,nfl:afc,American Football Conference
nfl,18,2026,nfl:nfc,National Football Conference
nfl,19,2026,nfl:nfc,National Football Conference
nfl,2,2026,nfl:afc,American Football Conference
nfl,20,2026,nfl:afc,American Football Conference
nfl,21,2026,nfl:nfc,National Football Conference
nfl,22,2026,nfl:nfc,National Football Conference
nfl,23,2026,nfl:afc,American Football Conference
nfl,24,2026,nfl:afc,American Football Conference
nfl,25,2026,nfl:nfc,National Football Conference
nfl,26,2026,nfl:nfc,National Football Conference
nfl,27,2026,nfl:nfc,National Football Conference
nfl,28,2026,nfl:nfc,National Football Conference
nfl,29,2026,nfl:nfc,National Football Conference
nfl,3,2026,nfl:nfc,National Football Conference
nfl,30,2026,nfl:afc,American Football Conference
nfl,33,2026,nfl:afc,American Football Conference
nfl,34,2026,nfl:afc,American Football Conference
nfl,4,2026,nfl:afc,American Football Conference
nfl,5,2026,nfl:afc,American Football Conference
nfl,6,2026,nfl:nfc,National Football Conference
nfl,7,2026,nfl:afc,American Football Conference
nfl,8,2026,nfl:nfc,National Football Conference
nfl,9,2026,nfl:nfc,National Football Conference
nhl,1,2026,nhl:eastern,Eastern Conference
nhl,10,2026,nhl:eastern,Eastern Conference
nhl,11,2026,nhl:eastern,Eastern Conference
nhl,12,2026,nhl:eastern,Eastern Conference
nhl,124292,2026,nhl:western,Western Conference
nhl,129764,2026,nhl:western,Western Conference
nhl,13,2026,nhl:eastern,Eastern Conference
nhl,14,2026,nhl:eastern,Eastern Conference
nhl,15,2026,nhl:eastern,Eastern Conference
nhl,16,2026,nhl:eastern,Eastern Conference
nhl,17,2026,nhl:western,Western Conference
nhl,18,2026,nhl:western,Western Conference
nhl,19,2026,nhl:western,Western Conference
nhl,2,2026,nhl:eastern,Eastern Conference
nhl,20,2026,nhl:eastern,Eastern Conference
nhl,21,2026,nhl:eastern,Eastern Conference
nhl,22,2026,nhl:western,Western Conference
nhl,23,2026,nhl:eastern,Eastern Conference
nhl,24,2024,nhl:western,Western Conference
nhl,25,2026,nhl:western,Western Conference
nhl,26,2026,nhl:eastern,Eastern Conference
nhl,27,2026,nhl:western,Western Conference
nhl,28,2026,nhl:western,Western Conference
nhl,29,2026,nhl:eastern,Eastern Conference
nhl,3,2026,nhl:western,Western Conference
nhl,30,2026,nhl:western,Western Conference
nhl,37,2026,nhl:western,Western Conference
nhl,4,2026,nhl:western,Western Conference
nhl,5,2026,nhl:eastern,Eastern Conference
nhl,6,2026,nhl:western,Western Conference
nhl,7,2026,nhl:eastern,Eastern Conference
nhl,8,2026,nhl:western,Western Conference
nhl,9,2026,nhl:western,Western Conference
wbb,103,2027,wbb:acc,Atlantic Coast Conference
wbb,104,2027,wbb:patriot,Patriot League
wbb,107,2027,wbb:patriot,Patriot League
wbb,108,2027,wbb:ivy,Ivy League
wbb,111,2027,wbb:caa,Coastal Athletic Association
wbb,112358,2027,wbb:nec,Northeast Conference
wbb,113,2027,wbb:mac,Mid-American Conference
wbb,116,2027,wbb:maac,Metro Atlantic Athletic Conference
wbb,119,2027,wbb:caa,Coastal Athletic Association
wbb,12,2027,wbb:big-12,Big 12 Conference
wbb,120,2027,wbb:big-ten,Big Ten Conference
wbb,127,2027,wbb:big-ten,Big Ten Conference
wbb,13,2027,wbb:big-west,Big West Conference
wbb,130,2027,wbb:big-ten,Big Ten Conference
wbb,135,2027,wbb:big-ten,Big Ten Conference
wbb,139,2027,wbb:atlantic-10,Atlantic 10 Conference
wbb,140,2027,wbb:summit,The Summit League
wbb,142,2027,wbb:sec,Southeastern Conference
wbb,145,2027,wbb:sec,Southeastern Conference
wbb,147,2027,wbb:big-sky,Big Sky Conference
wbb,149,2027,wbb:big-sky,Big Sky Conference
wbb,150,2027,wbb:acc,Atlantic Coast Conference
wbb,151,2027,wbb:american,American Conference
wbb,152,2027,wbb:acc,Atlantic Coast Conference
wbb,153,2027,wbb:acc,Atlantic Coast Conference
wbb,154,2027,wbb:acc,Atlantic Coast Conference
wbb,155,2027,wbb:summit,The Summit League
wbb,156,2027,wbb:big-east,Big East Conference
wbb,158,2027,wbb:big-ten,Big Ten Conference
wbb,159,2027,wbb:ivy,Ivy League
wbb,16,2027,wbb:big-west,Big West Conference
wbb,160,2027,wbb:america-east,America East Conference
wbb,161,2027,wbb:nec,Northeast Conference
wbb,163,2027,wbb:ivy,Ivy League
wbb,164,2027,wbb:big-ten,Big Ten Conference
wbb,166,2027,wbb:cusa,Conference USA
wbb,167,2027,wbb:mountain-west,Mountain West Conference
wbb,171,2027,wbb:ivy,Ivy League
wbb,172,2027,wbb:ivy,Ivy League
wbb,179,2027,wbb:atlantic-10,Atlantic 10 Conference
wbb,183,2027,wbb:acc,Atlantic Coast Conference
wbb,189,2027,wbb:mac,Mid-American Conference
wbb,193,2027,wbb:mac,Mid-American Conference
wbb,194,2027,wbb:big-ten,Big Ten Conference
wbb,195,2027,wbb:mac,Mid-American Conference
wbb,197,2027,wbb:big-12,Big 12 Conference
wbb,198,2027,wbb:summit,The Summit League
wbb,2,2027,wbb:sec,Southeastern Conference
wbb,2000,2027,wbb:wac,United Athletic Conference
wbb,2005,2027,wbb:mountain-west,Mountain West Conference
wbb,2006,2027,wbb:mac,Mid-American Conference
wbb,201,2027,wbb:sec,Southeastern Conference
wbb,2010,2027,wbb:swac,Southwestern Athletic Conference
wbb,2011,2027,wbb:swac,Southwestern Athletic Conference
wbb,2016,2027,wbb:swac,Southwestern Athletic Conference
wbb,202,2027,wbb:american,American Conference
wbb,2026,2027,wbb:sun-belt,Sun Belt Conference
wbb,2029,2027,wbb:swac,Southwestern Athletic Conference
wbb,2031,2027,wbb:wac,United Athletic Conference
wbb,2032,2027,wbb:sun-belt,Sun Belt Conference
wbb,204,2027,wbb:pac-12,Pac-12 Conference
wbb,2046,2027,wbb:wac,United Athletic Conference
wbb,2050,2027,wbb:mac,Mid-American Conference
wbb,2057,2027,wbb:mvc,Missouri Valley Conference
wbb,2065,2027,wbb:swac,Southwestern Athletic Conference
wbb,2066,2027,wbb:america-east,America East Conference
wbb,2083,2027,wbb:patriot,Patriot League
wbb,2084,2027,wbb:mac,Mid-American Conference
wbb,2086,2027,wbb:big-east,Big East Conference
wbb,2097,2027,wbb:caa,Coastal Athletic Association
wbb,2099,2027,wbb:maac,Metro Atlantic Athletic Conference
wbb,21,2027,wbb:pac-12,Pac-12 Conference
wbb,2110,2027,wbb:wac,United Athletic Conference
wbb,2113,2011,wbb:summit,The Summit League
wbb,2115,2027,wbb:nec,Northeast Conference
wbb,2116,2027,wbb:big-12,Big 12 Conference
wbb,2117,2027,wbb:mac,Mid-American Conference
wbb,2127,2027,wbb:big-south,Big South Conference
wbb,213,2027,wbb:big-ten,Big Ten Conference
wbb,2130,2027,wbb:nec,Northeast Conference
wbb,2132,2027,wbb:big-12,Big 12 Conference
wbb,2142,2027,wbb:patriot,Patriot League
wbb,2154,2027,wbb:meac,Mid-Eastern Athletic Conference
wbb,2166,2027,wbb:atlantic-10,Atlantic 10 Conference
wbb,2168,2027,wbb:atlantic-10,Atlantic 10 Conference
wbb,2169,2027,wbb:meac,Mid-Eastern Athletic Conference
wbb,2172,2027,wbb:wcc,West Coast Conference
wbb,2174,2027,wbb:horizon,Horizon League
wbb,218,2027,wbb:american,American Conference
wbb,2181,2027,wbb:mvc,Missouri Valley Conference
wbb,2182,2027,wbb:caa,Coastal Athletic Association
wbb,2184,2027,wbb:atlantic-10,Atlantic 10 Conference
wbb,219,2027,wbb:ivy,Ivy League
wbb,2193,2027,wbb:socon,Southern Conference
wbb,2197,2027,wbb:ovc,Ohio Valley Conference
wbb,2198,2027,wbb:wac,United Athletic Conference
wbb,2199,2027,wbb:mac,Mid-American Conference
wbb,221,2027,wbb:acc,Atlantic Coast Conference
wbb,2210,2027,wbb:caa,Coastal Athletic Association
wbb,2217,2027,wbb:maac,Metro Atlantic Athletic Conference
wbb,222,2027,wbb:big-east,Big East Conference
wbb,2226,2027,wbb:american,American Conference
wbb,2229,2027,wbb:cusa,Conference USA
wbb,2230,2027,wbb:atlantic-10,Atlantic 10 Conference
wbb,2239,2027,wbb:big-west,Big West Conference
wbb,2241,2027,wbb:big-south,Big South Conference
wbb,2244,2027,wbb:atlantic-10,Atlantic 10 Conference
wbb,2247,2027,wbb:sun-belt,Sun Belt Conference
wbb,225,2027,wbb:ivy,Ivy League
wbb,2250,2027,wbb:pac-12,Pac-12 Conference
wbb,2253,2027,wbb:mountain-west,Mountain West Conference
wbb,2261,2027,wbb:caa,Coastal Athletic Association
wbb,227,2027,wbb:atlantic-10,Atlantic 10 Conference
wbb,2272,2027,wbb:big-south,Big South Conference
wbb,2275,2027,wbb:caa,Coastal Athletic Association
wbb,2277,2027,wbb:southland,Southland Conference
wbb,228,2027,wbb:acc,Atlantic Coast Conference
wbb,2287,2027,wbb:mvc,Missouri Valley Conference
wbb,2294,2027,wbb:big-ten,Big Ten Conference
wbb,2296,2027,wbb:swac,Southwestern Athletic Conference
wbb,23,2027,wbb:mountain-west,Mountain West Conference
wbb,2305,2027,wbb:big-12,Big 12 Conference
wbb,2306,2027,wbb:big-12,Big 12 Conference
wbb,2309,2027,wbb:mac,Mid-American Conference
wbb,231,2027,wbb:socon,Southern Conference
wbb,232,2027,wbb:caa,Coastal Athletic Association
wbb,2320,2027,wbb:southland,Southland Conference
wbb,2325,2027,wbb:atlantic-10,Atlantic 10 Conference
wbb,2329,2027,wbb:patriot,Patriot League
wbb,233,2027,wbb:summit,The Summit League
wbb,2330,2027,wbb:nec,Northeast Conference
wbb,2335,2027,wbb:cusa,Conference USA
wbb,2341,2019,wbb:nec,Northeast Conference
wbb,2344,2027,wbb:big-south,Big South Conference
wbb,2348,2027,wbb:cusa,Conference USA
wbb,2349,2027,wbb:america-east,America East Conference
wbb,235,2027,wbb:american,American Conference
wbb,2350,2027,wbb:atlantic-10,Atlantic 10 Conference
wbb,2351,2027,wbb:wcc,West Coast Conference
wbb,2352,2027,wbb:patriot,Patriot League
wbb,236,2027,wbb:socon,Southern Conference
wbb,2363,2027,wbb:maac,Metro Atlantic Athletic Conference
wbb,2368,2027,wbb:maac,Metro Atlantic Athletic Conference
wbb,2377,2027,wbb:southland,Southland Conference
wbb,2378,2027,wbb:america-east,America East Conference
wbb,2379,2027,wbb:meac,Mid-Eastern Athletic Conference
wbb,238,2027,wbb:sec,Southeastern Conference
wbb,2382,2027,wbb:socon,Southern Conference
wbb,2385,2027,wbb:nec,Northeast Conference
wbb,239,2027,wbb:big-12,Big 12 Conference
wbb,2390,2027,wbb:acc,Atlantic Coast Conference
wbb,2393,2027,wbb:cusa,Conference USA
wbb,24,2027,wbb:acc,Atlantic Coast Conference
wbb,2400,2027,wbb:swac,Southwestern Athletic Conference
wbb,2405,2027,wbb:caa,Coastal Athletic Association
wbb,2413,2027,wbb:ovc,Ohio Valley Conference
wbb,2415,2027,wbb:meac,Mid-Eastern Athletic Conference
wbb,2417,2003,wbb:independents,Division I Independents
wbb,242,2027,wbb:american,American Conference
wbb,2426,2027,wbb:patriot,Patriot League
wbb,2427,2027,wbb:big-south,Big South Conference
wbb,2428,2027,wbb:meac,Mid-Eastern Athletic Conference
wbb,2429,2027,wbb:american,American Conference
wbb,2430,2027,wbb:socon,Southern Conference
wbb,2433,2027,wbb:sun-belt,Sun Belt Conference
wbb,2437,2027,wbb:summit,The Summit League
wbb,2439,2027,wbb:mountain-west,Mountain West Conference
wbb,2440,2027,wbb:mountain-west,Mountain West Conference
wbb,2441,2027,wbb:nec,Northeast Conference
wbb,2443,2027,wbb:southland,Southland Conference
wbb,2447,2027,wbb:southland,Southland Conference
wbb,2448,2027,wbb:caa,Coastal Athletic Association
wbb,2449,2027,wbb:summit,The Summit League
wbb,245,2027,wbb:sec,Southeastern Conference
wbb,2450,2027,wbb:meac,Mid-Eastern Athletic Conference
wbb,2453,2027,wbb:wac,United Athletic Conference
wbb,2454,2027,wbb:asun,ASUN Conference
wbb,2458,2027,wbb:big-sky,Big Sky Conference
wbb,2459,2027,wbb:horizon,Horizon League
wbb,2460,2027,wbb:mvc,Missouri Valley Conference
wbb,2463,2027,wbb:big-west,Big West Conference
wbb,2464,2027,wbb:big-sky,Big Sky Conference
wbb,2466,2027,wbb:southland,Southland Conference
wbb,2473,2027,wbb:horizon,Horizon League
wbb,248,2027,wbb:big-12,Big 12 Conference
wbb,2483,2027,wbb:big-ten,Big Ten Conference
wbb,249,2027,wbb:american,American Conference
wbb,2492,2027,wbb:wcc,West Coast Conference
wbb,25,2027,wbb:acc,Atlantic Coast Conference
wbb,250,2027,wbb:wac,United Athletic Conference
wbb,2501,2027,wbb:wcc,West Coast Conference
wbb,2502,2027,wbb:big-sky,Big Sky Conference
wbb,2504,2027,wbb:swac,Southwestern Athletic Conference
wbb,2506,2027,wbb:big-south,Big South Conference
wbb,2507,2027,wbb:big-east,Big East Conference
wbb,2509,2027,wbb:big-ten,Big Ten Conference
wbb,251,2027,wbb:sec,Southeastern Conference
wbb,2511,2027,wbb:asun,ASUN Conference
wbb,2514,2027,wbb:maac,Metro Atlantic Athletic Conference
wbb,2515,2027,wbb:big-south,Big South Conference
wbb,252,2027,wbb:big-12,Big 12 Conference
wbb,2520,2027,wbb:maac,Metro Atlantic Athletic Conference
wbb,2523,2027,wbb:horizon,Horizon League
wbb,2529,2027,wbb:maac,Metro Atlantic Athletic Conference
wbb,253,2027,wbb:big-sky,Big Sky Conference
wbb,2534,2027,wbb:cusa,Conference USA
wbb,2535,2027,wbb:socon,Southern Conference
wbb,2539,2027,wbb:wcc,West Coast Conference
wbb,254,2027,wbb:big-12,Big 12 Conference
wbb,2540,2027,wbb:big-west,Big West Conference
wbb,2541,2027,wbb:wcc,West Coast Conference
wbb,2542,2019,wbb:meac,Mid-Eastern Athletic Conference
wbb,2545,2027,wbb:southland,Southland Conference
wbb,2546,2027,wbb:ovc,Ohio Valley Conference
wbb,2547,2027,wbb:wcc,West Coast Conference
wbb,2550,2027,wbb:big-east,Big East Conference
wbb,256,2027,wbb:sun-belt,Sun Belt Conference
wbb,2561,2027,wbb:maac,Metro Atlantic Athletic Conference
wbb,2565,2027,wbb:ovc,Ohio Valley Conference
wbb,2567,2027,wbb:acc,Atlantic Coast Conference
wbb,2569,2027,wbb:meac,Mid-Eastern Athletic Conference
wbb,257,2027,wbb:atlantic-10,Atlantic 10 Conference
wbb,2571,2027,wbb:summit,The Summit League
wbb,2572,2027,wbb:sun-belt,Sun Belt Conference
wbb,2579,2027,wbb:sec,Southeastern Conference
wbb,258,2027,wbb:acc,Atlantic Coast Conference
wbb,2582,2027,wbb:swac,Southwestern Athletic Conference
wbb,259,2027,wbb:acc,Atlantic Coast Conference
wbb,2597,2023,wbb:nec,Northeast Conference
wbb,2598,2026,wbb:nec,Northeast Conference
wbb,2599,2027,wbb:big-east,Big East Conference
wbb,26,2027,wbb:big-ten,Big Ten Conference
wbb,2603,2027,wbb:atlantic-10,Atlantic 10 Conference
wbb,2608,2027,wbb:wcc,West Coast Conference
wbb,261,2027,wbb:america-east,America East Conference
wbb,2612,2027,wbb:maac,Metro Atlantic Athletic Conference
wbb,2617,2027,wbb:southland,Southland Conference
wbb,2619,2027,wbb:caa,Coastal Athletic Association
wbb,2623,2027,wbb:cusa,Conference USA
wbb,2627,2027,wbb:wac,United Athletic Conference
wbb,2628,2027,wbb:big-12,Big 12 Conference
wbb,2630,2027,wbb:ovc,Ohio Valley Conference
wbb,2633,2027,wbb:sec,Southeastern Conference
wbb,2634,2027,wbb:ovc,Ohio Valley Conference
wbb,2635,2027,wbb:socon,Southern Conference
wbb,2636,2027,wbb:american,American Conference
wbb,2638,2027,wbb:mountain-west,Mountain West Conference
wbb,264,2027,wbb:big-ten,Big Ten Conference
wbb,2640,2027,wbb:swac,Southwestern Athletic Conference
wbb,2641,2027,wbb:big-12,Big 12 Conference
wbb,2649,2027,wbb:mac,Mid-American Conference
wbb,265,2027,wbb:pac-12,Pac-12 Conference
wbb,2653,2027,wbb:sun-belt,Sun Belt Conference
wbb,2655,2027,wbb:american,American Conference
wbb,2670,2027,wbb:atlantic-10,Atlantic 10 Conference
wbb,2674,2027,wbb:mvc,Missouri Valley Conference
wbb,2678,2007,wbb:big-south,Big South Conference
wbb,2681,2027,wbb:nec,Northeast Conference
wbb,269,2027,wbb:big-east,Big East Conference
wbb,2692,2027,wbb:big-sky,Big Sky Conference
wbb,2697,2027,wbb:asun,ASUN Conference
wbb,2698,2027,wbb:wac,United Athletic Conference
wbb,27,2027,wbb:big-west,Big West Conference
wbb,270,2027,wbb:horizon,Horizon League
wbb,2710,2027,wbb:ovc,Ohio Valley Conference
wbb,2711,2027,wbb:mac,Mid-American Conference
wbb,2717,2027,wbb:socon,Southern Conference
wbb,2724,2027,wbb:american,American Conference
wbb,2729,2027,wbb:caa,Coastal Athletic Association
wbb,2736,2010,wbb:independents,Division I Independents
wbb,2737,2027,wbb:big-south,Big South Conference
wbb,2739,2027,wbb:horizon,Horizon League
wbb,2747,2027,wbb:socon,Southern Conference
wbb,275,2027,wbb:big-ten,Big Ten Conference
wbb,2750,2027,wbb:horizon,Horizon League
wbb,2751,2027,wbb:mountain-west,Mountain West Conference
wbb,2752,2027,wbb:big-east,Big East Conference
wbb,2754,2027,wbb:horizon,Horizon League
wbb,2755,2027,wbb:swac,Southwestern Athletic Conference
wbb,276,2027,wbb:sun-belt,Sun Belt Conference
wbb,277,2027,wbb:big-12,Big 12 Conference
wbb,2771,2027,wbb:maac,Metro Atlantic Athletic Conference
wbb,278,2027,wbb:pac-12,Pac-12 Conference
wbb,279,2027,wbb:wcc,West Coast Conference
wbb,28,2027,wbb:big-west,Big West Conference
wbb,2803,2027,wbb:america-east,America East Conference
wbb,2815,2027,wbb:ovc,Ohio Valley Conference
wbb,282,2027,wbb:mvc,Missouri Valley Conference
wbb,2837,2027,wbb:southland,Southland Conference
wbb,284,2027,wbb:nec,Northeast Conference
wbb,2856,2027,wbb:big-west,Big West Conference
wbb,2870,2027,wbb:horizon,Horizon League
wbb,288,2027,wbb:asun,ASUN Conference
wbb,2885,2027,wbb:america-east,America East Conference
wbb,290,2027,wbb:sun-belt,Sun Belt Conference
wbb,2900,2027,wbb:summit,The Summit League
wbb,2908,2027,wbb:big-south,Big South Conference
wbb,2916,2027,wbb:southland,Southland Conference
wbb,292,2027,wbb:southland,Southland Conference
wbb,2934,2027,wbb:big-west,Big West Conference
wbb,294,2027,wbb:asun,ASUN Conference
wbb,295,2027,wbb:sun-belt,Sun Belt Conference
wbb,299,2027,wbb:big-west,Big West Conference
wbb,3,2006,wbb:big-south,Big South Conference
wbb,30,2027,wbb:big-ten,Big Ten Conference
wbb,300,2027,wbb:big-west,Big West Conference
wbb,301,2027,wbb:wcc,West Coast Conference
wbb,302,2027,wbb:mountain-west,Mountain West Conference
wbb,304,2027,wbb:big-sky,Big Sky Conference
wbb,305,2027,wbb:big-east,Big East Conference
wbb,3084,2027,wbb:big-west,Big West Conference
wbb,309,2027,wbb:sun-belt,Sun Belt Conference
wbb,3101,2027,wbb:big-sky,Big Sky Conference
wbb,311,2027,wbb:america-east,America East Conference
wbb,314,2027,wbb:maac,Metro Atlantic Athletic Conference
wbb,315,2027,wbb:maac,Metro Atlantic Athletic Conference
wbb,322,2027,wbb:patriot,Patriot League
wbb,324,2027,wbb:sun-belt,Sun Belt Conference
wbb,325,2027,wbb:horizon,Horizon League
wbb,326,2027,wbb:pac-12,Pac-12 Conference
wbb,328,2027,wbb:pac-12,Pac-12 Conference
wbb,331,2027,wbb:big-sky,Big Sky Conference
wbb,333,2027,wbb:sec,Southeastern Conference
wbb,338,2027,wbb:cusa,Conference USA
wbb,339,2027,wbb:mvc,Missouri Valley Conference
wbb,344,2027,wbb:sec,Southeastern Conference
wbb,349,2027,wbb:patriot,Patriot League
wbb,350,2027,wbb:caa,Coastal Athletic Association
wbb,356,2027,wbb:big-ten,Big Ten Conference
wbb,357,2027,wbb:southland,Southland Conference
wbb,36,2027,wbb:pac-12,Pac-12 Conference
wbb,38,2027,wbb:big-12,Big 12 Conference
wbb,399,2027,wbb:america-east,America East Conference
wbb,41,2027,wbb:big-east,Big East Conference
wbb,42,2023,wbb:independents,Division I Independents
wbb,43,2027,wbb:ivy,Ivy League
wbb,44,2027,wbb:patriot,Patriot League
wbb,45,2027,wbb:atlantic-10,Atlantic 10 Conference
wbb,46,2027,wbb:big-east,Big East Conference
wbb,47,2027,wbb:meac,Mid-Eastern Athletic Conference
wbb,48,2027,wbb:cusa,Conference USA
wbb,5,2027,wbb:american,American Conference
wbb,50,2027,wbb:swac,Southwestern Athletic Conference
wbb,52,2027,wbb:acc,Atlantic Coast Conference
wbb,526,2027,wbb:asun,ASUN Conference
wbb,55,2027,wbb:cusa,Conference USA
wbb,56,2027,wbb:asun,ASUN Conference
wbb,57,2027,wbb:sec,Southeastern Conference
wbb,58,2027,wbb:american,American Conference
wbb,59,2027,wbb:acc,Atlantic Coast Conference
wbb,6,2027,wbb:sun-belt,Sun Belt Conference
wbb,61,2027,wbb:sec,Southeastern Conference
wbb,62,2027,wbb:mountain-west,Mountain West Conference
wbb,66,2027,wbb:big-12,Big 12 Conference
wbb,68,2027,wbb:pac-12,Pac-12 Conference
wbb,70,2027,wbb:big-sky,Big Sky Conference
wbb,71,2027,wbb:mvc,Missouri Valley Conference
wbb,77,2027,wbb:big-ten,Big Ten Conference
wbb,79,2027,wbb:mvc,Missouri Valley Conference
wbb,8,2027,wbb:sec,Southeastern Conference
wbb,82,2027,wbb:mvc,Missouri Valley Conference
wbb,84,2027,wbb:big-ten,Big Ten Conference
wbb,85,2027,wbb:horizon,Horizon League
wbb,87,2027,wbb:acc,Atlantic Coast Conference
wbb,88,2027,wbb:ovc,Ohio Valley Conference
wbb,9,2027,wbb:big-12,Big 12 Conference
wbb,91,2027,wbb:asun,ASUN Conference
wbb,93,2027,wbb:mvc,Missouri Valley Conference
wbb,94,2027,wbb:horizon,Horizon League
wbb,96,2027,wbb:sec,Southeastern Conference
wbb,97,2027,wbb:acc,Atlantic Coast Conference
wbb,98,2027,wbb:cusa,Conference USA
wbb,99,2027,wbb:sec,Southeastern Conference
wnba,1,2006,wnba:east,Eastern Conference
wnba,10,2002,wnba:east,Eastern Conference
wnba,11,2026,wnba:west,Western Conference
wnba,129689,2026,wnba:west,Western Conference
wnba,13,2009,wnba:west,Western Conference
wnba,131935,2026,wnba:east,Eastern Conference
wnba,132052,2026,wnba:west,Western Conference
wnba,14,2026,wnba:west,Western Conference
wnba,15,2002,wnba:west,Western Conference
wnba,16,2026,wnba:east,Eastern Conference
wnba,17,2026,wnba:west,Western Conference
wnba,18,2026,wnba:east,Eastern Conference
wnba,19,2026,wnba:east,Eastern Conference
wnba,2,2003,wnba:east,Eastern Conference
wnba,20,2026,wnba:east,Eastern Conference
wnba,3,2026,wnba:west,Western Conference
wnba,4,2008,wnba:west,Western Conference
wnba,5,2026,wnba:east,Eastern Conference
wnba,6,2026,wnba:west,Western Conference
wnba,7,2002,wnba:east,Eastern Conference
wnba,8,2026,wnba:west,Western Conference
wnba,9,2026,wnba:east,Eastern Conference
