league,ncaa_id,team_id
cfb,113180,2657
cfb,113270,2682
cfb,113478,2258
cfb,113525,2006
cfb,113526,333
cfb,113527,2026
cfb,113528,9
cfb,113529,12
cfb,113530,2032
cfb,113531,8
cfb,113532,2
cfb,113533,2050
cfb,113534,239
cfb,113535,68
cfb,113536,103
cfb,113537,189
cfb,113538,252
cfb,113539,2084
cfb,113540,278
cfb,113541,25
cfb,113542,26
cfb,113543,2116
cfb,113544,2117
cfb,113545,2132
cfb,113546,228
cfb,113547,324
cfb,113548,36
cfb,113549,38
cfb,113550,41
cfb,113551,150
cfb,113552,151
cfb,113553,2199
cfb,113554,2226
cfb,113555,2229
cfb,113556,52
cfb,113557,57
cfb,113558,290
cfb,113559,2247
cfb,113560,59
cfb,113561,61
cfb,113562,62
cfb,113563,248
cfb,113564,70
cfb,113565,356
cfb,113566,84
cfb,113567,66
cfb,113568,2294
cfb,113569,2306
cfb,113570,2305
cfb,113571,2309
cfb,113572,96
cfb,113573,99
cfb,113574,2348
cfb,113575,97
cfb,113576,276
cfb,113577,120
cfb,113578,113
cfb,113579,235
cfb,113580,193
cfb,113581,2390
cfb,113582,127
cfb,113583,130
cfb,113584,2393
cfb,113585,135
cfb,113586,344
cfb,113587,145
cfb,113588,142
cfb,113589,153
cfb,113590,2429
cfb,113591,158
cfb,113592,2439
cfb,113593,2440
cfb,113594,166
cfb,113595,167
cfb,113596,152
cfb,113597,249
cfb,113598,2433
cfb,113599,2459
cfb,113600,77
cfb,113601,87
cfb,113602,194
cfb,113603,195
cfb,113604,197
cfb,113605,201
cfb,113606,295
cfb,113607,204
cfb,113608,2483
cfb,113609,213
cfb,113610,221
cfb,113611,2509
cfb,113612,242
cfb,113613,164
cfb,113614,21
cfb,113615,23
cfb,113616,6
cfb,113617,2579
cfb,113618,58
cfb,113619,30
cfb,113620,2567
cfb,113621,2572
cfb,113622,326
cfb,113623,309
cfb,113624,24
cfb,113625,183
cfb,113626,218
cfb,113627,2633
cfb,113628,245
cfb,113629,2628
cfb,113630,2641
cfb,113631,251
cfb,113632,2638
cfb,113633,2636
cfb,113634,2649
cfb,113635,2653
cfb,113636,2655
cfb,113637,202
cfb,113638,2005
cfb,113639,349
cfb,113640,2426
cfb,113641,328
cfb,113642,254
cfb,113643,238
cfb,113644,259
cfb,113645,258
cfb,113646,154
cfb,113647,265
cfb,113648,264
cfb,113649,277
cfb,113650,98
cfb,113651,2711
cfb,113652,275
cfb,113653,2751
cfb,113654,2000
cfb,113655,2010
cfb,113656,2011
cfb,113657,399
cfb,113658,2016
cfb,113659,2046
cfb,113660,2127
cfb,113661,2065
cfb,113662,225
cfb,113663,2803
cfb,113664,2083
cfb,113665,2086
cfb,113666,13
cfb,113667,16
cfb,113668,302
cfb,113669,2097
cfb,113670,2115
cfb,113671,2643
cfb,113672,2142
cfb,113673,171
cfb,113674,172
cfb,113675,159
cfb,113676,2166
cfb,113677,2168
cfb,113678,2169
cfb,113679,48
cfb,113680,2181
cfb,113681,2184
cfb,113682,2193
cfb,113683,2197
cfb,113684,2198
cfb,113685,331
cfb,113686,50
cfb,113687,2230
cfb,113688,231
cfb,113689,46
cfb,113691,2261
cfb,113692,108
cfb,113693,107
cfb,113694,2277
cfb,113695,47
cfb,113696,304
cfb,113697,2287
cfb,113698,282
cfb,113699,2296
cfb,113700,55
cfb,113701,294
cfb,113702,256
cfb,113703,322
cfb,113704,2320
cfb,113705,2329
cfb,113706,2335
cfb,113707,311
cfb,113708,2368
cfb,113709,2377
cfb,113710,2382
cfb,113711,2400
cfb,113712,2405
cfb,113713,147
cfb,113714,149
cfb,113715,2413
cfb,113716,2415
cfb,113717,93
cfb,113718,160
cfb,113719,2447
cfb,113720,2450
cfb,113721,2448
cfb,113722,2428
cfb,113723,2449
cfb,113724,155
cfb,113725,2464
cfb,113726,2458
cfb,113727,2460
cfb,113728,2466
cfb,113729,219
cfb,113730,2502
cfb,113731,2504
cfb,113732,163
cfb,113733,227
cfb,113734,257
cfb,113735,2523
cfb,113736,2529
cfb,113737,2598
cfb,113738,2534
cfb,113739,2535
cfb,113740,301
cfb,113741,2542
cfb,113742,2569
cfb,113743,2571
cfb,113744,233
cfb,113745,2546
cfb,113746,2545
cfb,113747,79
cfb,113748,2582
cfb,113749,253
cfb,113750,2623
cfb,113751,2617
cfb,113752,56
cfb,113753,2619
cfb,113754,2634
cfb,113755,2635
cfb,113756,236
cfb,113757,2630
cfb,113758,2640
cfb,113759,119
cfb,113760,2674
cfb,113761,222
cfb,113762,2678
cfb,113763,2681
cfb,113764,2692
cfb,113765,2717
cfb,113766,2710
cfb,113767,2729
cfb,113768,43
cfb,113769,2754
cfb,113770,2110
cfb,113771,2210
cfb,113772,2241
cfb,113773,338
cfb,113774,2506
cfb,113775,2029
cfb,113776,2916
cfb,113777,2747
cfb,19233,2316
cfb,19305,2369
cfb,19331,2804
cfb,19364,2560
cfb,19614,2006
cfb,19615,333
cfb,19616,2026
cfb,19617,9
cfb,19618,12
cfb,19619,2032
cfb,19620,8
cfb,19621,2
cfb,19622,2050
cfb,19623,239
cfb,19624,68
cfb,19625,103
cfb,19626,189
cfb,19627,252
cfb,19628,2084
cfb,19629,278
cfb,19630,25
cfb,19631,26
cfb,19632,2116
cfb,19633,2117
cfb,19634,2132
cfb,19635,228
cfb,19636,36
cfb,19637,38
cfb,19638,41
cfb,19639,150
cfb,19640,151
cfb,19641,2199
cfb,19642,2226
cfb,19643,2229
cfb,19644,52
cfb,19645,57
cfb,19646,290
cfb,19647,2247
cfb,19648,59
cfb,19649,61
cfb,19650,62
cfb,19651,248
cfb,19652,70
cfb,19653,356
cfb,19654,84
cfb,19655,66
cfb,19656,2294
cfb,19657,2306
cfb,19658,2305
cfb,19659,2309
cfb,19660,96
cfb,19661,99
cfb,19662,2348
cfb,19663,97
cfb,19664,276
cfb,19665,120
cfb,19666,113
cfb,19667,235
cfb,19668,193
cfb,19669,2390
cfb,19670,127
cfb,19671,130
cfb,19672,2393
cfb,19673,135
cfb,19674,344
cfb,19675,145
cfb,19676,142
cfb,19677,153
cfb,19678,2429
cfb,19679,158
cfb,19680,2439
cfb,19681,2440
cfb,19682,166
cfb,19683,167
cfb,19684,152
cfb,19685,249
cfb,19686,2433
cfb,19687,2459
cfb,19688,77
cfb,19689,87
cfb,19690,194
cfb,19691,195
cfb,19692,197
cfb,19693,201
cfb,19694,295
cfb,19695,204
cfb,19696,2483
cfb,19697,213
cfb,19698,221
cfb,19699,2509
cfb,19700,242
cfb,19701,164
cfb,19702,21
cfb,19703,23
cfb,19704,6
cfb,19706,58
cfb,19707,30
cfb,19708,2567
cfb,19709,2572
cfb,19710,326
cfb,19711,309
cfb,19712,24
cfb,19713,183
cfb,19714,218
cfb,19715,2633
cfb,19716,245
cfb,19717,2628
cfb,19718,2641
cfb,19719,251
cfb,19720,2638
cfb,19721,2636
cfb,19722,2649
cfb,19723,2653
cfb,19724,2655
cfb,19725,202
cfb,19726,2005
cfb,19728,2426
cfb,19729,328
cfb,19730,254
cfb,19731,238
cfb,19732,259
cfb,19733,258
cfb,19734,154
cfb,19735,265
cfb,19736,264
cfb,19737,277
cfb,19738,98
cfb,19739,2711
cfb,19740,275
cfb,19741,2751
cfb,19742,2000
cfb,19745,399
cfb,19747,2046
cfb,19748,2127
cfb,19749,2065
cfb,19750,225
cfb,19751,2803
cfb,19752,2083
cfb,19753,2086
cfb,19754,13
cfb,19755,16
cfb,19756,302
cfb,19757,2097
cfb,19758,2115
cfb,19759,2643
cfb,19760,324
cfb,19761,2142
cfb,19762,171
cfb,19763,172
cfb,19764,159
cfb,19765,2166
cfb,19766,2168
cfb,19767,2169
cfb,19768,48
cfb,19769,2181
cfb,19770,2184
cfb,19771,2193
cfb,19772,2197
cfb,19773,2198
cfb,19774,331
cfb,19775,50
cfb,19776,2230
cfb,19777,231
cfb,19778,46
cfb,19779,2755
cfb,19780,2261
cfb,19781,108
cfb,19782,107
cfb,19783,2277
cfb,19784,47
cfb,19785,304
cfb,19786,2287
cfb,19787,282
cfb,19788,2296
cfb,19789,55
cfb,19790,294
cfb,19791,256
cfb,19792,322
cfb,19793,2320
cfb,19794,2329
cfb,19795,2335
cfb,19796,311
cfb,19797,2368
cfb,19798,2377
cfb,19799,2382
cfb,19800,2400
cfb,19801,2405
cfb,19802,147
cfb,19803,149
cfb,19804,2413
cfb,19805,2415
cfb,19806,93
cfb,19807,160
cfb,19808,2447
cfb,19809,2450
cfb,19810,2448
cfb,19811,2428
cfb,19812,2449
cfb,19813,155
cfb,19814,2464
cfb,19815,2458
cfb,19816,2460
cfb,19817,2466
cfb,19818,219
cfb,19819,2502
cfb,19820,2504
cfb,19821,163
cfb,19822,227
cfb,19823,257
cfb,19824,2523
cfb,19825,2529
cfb,19826,2598
cfb,19827,2534
cfb,19828,2535
cfb,19829,301
cfb,19830,2542
cfb,19831,2569
cfb,19832,2571
cfb,19833,233
cfb,19834,2546
cfb,19835,2545
cfb,19836,79
cfb,19837,2582
cfb,19838,253
cfb,19839,2623
cfb,19840,2617
cfb,19841,56
cfb,19842,2619
cfb,19843,2634
cfb,19844,2635
cfb,19845,236
cfb,19846,2630
cfb,19847,2640
cfb,19848,119
cfb,19849,2674
cfb,19850,222
cfb,19851,2678
cfb,19852,2681
cfb,19853,2692
cfb,19854,2717
cfb,19855,2710
cfb,19856,2729
cfb,19857,43
cfb,19858,2754
cfb,19859,2110
cfb,19860,2210
cfb,19861,2241
cfb,19862,338
cfb,19863,2506
cfb,19864,2029
cfb,19865,2916
cfb,19866,2747
cfb,423340,5
cfb,449782,5
cfb,449783,2006
cfb,449784,333
cfb,449785,2026
cfb,449786,9
cfb,449787,12
cfb,449788,2032
cfb,449789,8
cfb,449790,2
cfb,449791,2050
cfb,449792,239
cfb,449793,68
cfb,449794,103
cfb,449795,189
cfb,449796,252
cfb,449797,2084
cfb,449798,278
cfb,449799,25
cfb,449800,26
cfb,449801,2116
cfb,449802,2117
cfb,449803,2132
cfb,449804,228
cfb,449805,324
cfb,449806,36
cfb,449807,38
cfb,449808,41
cfb,449809,150
cfb,449810,151
cfb,449811,2199
cfb,449812,2226
cfb,449813,2229
cfb,449814,52
cfb,449815,57
cfb,449816,290
cfb,449817,2247
cfb,449818,59
cfb,449820,62
cfb,449821,248
cfb,449822,70
cfb,449823,356
cfb,449824,84
cfb,449825,66
cfb,449826,2294
cfb,449827,2306
cfb,449828,2305
cfb,449829,2309
cfb,449830,96
cfb,449831,99
cfb,449832,2348
cfb,449833,97
cfb,449834,276
cfb,449835,120
cfb,449836,113
cfb,449837,235
cfb,449838,193
cfb,449839,2390
cfb,449840,127
cfb,449841,130
cfb,449842,2393
cfb,449843,135
cfb,449844,344
cfb,449845,145
cfb,449846,142
cfb,449847,153
cfb,449848,2429
cfb,449849,158
cfb,449850,2439
cfb,449851,2440
cfb,449852,166
cfb,449853,167
cfb,449854,152
cfb,449855,249
cfb,449856,2433
cfb,449857,2459
cfb,449858,77
cfb,449859,87
cfb,449860,194
cfb,449861,195
cfb,449862,197
cfb,449863,201
cfb,449864,295
cfb,449865,204
cfb,449866,2483
cfb,449867,213
cfb,449868,221
cfb,449869,2509
cfb,449870,242
cfb,449871,164
cfb,449872,21
cfb,449873,23
cfb,449874,6
cfb,449875,2579
cfb,449876,58
cfb,449877,30
cfb,449878,2567
cfb,449879,2572
cfb,449880,326
cfb,449881,309
cfb,449882,24
cfb,449883,183
cfb,449884,218
cfb,449885,2633
cfb,449886,245
cfb,449887,2628
cfb,449889,251
cfb,449890,2638
cfb,449891,2636
cfb,449892,2649
cfb,449893,2653
cfb,449894,2655
cfb,449895,202
cfb,449896,2005
cfb,449897,349
cfb,449898,2426
cfb,449899,328
cfb,449900,254
cfb,449901,238
cfb,449902,259
cfb,449903,258
cfb,449904,154
cfb,449905,265
cfb,449906,264
cfb,449907,277
cfb,449908,98
cfb,449909,2711
cfb,449910,275
cfb,449911,2751
cfb,449912,2335
cfb,449913,2000
cfb,449914,2010
cfb,449915,2011
cfb,449916,399
cfb,449917,2016
cfb,449918,2046
cfb,449919,2127
cfb,449920,2065
cfb,449921,225
cfb,449922,2803
cfb,449923,2083
cfb,449924,2086
cfb,449925,13
cfb,449927,302
cfb,449928,2097
cfb,449929,2115
cfb,449930,2643
cfb,449931,2142
cfb,449932,171
cfb,449933,172
cfb,449934,159
cfb,449935,2166
cfb,449936,2168
cfb,449937,2169
cfb,449938,48
cfb,449939,2181
cfb,449940,2184
cfb,449941,2193
cfb,449942,2197
cfb,449943,2198
cfb,449944,331
cfb,449945,50
cfb,449946,2230
cfb,449947,231
cfb,449948,46
cfb,449949,2755
cfb,449950,2261
cfb,449951,108
cfb,449952,107
cfb,449953,2277
cfb,449954,47
cfb,449955,304
cfb,449956,2287
cfb,449957,282
cfb,449958,2296
cfb,449959,55
cfb,449960,294
cfb,449961,256
cfb,449962,322
cfb,449963,2320
cfb,449964,2329
cfb,449965,311
cfb,449966,2368
cfb,449967,2377
cfb,449968,2382
cfb,449969,2400
cfb,449970,2405
cfb,449971,147
cfb,449972,149
cfb,449973,2413
cfb,449974,2415
cfb,449975,93
cfb,449976,160
cfb,449977,2447
cfb,449978,2450
cfb,449979,2448
cfb,449980,2428
cfb,449981,2449
cfb,449982,155
cfb,449983,2464
cfb,449984,2458
cfb,449985,2460
cfb,449987,219
cfb,449988,2502
cfb,449989,2504
cfb,449990,163
cfb,449991,227
cfb,449992,257
cfb,449993,2523
cfb,449994,2529
cfb,449995,2598
cfb,449996,2534
cfb,449997,2535
cfb,449998,301
cfb,449999,2542
cfb,450000,2569
cfb,450001,2571
cfb,450002,233
cfb,450003,2546
cfb,450005,79
cfb,450006,2582
cfb,450007,253
cfb,450008,2623
cfb,450009,2617
cfb,450010,56
cfb,450011,2619
cfb,450012,2634
cfb,450013,2635
cfb,450014,236
cfb,450015,2630
cfb,450016,2640
cfb,450017,119
cfb,450018,2674
cfb,450019,222
cfb,450020,2678
cfb,450021,2681
cfb,450022,2692
cfb,450023,2717
cfb,450024,2710
cfb,450025,2729
cfb,450026,43
cfb,450027,2754
cfb,450028,2110
cfb,450029,2210
cfb,450030,2241
cfb,450031,338
cfb,450032,2506
cfb,450033,2029
cfb,450034,2916
cfb,450035,2747
cfb,450059,2560
cfb,450120,2453
cfb,450132,2551
cfb,450183,2703
cfb,450195,2804
cfb,477989,5
cfb,477990,2006
cfb,477991,333
cfb,477992,2026
cfb,477993,9
cfb,477994,12
cfb,477995,2032
cfb,477996,8
cfb,477997,2
cfb,477998,2050
cfb,477999,239
cfb,478000,68
cfb,478001,103
cfb,478002,189
cfb,478003,252
cfb,478004,2084
cfb,478005,278
cfb,478006,25
cfb,478007,26
cfb,478008,2116
cfb,478009,2117
cfb,478010,2132
cfb,478011,228
cfb,478012,324
cfb,478013,36
cfb,478014,38
cfb,478015,41
cfb,478016,150
cfb,478017,151
cfb,478018,2199
cfb,478019,2226
cfb,478020,2229
cfb,478021,52
cfb,478022,57
cfb,478023,290
cfb,478024,2247
cfb,478025,59
cfb,478026,61
cfb,478027,62
cfb,478028,248
cfb,478029,356
cfb,478030,84
cfb,478031,66
cfb,478032,2294
cfb,478033,2306
cfb,478034,2305
cfb,478035,2309
cfb,478036,96
cfb,478037,99
cfb,478038,2348
cfb,478039,97
cfb,478040,276
cfb,478041,120
cfb,478042,113
cfb,478043,235
cfb,478044,193
cfb,478045,2390
cfb,478046,127
cfb,478047,130
cfb,478048,2393
cfb,478049,135
cfb,478050,344
cfb,478051,145
cfb,478052,142
cfb,478053,153
cfb,478054,2429
cfb,478055,158
cfb,478056,2439
cfb,478057,2440
cfb,478058,166
cfb,478059,167
cfb,478060,152
cfb,478061,249
cfb,478062,2433
cfb,478063,2459
cfb,478064,77
cfb,478065,87
cfb,478066,194
cfb,478067,195
cfb,478068,197
cfb,478070,295
cfb,478071,204
cfb,478072,2483
cfb,478073,213
cfb,478074,221
cfb,478075,2509
cfb,478076,242
cfb,478077,164
cfb,478078,21
cfb,478079,23
cfb,478080,6
cfb,478081,2579
cfb,478082,58
cfb,478083,30
cfb,478084,2567
cfb,478085,2572
cfb,478086,326
cfb,478087,309
cfb,478088,24
cfb,478089,183
cfb,478090,218
cfb,478091,2633
cfb,478092,245
cfb,478093,2628
cfb,478094,2641
cfb,478095,251
cfb,478096,2638
cfb,478097,2636
cfb,478098,2649
cfb,478099,2653
cfb,478100,2655
cfb,478101,202
cfb,478102,2005
cfb,478103,349
cfb,478104,2426
cfb,478105,328
cfb,478106,254
cfb,478107,238
cfb,478108,259
cfb,478109,258
cfb,478110,154
cfb,478111,265
cfb,478112,264
cfb,478113,277
cfb,478114,98
cfb,478115,2711
cfb,478116,275
cfb,478117,2751
cfb,478118,2335
cfb,478119,70
cfb,478120,2000
cfb,478121,2010
cfb,478122,2011
cfb,478123,399
cfb,478124,2016
cfb,478125,2046
cfb,478126,2127
cfb,478128,225
cfb,478129,2803
cfb,478130,2083
cfb,478131,2086
cfb,478132,13
cfb,478133,16
cfb,478134,302
cfb,478135,2097
cfb,478136,2115
cfb,478137,2643
cfb,478138,2142
cfb,478139,171
cfb,478140,172
cfb,478141,159
cfb,478142,2166
cfb,478143,2168
cfb,478144,2169
cfb,478145,48
cfb,478146,2181
cfb,478147,2184
cfb,478148,2193
cfb,478149,2197
cfb,478150,2198
cfb,478151,331
cfb,478152,50
cfb,478153,2230
cfb,478154,231
cfb,478155,46
cfb,478156,2755
cfb,478157,2261
cfb,478158,108
cfb,478159,107
cfb,478160,2277
cfb,478161,47
cfb,478162,304
cfb,478163,2287
cfb,478164,282
cfb,478165,2296
cfb,478166,55
cfb,478167,294
cfb,478168,256
cfb,478169,322
cfb,478170,2320
cfb,478171,2329
cfb,478172,311
cfb,478173,2368
cfb,478174,2377
cfb,478175,2382
cfb,478176,2400
cfb,478177,2405
cfb,478178,147
cfb,478179,149
cfb,478180,2413
cfb,478181,2415
cfb,478182,93
cfb,478183,160
cfb,478184,2447
cfb,478185,2450
cfb,478186,2448
cfb,478187,2428
cfb,478188,2449
cfb,478189,155
cfb,478190,2464
cfb,478191,2458
cfb,478192,2460
cfb,478193,2466
cfb,478194,219
cfb,478195,2502
cfb,478196,2504
cfb,478197,163
cfb,478198,227
cfb,478199,257
cfb,478200,2523
cfb,478201,2529
cfb,478202,2598
cfb,478203,2534
cfb,478204,2535
cfb,478205,301
cfb,478206,2542
cfb,478207,2569
cfb,478208,2571
cfb,478209,233
cfb,478210,2546
cfb,478211,2545
cfb,478212,79
cfb,478213,2582
cfb,478214,253
cfb,478215,2623
cfb,478216,2617
cfb,478217,56
cfb,478218,2619
cfb,478219,2634
cfb,478220,2635
cfb,478221,236
cfb,478222,2630
cfb,478223,2640
cfb,478224,119
cfb,478225,2674
cfb,478226,222
cfb,478227,2678
cfb,478228,2681
cfb,478229,2692
cfb,478230,2717
cfb,478231,2710
cfb,478232,2729
cfb,478233,43
cfb,478234,2754
cfb,478235,2110
cfb,478236,2210
cfb,478237,2241
cfb,478238,338
cfb,478239,2506
cfb,478240,2029
cfb,478241,2916
cfb,478242,2747
cfb,478243,2453
cfb,478294,2207
cfb,478306,2310
cfb,478309,2323
cfb,478318,2771
cfb,478327,2654
cfb,488153,2341
cfb,499510,5
cfb,499511,2006
cfb,499512,333
cfb,499513,2026
cfb,499514,9
cfb,499515,12
cfb,499516,2032
cfb,499517,8
cfb,499518,2
cfb,499519,2050
cfb,499520,239
cfb,499521,68
cfb,499522,103
cfb,499523,189
cfb,499524,252
cfb,499525,2084
cfb,499526,278
cfb,499527,25
cfb,499528,26
cfb,499529,2116
cfb,499530,2117
cfb,499532,228
cfb,499533,324
cfb,499534,36
cfb,499535,38
cfb,499537,150
cfb,499538,151
cfb,499539,2199
cfb,499540,2226
cfb,499541,2229
cfb,499542,52
cfb,499543,57
cfb,499544,290
cfb,499545,2247
cfb,499546,59
cfb,499549,248
cfb,499550,356
cfb,499551,84
cfb,499552,66
cfb,499553,2294
cfb,499554,2306
cfb,499555,2305
cfb,499556,2309
cfb,499557,96
cfb,499558,99
cfb,499559,2348
cfb,499560,97
cfb,499561,276
cfb,499562,120
cfb,499563,113
cfb,499564,235
cfb,499565,193
cfb,499566,2390
cfb,499567,127
cfb,499568,130
cfb,499569,2393
cfb,499570,135
cfb,499571,344
cfb,499572,145
cfb,499573,142
cfb,499574,153
cfb,499575,2429
cfb,499576,158
cfb,499577,2439
cfb,499578,2440
cfb,499581,152
cfb,499582,249
cfb,499583,2433
cfb,499584,2459
cfb,499586,87
cfb,499588,195
cfb,499589,197
cfb,499590,201
cfb,499592,204
cfb,499593,2483
cfb,499594,213
cfb,499595,221
cfb,499596,2509
cfb,499597,242
cfb,499598,164
cfb,499599,21
cfb,499601,6
cfb,499602,2579
cfb,499603,58
cfb,499604,30
cfb,499605,2567
cfb,499606,2572
cfb,499607,326
cfb,499608,309
cfb,499609,24
cfb,499610,183
cfb,499611,218
cfb,499612,2633
cfb,499613,245
cfb,499614,2628
cfb,499615,2641
cfb,499616,251
cfb,499617,2638
cfb,499618,2636
cfb,499619,2649
cfb,499620,2653
cfb,499621,2655
cfb,499622,202
cfb,499623,2005
cfb,499624,349
cfb,499625,2426
cfb,499626,328
cfb,499627,254
cfb,499628,238
cfb,499629,259
cfb,499630,258
cfb,499631,154
cfb,499632,265
cfb,499633,264
cfb,499634,277
cfb,499635,98
cfb,499636,2711
cfb,499637,275
cfb,499638,2751
cfb,499639,2335
cfb,499647,2046
cfb,499657,2097
cfb,499659,2643
cfb,499672,2198
cfb,499682,2277
cfb,499688,55
cfb,499697,2382
cfb,499736,2623
cfb,499737,2617
cfb,499751,2717
cfb,499756,2110
cfb,499764,2453
cfb,499798,2025
cfb,522751,23
cfb,522755,6
cfb,522757,2579
cfb,522759,58
cfb,522761,30
cfb,522764,2567
cfb,522766,2572
cfb,522768,326
cfb,522771,309
cfb,522773,24
cfb,522776,183
cfb,522779,218
cfb,522781,2633
cfb,522786,2628
cfb,522788,2641
cfb,522791,251
cfb,522793,2638
cfb,522796,2636
cfb,522798,2649
cfb,522801,2653
cfb,522803,2655
cfb,522806,202
cfb,522808,2005
cfb,522810,349
cfb,522813,2426
cfb,522815,328
cfb,522818,254
cfb,522821,238
cfb,522823,259
cfb,522826,258
cfb,522828,154
cfb,522831,265
cfb,522834,264
cfb,522837,277
cfb,522839,98
cfb,522842,2711
cfb,522845,275
cfb,522847,2751
cfb,522850,2335
cfb,522856,2006
cfb,522858,333
cfb,522861,2026
cfb,522864,9
cfb,522867,12
cfb,522868,2032
cfb,522872,2
cfb,522874,2050
cfb,522877,239
cfb,522880,68
cfb,522882,103
cfb,522885,189
cfb,522887,252
cfb,522890,2084
cfb,522892,278
cfb,522895,25
cfb,522898,26
cfb,522900,2116
cfb,522903,2117
cfb,522905,2132
cfb,522908,228
cfb,522911,324
cfb,522915,36
cfb,522917,38
cfb,522920,41
cfb,522923,150
cfb,522926,151
cfb,522928,2199
cfb,522932,2226
cfb,522934,2229
cfb,522937,52
cfb,522940,57
cfb,522943,290
cfb,522946,2247
cfb,522949,59
cfb,522951,61
cfb,522954,62
cfb,522957,248
cfb,522960,356
cfb,522962,84
cfb,522965,66
cfb,522968,2294
cfb,522972,2306
cfb,522974,2305
cfb,522979,2309
cfb,522982,96
cfb,522985,99
cfb,522987,2348
cfb,522991,97
cfb,522993,276
cfb,522996,120
cfb,522998,113
cfb,523002,235
cfb,523004,193
cfb,523008,2390
cfb,523010,127
cfb,523013,130
cfb,523016,2393
cfb,523019,135
cfb,523022,344
cfb,523025,145
cfb,523028,142
cfb,523031,153
cfb,523034,2429
cfb,523037,158
cfb,523041,2439
cfb,523044,2440
cfb,523047,166
cfb,523050,167
cfb,523053,152
cfb,523056,249
cfb,523060,2433
cfb,523061,2459
cfb,523064,77
cfb,523067,87
cfb,523071,194
cfb,523073,195
cfb,523080,201
cfb,523083,295
cfb,523086,204
cfb,523089,2483
cfb,523091,213
cfb,523094,221
cfb,523097,2509
cfb,523101,242
cfb,523104,164
cfb,523107,21
cfb,523109,2341
cfb,523112,70
cfb,523115,2000
cfb,523119,2010
cfb,523122,2011
cfb,523125,399
cfb,523131,2046
cfb,523134,2127
cfb,523137,2065
cfb,523140,225
cfb,523143,2803
cfb,523146,2083
cfb,523149,2086
cfb,523152,13
cfb,523155,16
cfb,523158,302
cfb,523161,2097
cfb,523164,2115
cfb,523167,2643
cfb,523170,2142
cfb,523173,171
cfb,523176,172
cfb,523179,159
cfb,523182,2166
cfb,523185,2168
cfb,523188,2169
cfb,523192,48
cfb,523195,2181
cfb,523198,2184
cfb,523202,2193
cfb,523204,2197
cfb,523207,2198
cfb,523210,331
cfb,523213,50
cfb,523216,2230
cfb,523218,231
cfb,523221,46
cfb,523225,2755
cfb,523232,108
cfb,523236,107
cfb,523239,2277
cfb,523245,304
cfb,523248,2287
cfb,523251,282
cfb,523254,2296
cfb,523259,256
cfb,523263,322
cfb,523266,2320
cfb,523269,2329
cfb,523272,311
cfb,523275,2368
cfb,523278,2377
cfb,523281,2382
cfb,523284,2400
cfb,523288,2405
cfb,523291,147
cfb,523294,149
cfb,523297,2413
cfb,523300,2415
cfb,523303,93
cfb,523307,160
cfb,523310,2447
cfb,523313,2450
cfb,523317,2448
cfb,523319,2428
cfb,523322,2449
cfb,523326,155
cfb,523329,2464
cfb,523333,2458
cfb,523336,2460
cfb,523340,2466
cfb,523343,219
cfb,523346,2502
cfb,523349,2504
cfb,523352,163
cfb,523356,227
cfb,523359,257
cfb,523362,2523
cfb,523365,2529
cfb,523368,2598
cfb,523371,2534
cfb,523375,2535
cfb,523379,301
cfb,523382,2569
cfb,523386,2571
cfb,523389,233
cfb,523392,2546
cfb,523395,2545
cfb,523398,79
cfb,523401,2582
cfb,523405,253
cfb,523408,2623
cfb,523411,2617
cfb,523414,56
cfb,523418,2619
cfb,523421,2634
cfb,523424,2635
cfb,523428,236
cfb,523431,2630
cfb,523435,2640
cfb,523438,119
cfb,523442,2674
cfb,523444,222
cfb,523447,2678
cfb,523451,2681
cfb,523454,2692
cfb,523458,2717
cfb,523460,2710
cfb,523464,2729
cfb,523468,43
cfb,523472,2754
cfb,523475,2110
cfb,523478,2210
cfb,523481,2241
cfb,523485,338
cfb,523488,2506
cfb,523492,2029
cfb,523495,2916
cfb,523498,2747
cfb,523502,2453
cfb,523505,2771
cfb,523509,3101
cfb,523513,2627
cfb,523824,2657
cfb,523908,2237
cfb,524282,2900
cfb,544587,6
cfb,544588,2579
cfb,544589,58
cfb,544590,30
cfb,544591,2567
cfb,544592,2572
cfb,544593,326
cfb,544594,309
cfb,544595,24
cfb,544596,183
cfb,544597,218
cfb,544598,2633
cfb,544600,2628
cfb,544601,2641
cfb,544603,2638
cfb,544604,2636
cfb,544606,2653
cfb,544607,2655
cfb,544608,202
cfb,544609,2005
cfb,544611,2426
cfb,544612,328
cfb,544613,254
cfb,544614,238
cfb,544615,259
cfb,544616,258
cfb,544617,154
cfb,544618,265
cfb,544619,264
cfb,544620,277
cfb,544621,98
cfb,544622,2711
cfb,544623,275
cfb,544624,2751
cfb,544625,2335
cfb,544626,5
cfb,544627,2006
cfb,544628,333
cfb,544629,2026
cfb,544630,9
cfb,544631,12
cfb,544632,2032
cfb,544633,8
cfb,544634,2
cfb,544635,2050
cfb,544636,239
cfb,544637,68
cfb,544638,103
cfb,544639,189
cfb,544641,2084
cfb,544642,278
cfb,544643,25
cfb,544644,26
cfb,544645,2116
cfb,544646,2117
cfb,544647,2132
cfb,544648,228
cfb,544649,324
cfb,544651,38
cfb,544652,41
cfb,544654,151
cfb,544655,2199
cfb,544656,2226
cfb,544657,2229
cfb,544658,52
cfb,544659,57
cfb,544660,290
cfb,544661,2247
cfb,544662,59
cfb,544663,61
cfb,544665,248
cfb,544666,356
cfb,544667,84
cfb,544668,66
cfb,544669,2294
cfb,544670,2306
cfb,544671,2305
cfb,544672,2309
cfb,544673,96
cfb,544674,99
cfb,544675,2348
cfb,544676,97
cfb,544677,276
cfb,544678,120
cfb,544679,113
cfb,544680,235
cfb,544681,193
cfb,544682,2390
cfb,544683,127
cfb,544684,130
cfb,544685,2393
cfb,544687,344
cfb,544688,145
cfb,544690,153
cfb,544691,2429
cfb,544692,158
cfb,544693,2439
cfb,544694,2440
cfb,544696,167
cfb,544697,152
cfb,544698,249
cfb,544699,2433
cfb,544700,2459
cfb,544703,194
cfb,544704,195
cfb,544705,197
cfb,544707,295
cfb,544708,204
cfb,544709,2483
cfb,544710,213
cfb,544711,221
cfb,544712,2509
cfb,544713,242
cfb,544714,164
cfb,544716,2900
cfb,544717,2341
cfb,544718,70
cfb,544719,2000
cfb,544721,2011
cfb,544722,399
cfb,544723,2016
cfb,544724,2046
cfb,544725,2127
cfb,544727,225
cfb,544728,2803
cfb,544729,2083
cfb,544730,2086
cfb,544731,13
cfb,544732,16
cfb,544733,302
cfb,544734,2097
cfb,544735,2115
cfb,544736,2643
cfb,544737,2142
cfb,544738,171
cfb,544739,172
cfb,544740,159
cfb,544741,2166
cfb,544742,2168
cfb,544743,2169
cfb,544744,48
cfb,544745,2181
cfb,544747,2193
cfb,544748,2197
cfb,544749,2198
cfb,544752,2230
cfb,544753,231
cfb,544754,46
cfb,544756,2261
cfb,544757,108
cfb,544758,107
cfb,544759,2277
cfb,544760,47
cfb,544761,304
cfb,544762,2287
cfb,544763,282
cfb,544765,55
cfb,544766,256
cfb,544767,322
cfb,544768,2320
cfb,544770,311
cfb,544771,2368
cfb,544772,2377
cfb,544773,2382
cfb,544774,2400
cfb,544775,2405
cfb,544776,147
cfb,544777,149
cfb,544778,2413
cfb,544779,2415
cfb,544780,93
cfb,544781,160
cfb,544782,2447
cfb,544783,2450
cfb,544785,2428
cfb,544786,2449
cfb,544787,155
cfb,544788,2464
cfb,544789,2458
cfb,544790,2460
cfb,544792,219
cfb,544793,2502
cfb,544794,2504
cfb,544795,163
cfb,544796,227
cfb,544797,257
cfb,544798,2523
cfb,544799,2529
cfb,544800,2598
cfb,544803,301
cfb,544804,2569
cfb,544805,2571
cfb,544806,233
cfb,544807,2546
cfb,544808,2545
cfb,544809,79
cfb,544810,2582
cfb,544811,253
cfb,544812,2623
cfb,544813,2617
cfb,544814,56
cfb,544815,2619
cfb,544816,2634
cfb,544817,2635
cfb,544818,236
cfb,544819,2630
cfb,544820,2640
cfb,544821,119
cfb,544822,2674
cfb,544823,222
cfb,544824,2678
cfb,544825,2681
cfb,544827,2717
cfb,544828,2710
cfb,544829,2729
cfb,544830,43
cfb,544831,2754
cfb,544834,2241
cfb,544835,338
cfb,544836,2506
cfb,544837,2029
cfb,544838,2916
cfb,544841,2771
cfb,544842,3101
cfb,544915,2815
cfb,544943,2837
cfb,544959,2323
cfb,544989,284
cfb,557107,23
cfb,557108,6
cfb,557109,2579
cfb,557110,58
cfb,557111,30
cfb,557112,2567
cfb,557113,2572
cfb,557114,326
cfb,557115,309
cfb,557117,183
cfb,557118,218
cfb,557119,2633
cfb,557120,245
cfb,557121,2628
cfb,557122,2641
cfb,557123,251
cfb,557125,2636
cfb,557146,2649
cfb,557147,2653
cfb,557148,2655
cfb,557149,202
cfb,557151,2005
cfb,557152,349
cfb,557156,328
cfb,557158,254
cfb,557160,238
cfb,557161,259
cfb,557163,258
cfb,557164,154
cfb,557168,264
cfb,557170,277
cfb,557171,98
cfb,557173,2711
cfb,557175,275
cfb,557179,2335
cfb,557181,5
cfb,557183,2006
cfb,557184,333
cfb,557186,2026
cfb,557190,12
cfb,557194,8
cfb,557196,2
cfb,557198,2050
cfb,557199,239
cfb,557203,103
cfb,557204,189
cfb,557206,252
cfb,557207,2084
cfb,557209,278
cfb,557211,25
cfb,557214,26
cfb,557216,2116
cfb,557218,2117
cfb,557219,2132
cfb,557221,228
cfb,557223,324
cfb,557224,36
cfb,557226,38
cfb,557227,41
cfb,557229,150
cfb,557230,151
cfb,557232,2199
cfb,557234,2226
cfb,557237,2229
cfb,557239,52
cfb,557241,57
cfb,557243,290
cfb,557245,2247
cfb,557247,59
cfb,557249,61
cfb,557252,248
cfb,557254,356
cfb,557256,84
cfb,557260,2294
cfb,557262,2306
cfb,557264,2305
cfb,557266,2309
cfb,557270,99
cfb,557272,2348
cfb,557274,97
cfb,557277,276
cfb,557279,120
cfb,557282,113
cfb,557286,235
cfb,557288,193
cfb,557291,2390
cfb,557294,127
cfb,557301,2393
cfb,557304,135
cfb,557305,344
cfb,557308,145
cfb,557310,142
cfb,557313,153
cfb,557316,2429
cfb,557319,158
cfb,557322,2439
cfb,557324,2440
cfb,557327,166
cfb,557332,152
cfb,557335,249
cfb,557338,2433
cfb,557341,2459
cfb,557344,77
cfb,557347,87
cfb,557349,194
cfb,557351,195
cfb,557354,197
cfb,557357,201
cfb,557363,204
cfb,557365,2483
cfb,557367,213
cfb,557372,2509
cfb,557376,164
cfb,557385,2900
cfb,557388,2341
cfb,557391,70
cfb,557395,2010
cfb,557400,399
cfb,557403,2016
cfb,557405,2046
cfb,557408,2127
cfb,557410,2065
cfb,557413,225
cfb,557415,2803
cfb,557418,2083
cfb,557421,2086
cfb,557426,16
cfb,557429,302
cfb,557433,2097
cfb,557436,2115
cfb,557440,2643
cfb,557442,2142
cfb,557445,171
cfb,557450,172
cfb,557453,159
cfb,557456,2166
cfb,557459,2168
cfb,557462,2169
cfb,557465,48
cfb,557468,2181
cfb,557470,2184
cfb,557474,2193
cfb,557476,2197
cfb,557479,2198
cfb,557482,331
cfb,557484,50
cfb,557487,2230
cfb,557490,231
cfb,557492,46
cfb,557500,108
cfb,557503,107
cfb,557506,2277
cfb,557509,47
cfb,557512,304
cfb,557514,2287
cfb,557517,282
cfb,557519,2296
cfb,557522,55
cfb,557525,322
cfb,557528,2320
cfb,557530,2329
cfb,557534,311
cfb,557537,2368
cfb,557540,2377
cfb,557543,2382
cfb,557549,2405
cfb,557552,147
cfb,557555,149
cfb,557558,2413
cfb,557559,2415
cfb,557562,93
cfb,557565,160
cfb,557569,2447
cfb,557571,2450
cfb,557577,2428
cfb,557579,2449
cfb,557581,2815
cfb,557584,2837
cfb,557588,284
cfb,557590,155
cfb,557599,2458
cfb,557604,2460
cfb,557609,2466
cfb,557612,219
cfb,557615,2502
cfb,557620,163
cfb,557627,257
cfb,557631,2523
cfb,557634,2529
cfb,557637,2598
cfb,557641,2534
cfb,557646,2535
cfb,557649,301
cfb,557652,2569
cfb,557656,2571
cfb,557661,233
cfb,557664,2546
cfb,557668,2545
cfb,557671,79
cfb,557677,2623
cfb,557679,2617
cfb,557681,56
cfb,557683,2619
cfb,557686,2634
cfb,557689,2635
cfb,557692,236
cfb,557694,2630
cfb,557698,2640
cfb,557700,119
cfb,557704,2674
cfb,557705,222
cfb,557708,2678
cfb,557716,2717
cfb,557719,2710
cfb,557722,2729
cfb,557725,43
cfb,557728,2754
cfb,557730,2110
cfb,557733,2210
cfb,557736,2241
cfb,557738,338
cfb,557740,2506
cfb,557743,2029
cfb,557752,2453
cfb,557757,2771
cfb,557762,2627
cfb,557947,2396
cfb,557969,2657
cfb,588939,113
cfb,588940,235
cfb,588941,193
cfb,588942,2390
cfb,588943,127
cfb,588944,130
cfb,588945,2393
cfb,588946,135
cfb,588947,344
cfb,588948,145
cfb,588949,142
cfb,588950,153
cfb,588951,2429
cfb,588952,158
cfb,588953,2439
cfb,588954,2440
cfb,588955,166
cfb,588956,167
cfb,588957,152
cfb,588958,249
cfb,588959,2433
cfb,588960,2459
cfb,588961,77
cfb,588963,194
cfb,588964,195
cfb,588965,197
cfb,588966,201
cfb,588967,295
cfb,588968,204
cfb,588970,213
cfb,588971,221
cfb,588972,2509
cfb,588973,242
cfb,588974,164
cfb,588975,21
cfb,588976,256
cfb,588977,55
cfb,588978,2534
cfb,588979,23
cfb,588980,6
cfb,588981,2579
cfb,588982,58
cfb,588983,30
cfb,588984,2567
cfb,588985,2572
cfb,588986,326
cfb,588987,309
cfb,588988,24
cfb,588989,183
cfb,588990,218
cfb,588991,2633
cfb,588992,245
cfb,588994,2641
cfb,588996,2638
cfb,588997,2636
cfb,588998,2649
cfb,588999,2653
cfb,589000,2655
cfb,589001,202
cfb,589002,2005
cfb,589003,349
cfb,589005,328
cfb,589006,254
cfb,589007,238
cfb,589008,259
cfb,589010,154
cfb,589011,265
cfb,589013,277
cfb,589014,98
cfb,589015,2711
cfb,589016,275
cfb,589017,2751
cfb,589018,2335
cfb,589019,5
cfb,589020,2006
cfb,589021,333
cfb,589022,2026
cfb,589023,9
cfb,589024,12
cfb,589025,2032
cfb,589026,8
cfb,589027,2
cfb,589028,2050
cfb,589031,103
cfb,589032,189
cfb,589033,252
cfb,589034,2084
cfb,589035,278
cfb,589036,25
cfb,589038,2116
cfb,589039,2117
cfb,589040,2132
cfb,589041,228
cfb,589042,324
cfb,589044,38
cfb,589045,41
cfb,589046,150
cfb,589047,151
cfb,589048,2199
cfb,589049,2226
cfb,589050,2229
cfb,589051,52
cfb,589053,290
cfb,589054,2247
cfb,589057,62
cfb,589058,248
cfb,589059,356
cfb,589060,84
cfb,589061,66
cfb,589062,2294
cfb,589064,2305
cfb,589065,2309
cfb,589066,96
cfb,589068,2348
cfb,589069,97
cfb,589070,276
cfb,589071,2900
cfb,589072,2341
cfb,589073,70
cfb,589074,2000
cfb,589075,2010
cfb,589076,2011
cfb,589077,399
cfb,589078,2016
cfb,589079,2046
cfb,589080,2127
cfb,589081,2065
cfb,589082,225
cfb,589083,2803
cfb,589084,2083
cfb,589085,2086
cfb,589086,13
cfb,589087,16
cfb,589088,302
cfb,589089,2097
cfb,589090,2115
cfb,589091,2643
cfb,589092,2142
cfb,589093,171
cfb,589094,172
cfb,589095,159
cfb,589096,2166
cfb,589097,2168
cfb,589098,2169
cfb,589099,48
cfb,589100,2181
cfb,589101,2184
cfb,589102,2193
cfb,589103,2197
cfb,589104,2198
cfb,589106,50
cfb,589107,2230
cfb,589108,231
cfb,589109,46
cfb,589111,2261
cfb,589112,108
cfb,589113,107
cfb,589114,2277
cfb,589115,47
cfb,589116,304
cfb,589117,2287
cfb,589118,282
cfb,589119,2296
cfb,589120,322
cfb,589121,2320
cfb,589122,2329
cfb,589123,311
cfb,589124,2368
cfb,589126,2382
cfb,589127,2400
cfb,589128,2405
cfb,589129,147
cfb,589130,149
cfb,589131,2413
cfb,589132,2415
cfb,589133,93
cfb,589134,160
cfb,589135,2447
cfb,589136,2450
cfb,589137,2448
cfb,589138,2428
cfb,589139,2449
cfb,589140,2815
cfb,589141,2837
cfb,589142,284
cfb,589143,155
cfb,589144,2464
cfb,589145,2458
cfb,589146,2460
cfb,589147,2466
cfb,589148,219
cfb,589149,2502
cfb,589150,2504
cfb,589151,163
cfb,589152,227
cfb,589153,257
cfb,589154,2523
cfb,589155,2529
cfb,589156,2598
cfb,589157,2535
cfb,589158,301
cfb,589159,2569
cfb,589160,2571
cfb,589161,233
cfb,589162,2546
cfb,589163,2545
cfb,589164,79
cfb,589165,2582
cfb,589167,2623
cfb,589168,2617
cfb,589169,56
cfb,589170,2619
cfb,589171,2634
cfb,589172,2635
cfb,589173,236
cfb,589174,2630
cfb,589175,2640
cfb,589176,119
cfb,589177,2674
cfb,589178,222
cfb,589179,2678
cfb,589180,2681
cfb,589181,2692
cfb,589182,2717
cfb,589183,2710
cfb,589184,2729
cfb,589185,43
cfb,589186,2754
cfb,589187,2110
cfb,589188,2210
cfb,589189,2241
cfb,589190,338
cfb,589192,2029
cfb,589193,2916
cfb,589194,2747
cfb,589196,2771
cfb,589197,3101
cfb,589198,2627
cfb,589249,2385
cfb,589273,2657
cfb,589280,2698
cfb,589327,2848
cfb,605986,338
cfb,605987,120
cfb,605988,113
cfb,605989,235
cfb,605991,2390
cfb,605992,127
cfb,605993,130
cfb,605994,2393
cfb,605995,135
cfb,605996,344
cfb,605997,145
cfb,605998,142
cfb,605999,153
cfb,606000,2429
cfb,606001,158
cfb,606002,2439
cfb,606003,2440
cfb,606004,166
cfb,606005,167
cfb,606006,152
cfb,606007,249
cfb,606008,2433
cfb,606009,2459
cfb,606010,77
cfb,606011,87
cfb,606012,194
cfb,606013,195
cfb,606014,197
cfb,606015,201
cfb,606016,295
cfb,606017,204
cfb,606018,2483
cfb,606019,213
cfb,606021,2509
cfb,606022,242
cfb,606023,164
cfb,606025,256
cfb,606026,55
cfb,606027,2534
cfb,606028,23
cfb,606029,6
cfb,606030,2579
cfb,606031,58
cfb,606032,30
cfb,606033,2567
cfb,606034,2572
cfb,606035,326
cfb,606036,309
cfb,606037,24
cfb,606038,183
cfb,606039,218
cfb,606041,245
cfb,606042,2628
cfb,606043,2641
cfb,606044,251
cfb,606045,2638
cfb,606046,2636
cfb,606047,2649
cfb,606048,2653
cfb,606049,2655
cfb,606050,202
cfb,606051,2005
cfb,606052,349
cfb,606054,328
cfb,606056,238
cfb,606057,259
cfb,606058,258
cfb,606059,154
cfb,606060,265
cfb,606061,264
cfb,606062,277
cfb,606063,98
cfb,606065,275
cfb,606066,2751
cfb,606067,2335
cfb,606068,5
cfb,606069,2006
cfb,606070,333
cfb,606071,2026
cfb,606072,9
cfb,606073,12
cfb,606074,2032
cfb,606075,8
cfb,606076,2
cfb,606077,2050
cfb,606078,239
cfb,606079,68
cfb,606080,103
cfb,606081,189
cfb,606082,252
cfb,606083,2084
cfb,606084,278
cfb,606085,25
cfb,606086,26
cfb,606087,2116
cfb,606088,2117
cfb,606089,2132
cfb,606090,228
cfb,606091,324
cfb,606092,36
cfb,606093,38
cfb,606094,41
cfb,606095,150
cfb,606096,151
cfb,606097,2199
cfb,606098,2226
cfb,606099,2229
cfb,606100,52
cfb,606101,57
cfb,606102,290
cfb,606103,2247
cfb,606104,59
cfb,606105,61
cfb,606106,62
cfb,606107,248
cfb,606108,356
cfb,606109,84
cfb,606111,2294
cfb,606112,2306
cfb,606113,2305
cfb,606114,2309
cfb,606115,96
cfb,606116,99
cfb,606117,2348
cfb,606118,97
cfb,606119,276
cfb,606121,13
cfb,606122,16
cfb,606123,302
cfb,606124,2097
cfb,606125,2115
cfb,606126,2643
cfb,606127,2142
cfb,606128,171
cfb,606129,172
cfb,606130,159
cfb,606131,2166
cfb,606132,2168
cfb,606133,2169
cfb,606134,48
cfb,606135,2181
cfb,606136,2184
cfb,606137,2193
cfb,606138,2197
cfb,606139,2198
cfb,606140,331
cfb,606141,50
cfb,606142,2230
cfb,606143,231
cfb,606144,46
cfb,606147,108
cfb,606148,107
cfb,606149,2277
cfb,606151,304
cfb,606152,2287
cfb,606153,282
cfb,606155,322
cfb,606156,2320
cfb,606157,2329
cfb,606159,2368
cfb,606160,2377
cfb,606161,2382
cfb,606162,2400
cfb,606163,2405
cfb,606164,147
cfb,606165,149
cfb,606166,2413
cfb,606167,2415
cfb,606168,93
cfb,606169,160
cfb,606170,2447
cfb,606171,2450
cfb,606172,2448
cfb,606174,2449
cfb,606175,2815
cfb,606176,2837
cfb,606177,284
cfb,606178,155
cfb,606179,2464
cfb,606180,2458
cfb,606181,2460
cfb,606182,2466
cfb,606183,219
cfb,606184,2502
cfb,606185,2504
cfb,606186,163
cfb,606187,227
cfb,606188,257
cfb,606189,2523
cfb,606190,2529
cfb,606191,2598
cfb,606192,2535
cfb,606193,301
cfb,606194,2569
cfb,606195,2571
cfb,606196,233
cfb,606197,2546
cfb,606198,2545
cfb,606199,79
cfb,606202,2623
cfb,606203,2617
cfb,606204,56
cfb,606206,2634
cfb,606207,2635
cfb,606208,236
cfb,606209,2630
cfb,606210,2640
cfb,606211,119
cfb,606212,2674
cfb,606213,222
cfb,606215,2681
cfb,606217,2717
cfb,606218,2710
cfb,606219,2729
cfb,606220,43
cfb,606221,2754
cfb,606222,2110
cfb,606223,2210
cfb,606224,2241
cfb,606225,2506
cfb,606226,2029
cfb,606227,2916
cfb,606228,2747
cfb,606229,2453
cfb,606230,2771
cfb,606231,3101
cfb,606232,2627
cfb,606233,2385
cfb,606234,2698
cfb,606235,2900
cfb,606236,2341
cfb,606237,70
cfb,606238,2000
cfb,606239,2010
cfb,606240,2011
cfb,606241,399
cfb,606243,2046
cfb,606244,2127
cfb,606245,2065
cfb,606247,2803
cfb,606248,2083
cfb,606305,2441
cfb,606407,2646
cfb,614550,292
cfb,622180,2623
cfb,622181,338
cfb,622182,120
cfb,622183,113
cfb,622186,2390
cfb,622187,127
cfb,622188,130
cfb,622190,135
cfb,622191,344
cfb,622192,145
cfb,622193,142
cfb,622195,2429
cfb,622196,158
cfb,622198,2440
cfb,622199,166
cfb,622200,167
cfb,622201,152
cfb,622202,249
cfb,622203,2433
cfb,622205,77
cfb,622206,87
cfb,622207,194
cfb,622208,195
cfb,622209,197
cfb,622210,201
cfb,622211,295
cfb,622212,204
cfb,622213,2483
cfb,622214,213
cfb,622215,221
cfb,622216,2509
cfb,622217,242
cfb,622218,164
cfb,622219,21
cfb,622220,256
cfb,622221,55
cfb,622223,23
cfb,622224,6
cfb,622225,2579
cfb,622226,58
cfb,622227,30
cfb,622228,2567
cfb,622229,2572
cfb,622230,326
cfb,622231,309
cfb,622232,24
cfb,622233,183
cfb,622234,218
cfb,622235,2633
cfb,622236,245
cfb,622238,2641
cfb,622239,251
cfb,622240,2638
cfb,622241,2636
cfb,622242,2649
cfb,622244,2655
cfb,622246,2005
cfb,622247,349
cfb,622248,2426
cfb,622249,328
cfb,622250,254
cfb,622251,238
cfb,622252,259
cfb,622253,258
cfb,622254,154
cfb,622255,265
cfb,622256,264
cfb,622257,277
cfb,622258,98
cfb,622259,2711
cfb,622260,275
cfb,622261,2751
cfb,622262,2335
cfb,622263,5
cfb,622264,2006
cfb,622265,333
cfb,622266,2026
cfb,622267,9
cfb,622268,12
cfb,622270,8
cfb,622271,2
cfb,622272,2050
cfb,622273,239
cfb,622274,68
cfb,622275,103
cfb,622276,189
cfb,622277,252
cfb,622278,2084
cfb,622279,278
cfb,622280,25
cfb,622281,26
cfb,622282,2116
cfb,622283,2117
cfb,622284,2132
cfb,622285,228
cfb,622286,324
cfb,622287,36
cfb,622288,38
cfb,622289,41
cfb,622290,150
cfb,622291,151
cfb,622292,2199
cfb,622293,2226
cfb,622294,2229
cfb,622295,52
cfb,622296,57
cfb,622297,290
cfb,622298,2247
cfb,622299,59
cfb,622300,61
cfb,622301,62
cfb,622302,248
cfb,622303,356
cfb,622304,84
cfb,622305,66
cfb,622306,2294
cfb,622307,2306
cfb,622308,2305
cfb,622309,2309
cfb,622310,96
cfb,622311,99
cfb,622312,2348
cfb,622313,97
cfb,622314,276
cfb,622315,48
cfb,622316,79
cfb,622318,253
cfb,622320,56
cfb,622321,2619
cfb,622322,2634
cfb,622323,2635
cfb,622324,236
cfb,622325,2630
cfb,622326,2640
cfb,622327,119
cfb,622328,2674
cfb,622329,222
cfb,622330,2678
cfb,622332,2692
cfb,622333,2717
cfb,622334,2710
cfb,622335,2729
cfb,622336,43
cfb,622337,2754
cfb,622338,2110
cfb,622339,2210
cfb,622340,2241
cfb,622341,2506
cfb,622343,2916
cfb,622344,2747
cfb,622345,2453
cfb,622346,2771
cfb,622347,3101
cfb,622348,2627
cfb,622349,2385
cfb,622350,2698
cfb,622351,2900
cfb,622352,2341
cfb,622353,70
cfb,622354,2000
cfb,622355,2010
cfb,622357,399
cfb,622359,2046
cfb,622360,2127
cfb,622361,2065
cfb,622363,2803
cfb,622364,2083
cfb,622365,2441
cfb,622366,2086
cfb,622367,13
cfb,622368,16
cfb,622369,302
cfb,622370,2097
cfb,622371,2115
cfb,622372,2643
cfb,622373,2142
cfb,622375,172
cfb,622376,159
cfb,622377,2166
cfb,622378,2168
cfb,622379,2169
cfb,622380,2181
cfb,622381,2184
cfb,622382,2193
cfb,622383,2197
cfb,622384,2198
cfb,622385,331
cfb,622386,50
cfb,622387,2230
cfb,622388,231
cfb,622390,2755
cfb,622391,2261
cfb,622392,108
cfb,622393,107
cfb,622394,2277
cfb,622395,47
cfb,622396,304
cfb,622397,2287
cfb,622398,282
cfb,622399,2296
cfb,622400,322
cfb,622401,2320
cfb,622402,2329
cfb,622403,311
cfb,622404,2368
cfb,622406,2382
cfb,622407,2400
cfb,622408,2405
cfb,622409,147
cfb,622410,149
cfb,622411,2413
cfb,622412,2415
cfb,622413,93
cfb,622414,160
cfb,622415,2447
cfb,622416,2450
cfb,622417,2448
cfb,622418,2428
cfb,622419,2449
cfb,622420,2815
cfb,622422,284
cfb,622423,155
cfb,622424,2464
cfb,622425,2458
cfb,622426,2460
cfb,622427,2466
cfb,622429,2502
cfb,622430,2504
cfb,622432,227
cfb,622433,257
cfb,622434,2523
cfb,622435,2529
cfb,622437,2535
cfb,622438,301
cfb,622439,2569
cfb,622440,2571
cfb,622441,233
cfb,622442,2546
cfb,622443,2545
cfb,622444,292
cfb,622472,2075
cfb,622495,2396
cfb,622596,110242
cfb,622599,2119
cfb,622886,2130
cfb,62681,2006
cfb,62682,333
cfb,62683,5
cfb,62685,9
cfb,62686,12
cfb,62687,2032
cfb,62688,8
cfb,62689,2
cfb,62690,2050
cfb,62691,239
cfb,62692,68
cfb,62693,103
cfb,62694,189
cfb,62695,252
cfb,62696,2084
cfb,62697,278
cfb,62698,25
cfb,62699,26
cfb,62700,2116
cfb,62701,2117
cfb,62702,2132
cfb,62703,228
cfb,62704,36
cfb,62705,38
cfb,62706,41
cfb,62707,150
cfb,62708,151
cfb,62709,2199
cfb,62710,2226
cfb,62711,2229
cfb,62712,52
cfb,62713,57
cfb,62715,2247
cfb,62716,59
cfb,62717,61
cfb,62718,62
cfb,62719,248
cfb,62720,70
cfb,62721,356
cfb,62722,84
cfb,62723,66
cfb,62724,2294
cfb,62725,2306
cfb,62726,2305
cfb,62727,2309
cfb,62728,96
cfb,62729,99
cfb,62730,2348
cfb,62731,97
cfb,62732,276
cfb,62733,120
cfb,62734,113
cfb,62735,235
cfb,62736,193
cfb,62737,2390
cfb,62738,127
cfb,62739,130
cfb,62740,2393
cfb,62741,135
cfb,62742,344
cfb,62743,145
cfb,62744,142
cfb,62745,153
cfb,62746,158
cfb,62747,2439
cfb,62748,2440
cfb,62749,166
cfb,62750,167
cfb,62751,152
cfb,62752,249
cfb,62753,2433
cfb,62754,2459
cfb,62755,77
cfb,62757,194
cfb,62758,195
cfb,62759,197
cfb,62760,201
cfb,62761,295
cfb,62762,204
cfb,62763,2483
cfb,62764,213
cfb,62765,221
cfb,62766,2509
cfb,62767,242
cfb,62768,164
cfb,62769,21
cfb,62770,23
cfb,62771,6
cfb,62772,2579
cfb,62773,58
cfb,62774,30
cfb,62775,2567
cfb,62776,2572
cfb,62777,326
cfb,62778,309
cfb,62779,24
cfb,62780,183
cfb,62781,218
cfb,62782,2633
cfb,62783,245
cfb,62784,2628
cfb,62785,2641
cfb,62786,251
cfb,62787,2638
cfb,62788,2636
cfb,62789,2649
cfb,62790,2653
cfb,62791,2655
cfb,62792,202
cfb,62793,2005
cfb,62794,349
cfb,62795,2426
cfb,62796,328
cfb,62797,254
cfb,62798,238
cfb,62799,259
cfb,62800,258
cfb,62801,154
cfb,62802,265
cfb,62803,264
cfb,62804,277
cfb,62805,98
cfb,62806,2711
cfb,62807,275
cfb,62808,2751
cfb,62814,2046
cfb,62816,2065
cfb,62822,16
cfb,62838,2197
cfb,62840,331
cfb,62851,304
cfb,62853,282
cfb,62872,93
cfb,62875,2447
cfb,62884,2466
cfb,62897,2542
cfb,62905,253
cfb,62920,2692
cfb,62921,2717
cfb,66182,2207
cfb,66195,2316
cfb,66225,395
cfb,66304,2824
cfb,66579,2006
cfb,66580,333
cfb,66581,2026
cfb,66582,9
cfb,66583,12
cfb,66584,2032
cfb,66585,8
cfb,66586,2
cfb,66587,2050
cfb,66588,239
cfb,66589,68
cfb,66590,103
cfb,66591,189
cfb,66592,252
cfb,66593,2084
cfb,66594,278
cfb,66595,25
cfb,66596,26
cfb,66597,2116
cfb,66598,2117
cfb,66599,2132
cfb,66600,228
cfb,66601,324
cfb,66602,36
cfb,66603,38
cfb,66604,41
cfb,66605,150
cfb,66606,151
cfb,66607,2199
cfb,66608,2226
cfb,66609,2229
cfb,66610,52
cfb,66612,290
cfb,66613,2247
cfb,66614,59
cfb,66615,61
cfb,66616,62
cfb,66617,248
cfb,66618,70
cfb,66619,356
cfb,66620,84
cfb,66621,66
cfb,66622,2294
cfb,66623,2306
cfb,66624,2305
cfb,66625,2309
cfb,66626,96
cfb,66627,99
cfb,66628,2348
cfb,66629,97
cfb,66630,276
cfb,66631,120
cfb,66632,113
cfb,66633,235
cfb,66634,193
cfb,66635,2390
cfb,66636,127
cfb,66637,130
cfb,66638,2393
cfb,66639,135
cfb,66640,344
cfb,66641,145
cfb,66642,142
cfb,66643,153
cfb,66644,2429
cfb,66645,158
cfb,66646,2439
cfb,66647,2440
cfb,66648,166
cfb,66650,152
cfb,66651,249
cfb,66652,2433
cfb,66653,2459
cfb,66654,77
cfb,66656,194
cfb,66657,195
cfb,66658,197
cfb,66659,201
cfb,66660,295
cfb,66661,204
cfb,66662,2483
cfb,66663,213
cfb,66664,221
cfb,66665,2509
cfb,66666,242
cfb,66667,164
cfb,66668,21
cfb,66669,23
cfb,66670,6
cfb,66671,2579
cfb,66672,58
cfb,66673,30
cfb,66674,2567
cfb,66675,2572
cfb,66676,326
cfb,66677,309
cfb,66678,24
cfb,66679,183
cfb,66680,218
cfb,66681,2633
cfb,66682,245
cfb,66683,2628
cfb,66684,2641
cfb,66685,251
cfb,66686,2638
cfb,66687,2636
cfb,66688,2649
cfb,66689,2653
cfb,66690,2655
cfb,66691,202
cfb,66692,2005
cfb,66693,349
cfb,66694,2426
cfb,66695,328
cfb,66696,254
cfb,66697,238
cfb,66698,259
cfb,66699,258
cfb,66700,154
cfb,66701,265
cfb,66702,264
cfb,66703,277
cfb,66704,98
cfb,66705,2711
cfb,66706,275
cfb,66707,2751
cfb,66708,2000
cfb,66709,2010
cfb,66711,399
cfb,66712,2016
cfb,66713,2046
cfb,66714,2127
cfb,66716,225
cfb,66717,2803
cfb,66718,2083
cfb,66719,2086
cfb,66720,13
cfb,66721,16
cfb,66722,302
cfb,66723,2097
cfb,66724,2115
cfb,66725,2643
cfb,66726,2142
cfb,66727,171
cfb,66728,172
cfb,66729,159
cfb,66730,2166
cfb,66731,2168
cfb,66732,2169
cfb,66733,48
cfb,66734,2181
cfb,66735,2184
cfb,66736,2193
cfb,66737,2197
cfb,66738,2198
cfb,66739,331
cfb,66740,50
cfb,66741,2230
cfb,66742,231
cfb,66743,46
cfb,66746,108
cfb,66747,107
cfb,66748,2277
cfb,66749,47
cfb,66750,304
cfb,66751,2287
cfb,66752,282
cfb,66754,55
cfb,66755,294
cfb,66756,256
cfb,66757,322
cfb,66758,2320
cfb,66759,2329
cfb,66760,2335
cfb,66761,311
cfb,66762,2368
cfb,66763,2377
cfb,66764,2382
cfb,66765,2400
cfb,66766,2405
cfb,66767,147
cfb,66768,149
cfb,66769,2413
cfb,66770,2415
cfb,66771,93
cfb,66772,160
cfb,66773,2447
cfb,66774,2450
cfb,66775,2448
cfb,66776,2428
cfb,66777,2449
cfb,66778,155
cfb,66779,2464
cfb,66780,2458
cfb,66781,2460
cfb,66782,2466
cfb,66783,219
cfb,66784,2502
cfb,66785,2504
cfb,66786,163
cfb,66787,227
cfb,66788,257
cfb,66789,2523
cfb,66790,2529
cfb,66791,2598
cfb,66792,2534
cfb,66793,2535
cfb,66794,301
cfb,66795,2542
cfb,66796,2569
cfb,66797,2571
cfb,66798,233
cfb,66799,2546
cfb,66800,2545
cfb,66801,79
cfb,66802,2582
cfb,66803,253
cfb,66804,2623
cfb,66805,2617
cfb,66806,56
cfb,66807,2619
cfb,66809,2635
cfb,66810,236
cfb,66811,2630
cfb,66812,2640
cfb,66813,119
cfb,66814,2674
cfb,66815,222
cfb,66816,2678
cfb,66817,2681
cfb,66818,2692
cfb,66819,2717
cfb,66820,2710
cfb,66821,2729
cfb,66822,43
cfb,66823,2754
cfb,66824,2110
cfb,66825,2210
cfb,66826,2241
cfb,66827,338
cfb,66828,2506
cfb,66829,2029
cfb,66830,2916
cfb,66831,2747
cfb,83161,53
cfb,83225,2017
cfb,83288,2913
cfb,83551,2006
cfb,83552,333
cfb,83553,5
cfb,83554,2026
cfb,83555,9
cfb,83556,12
cfb,83557,2032
cfb,83559,2
cfb,83560,2050
cfb,83561,239
cfb,83562,68
cfb,83563,103
cfb,83564,189
cfb,83565,252
cfb,83566,2084
cfb,83567,278
cfb,83568,25
cfb,83569,26
cfb,83570,2116
cfb,83571,2117
cfb,83572,2132
cfb,83573,228
cfb,83574,36
cfb,83575,38
cfb,83576,41
cfb,83577,150
cfb,83578,151
cfb,83579,2199
cfb,83580,2226
cfb,83581,2229
cfb,83582,52
cfb,83583,57
cfb,83584,290
cfb,83585,2247
cfb,83586,59
cfb,83587,61
cfb,83588,62
cfb,83589,248
cfb,83590,70
cfb,83591,356
cfb,83592,84
cfb,83593,66
cfb,83594,2294
cfb,83595,2306
cfb,83596,2305
cfb,83597,2309
cfb,83598,96
cfb,83599,99
cfb,83600,2348
cfb,83601,97
cfb,83602,276
cfb,83603,120
cfb,83604,113
cfb,83605,235
cfb,83606,193
cfb,83607,2390
cfb,83608,127
cfb,83609,130
cfb,83610,2393
cfb,83611,135
cfb,83612,344
cfb,83613,145
cfb,83614,142
cfb,83615,153
cfb,83616,2429
cfb,83617,158
cfb,83618,2439
cfb,83619,2440
cfb,83620,166
cfb,83621,167
cfb,83622,152
cfb,83623,249
cfb,83624,2433
cfb,83625,2459
cfb,83626,77
cfb,83627,87
cfb,83628,194
cfb,83629,195
cfb,83630,197
cfb,83631,201
cfb,83632,295
cfb,83633,204
cfb,83634,2483
cfb,83635,213
cfb,83636,221
cfb,83637,2509
cfb,83638,242
cfb,83639,164
cfb,83640,21
cfb,83641,23
cfb,83642,6
cfb,83643,2579
cfb,83644,58
cfb,83645,30
cfb,83646,2567
cfb,83647,2572
cfb,83648,326
cfb,83649,309
cfb,83650,24
cfb,83651,183
cfb,83652,218
cfb,83653,2633
cfb,83654,245
cfb,83655,2628
cfb,83656,2641
cfb,83657,251
cfb,83658,2638
cfb,83659,2636
cfb,83660,2649
cfb,83661,2653
cfb,83662,2655
cfb,83663,202
cfb,83664,2005
cfb,83665,349
cfb,83666,2426
cfb,83667,328
cfb,83668,254
cfb,83669,238
cfb,83670,259
cfb,83671,258
cfb,83672,154
cfb,83673,265
cfb,83674,264
cfb,83675,277
cfb,83676,98
cfb,83677,2711
cfb,83678,275
cfb,83679,2751
cfb,83680,2000
cfb,83681,2010
cfb,83682,2011
cfb,83683,399
cfb,83684,2016
cfb,83685,2046
cfb,83686,2127
cfb,83687,2065
cfb,83688,225
cfb,83689,2803
cfb,83690,2083
cfb,83691,2086
cfb,83692,13
cfb,83693,16
cfb,83694,302
cfb,83695,2097
cfb,83696,2115
cfb,83697,2643
cfb,83698,324
cfb,83699,2142
cfb,83700,171
cfb,83701,172
cfb,83702,159
cfb,83703,2166
cfb,83704,2168
cfb,83705,2169
cfb,83706,48
cfb,83707,2181
cfb,83708,2184
cfb,83709,2197
cfb,83710,2198
cfb,83711,331
cfb,83712,50
cfb,83713,2230
cfb,83714,231
cfb,83715,46
cfb,83716,2755
cfb,83717,2261
cfb,83718,108
cfb,83719,107
cfb,83720,2277
cfb,83721,47
cfb,83722,304
cfb,83723,2287
cfb,83724,282
cfb,83725,2296
cfb,83726,55
cfb,83727,294
cfb,83728,256
cfb,83729,322
cfb,83730,2320
cfb,83731,2329
cfb,83732,2335
cfb,83733,311
cfb,83734,2368
cfb,83735,2377
cfb,83736,2382
cfb,83737,2400
cfb,83738,2405
cfb,83739,147
cfb,83740,149
cfb,83741,2413
cfb,83742,2415
cfb,83743,93
cfb,83744,160
cfb,83745,2447
cfb,83746,2450
cfb,83747,2448
cfb,83748,2428
cfb,83749,2449
cfb,83750,155
cfb,83751,2464
cfb,83752,2458
cfb,83753,2460
cfb,83754,2466
cfb,83755,219
cfb,83756,2502
cfb,83757,2504
cfb,83758,163
cfb,83759,227
cfb,83760,257
cfb,83761,2523
cfb,83762,2529
cfb,83763,2598
cfb,83764,2534
cfb,83765,2535
cfb,83766,301
cfb,83767,2542
cfb,83768,2569
cfb,83769,2571
cfb,83770,233
cfb,83771,2546
cfb,83772,2545
cfb,83773,79
cfb,83775,253
cfb,83776,2623
cfb,83777,2617
cfb,83778,56
cfb,83779,2619
cfb,83780,2634
cfb,83781,2635
cfb,83782,236
cfb,83783,2630
cfb,83784,2640
cfb,83785,119
cfb,83786,2674
cfb,83787,222
cfb,83788,2678
cfb,83789,2681
cfb,83790,2692
cfb,83791,2717
cfb,83792,2710
cfb,83793,2729
cfb,83794,43
cfb,83795,2754
cfb,83796,2110
cfb,83797,2210
cfb,83798,2241
cfb,83799,2506
cfb,83800,2029
cfb,83801,2916
cfb,83802,2747
