"sport","team_abbr","team_name","team_short_name","logo_url","logo_dark_url","color1","color2","color_source","conference","division","type"
"cfb","AAC","American Conference","American","https://a.espncdn.com/i/teamlogos/ncaa_conf/500/american.png",,"#0E1D41","#E2201B","cbbplotR","AAC","FBS","conference"
"cfb","ACC","Atlantic Coast Conference","ACC","https://a.espncdn.com/i/teamlogos/ncaa_conf/500/acc.png",,"#003CA6","#003CA6","cbbplotR","ACC","FBS","conference"
"cfb","Big 12","Big 12 Conference","Big 12","https://a.espncdn.com/i/teamlogos/ncaa_conf/500/big_12.png",,"#FA4238","#FA4238","cbbplotR","Big 12","FBS","conference"
"cfb","Big Sky","Big Sky Conference","Big Sky","https://a.espncdn.com/i/teamlogos/ncaa_conf/500/big_sky.png",,"#0133A0","#43C6E7","cbbplotR","Big Sky","FCS","conference"
"cfb","Big Ten","Big Ten Conference","Big Ten","https://a.espncdn.com/i/teamlogos/ncaa_conf/500/big_ten.png",,"#0082CB","#0082CB","cbbplotR","Big Ten","FBS","conference"
"cfb","CAA","Coastal Athletic Association","CAA","https://a.espncdn.com/i/teamlogos/ncaa_conf/500/caa.png",,"#002648","#002648","cbbplotR","CAA","FCS","conference"
"cfb","CUSA","Conference USA","Conference USA","https://a.espncdn.com/i/teamlogos/ncaa_conf/500/conference_usa.png",,"#002638","#E31C47","cbbplotR","CUSA","FBS","conference"
"cfb","FBS Indep.","FBS Independents","FBS Independents","https://a.espncdn.com/i/teamlogos/ncaa_conf/500/fbs_independents.png",,,,,"FBS Indep.","FBS","conference"
"cfb","FCS Indep.","FCS Independents","FCS Independents","https://a.espncdn.com/i/teamlogos/ncaa_conf/500/fcs_independents.png",,,,,"FCS Indep.","FCS","conference"
"cfb","Ivy","Ivy League","Ivy","https://a.espncdn.com/i/teamlogos/ncaa_conf/500/ivy.png",,"#18563F","#18563F","cbbplotR","Ivy","FCS","conference"
"cfb","MAC","Mid-American Conference","Mid-American","https://a.espncdn.com/i/teamlogos/ncaa_conf/500/mid_american.png",,"#009844","#0C2140","cbbplotR","MAC","FBS","conference"
"cfb","MEAC","Mid-Eastern Athletic Conference","MEAC","https://a.espncdn.com/i/teamlogos/ncaa_conf/500/meac.png",,"#582C82","#FEB81D","cbbplotR","MEAC","FCS","conference"
"cfb","MVFC","Missouri Valley Football Conference","Missouri Valley","https://a.espncdn.com/i/teamlogos/ncaa_conf/500/missouri_valley.png",,,,,"MVFC","FCS","conference"
"cfb","Mountain West","Mountain West Conference","Mountain West","https://a.espncdn.com/i/teamlogos/ncaa_conf/500/mountain_west.png",,"#4E2D7F","#AFAFAF","cbbplotR","Mountain West","FBS","conference"
"cfb","NEC","Northeast Conference","Northeast","https://a.espncdn.com/i/teamlogos/ncaa_conf/500/northeast.png",,"#035F9B","#035F9B","cbbplotR","NEC","FCS","conference"
"cfb","OVC","Ohio Valley Conference","OVC","https://a.espncdn.com/i/teamlogos/ncaa_conf/500/ovc.png",,"#A51844","#D0AE85","cbbplotR","OVC","FCS","conference"
"cfb","Pac-12","Pac-12 Conference","Pac-12","https://a.espncdn.com/i/teamlogos/ncaa_conf/500/pac_12.png",,"#001A6F","#001A6F","cbbplotR","Pac-12","FBS","conference"
"cfb","Patriot","Patriot League","Patriot League","https://a.espncdn.com/i/teamlogos/ncaa_conf/500/patriot_league.png",,"#00205A","#D9291C","cbbplotR","Patriot","FCS","conference"
"cfb","Pioneer","Pioneer Football League","Pioneer","https://a.espncdn.com/i/teamlogos/ncaa_conf/500/pioneer.png",,,,,"Pioneer","FCS","conference"
"cfb","SEC","Southeastern Conference","SEC","https://a.espncdn.com/i/teamlogos/ncaa_conf/500/sec.png",,"#012D74","#FFD040","cbbplotR","SEC","FBS","conference"
"cfb","SWAC","Southwestern Athletic Conference","SWAC","https://a.espncdn.com/i/teamlogos/ncaa_conf/500/swac.png",,"#E2201B","#E2201B","cbbplotR","SWAC","FCS","conference"
"cfb","SoCon","Southern Conference","Southern","https://a.espncdn.com/i/teamlogos/ncaa_conf/500/southern.png",,"#001588","#001588","cbbplotR","SoCon","FCS","conference"
"cfb","Southland","Southland Conference","Southland","https://a.espncdn.com/i/teamlogos/ncaa_conf/500/southland.png",,"#C1A552","#C1A552","cbbplotR","Southland","FCS","conference"
"cfb","Sun Belt","Sun Belt Conference","Sun Belt","https://a.espncdn.com/i/teamlogos/ncaa_conf/500/sun_belt.png",,"#0C2140","#F5A606","cbbplotR","Sun Belt","FBS","conference"
"cfb","WAC","Western Athletic Conference","WAC","https://a.espncdn.com/i/teamlogos/ncaa_conf/500/wac.png",,"#8A2432","#8A2432","cbbplotR","WAC","FBS","conference"
"mbb","A-10","Atlantic 10 Conference","Atlantic 10","https://a.espncdn.com/i/teamlogos/ncaa_conf/500/atlantic_10.png",,"#E2201B","#E2201B","cbbplotR","A-10","D-I","conference"
"mbb","AAC","American Conference","American","https://a.espncdn.com/i/teamlogos/ncaa_conf/500/american.png",,"#0E1D41","#E2201B","cbbplotR","AAC","D-I","conference"
"mbb","ACC","Atlantic Coast Conference","ACC","https://a.espncdn.com/i/teamlogos/ncaa_conf/500/acc.png",,"#003CA6","#003CA6","cbbplotR","ACC","D-I","conference"
"mbb","Am. East","America East Conference","America East","https://a.espncdn.com/i/teamlogos/ncaa_conf/500/america_east.png",,"#00B1E2","#121C4E","cbbplotR","Am. East","D-I","conference"
"mbb","Atlantic Sun","Atlantic Sun Conference","Atlantic Sun","https://a.espncdn.com/i/teamlogos/ncaa_conf/500/atlantic_sun.png",,"#F2E60B","#4C4F54","cbbplotR","Atlantic Sun","D-I","conference"
"mbb","Big 12","Big 12 Conference","Big 12","https://a.espncdn.com/i/teamlogos/ncaa_conf/500/big_12.png",,"#FA4238","#FA4238","cbbplotR","Big 12","D-I","conference"
"mbb","Big East","Big East Conference","Big East","https://a.espncdn.com/i/teamlogos/ncaa_conf/500/big_east.png",,"#07205B","#CF162D","cbbplotR","Big East","D-I","conference"
"mbb","Big Sky","Big Sky Conference","Big Sky","https://a.espncdn.com/i/teamlogos/ncaa_conf/500/big_sky.png",,"#0133A0","#43C6E7","cbbplotR","Big Sky","D-I","conference"
"mbb","Big South","Big South Conference","Big South","https://a.espncdn.com/i/teamlogos/ncaa_conf/500/big_south.png",,"#0082CB","#ED7422","cbbplotR","Big South","D-I","conference"
"mbb","Big Ten","Big Ten Conference","Big Ten","https://a.espncdn.com/i/teamlogos/ncaa_conf/500/big_ten.png",,"#0082CB","#0082CB","cbbplotR","Big Ten","D-I","conference"
"mbb","Big West","Big West Conference","Big West","https://a.espncdn.com/i/teamlogos/ncaa_conf/500/big_west.png",,"#11175E","#A30145","cbbplotR","Big West","D-I","conference"
"mbb","CAA","Coastal Athletic Association","Coastal","https://a.espncdn.com/i/teamlogos/ncaa_conf/500/coastal.png",,"#002648","#002648","cbbplotR","CAA","D-I","conference"
"mbb","CUSA","Conference USA","Conference USA","https://a.espncdn.com/i/teamlogos/ncaa_conf/500/conference_usa.png",,"#002638","#E31C47","cbbplotR","CUSA","D-I","conference"
"mbb","Horizon","Horizon League","Horizon","https://a.espncdn.com/i/teamlogos/ncaa_conf/500/horizon.png",,"#F5A018","#F5A018","cbbplotR","Horizon","D-I","conference"
"mbb","Ivy","Ivy League","Ivy","https://a.espncdn.com/i/teamlogos/ncaa_conf/500/ivy.png",,"#18563F","#18563F","cbbplotR","Ivy","D-I","conference"
"mbb","MAAC","Metro Atlantic Athletic Conference","MAAC","https://a.espncdn.com/i/teamlogos/ncaa_conf/500/maac.png",,"#084FA2","#E2373F","cbbplotR","MAAC","D-I","conference"
"mbb","MAC","Mid-American Conference","Mid-American","https://a.espncdn.com/i/teamlogos/ncaa_conf/500/mid_american.png",,"#009844","#0C2140","cbbplotR","MAC","D-I","conference"
"mbb","MEAC","Mid-Eastern Athletic Conference","MEAC","https://a.espncdn.com/i/teamlogos/ncaa_conf/500/meac.png",,"#582C82","#FEB81D","cbbplotR","MEAC","D-I","conference"
"mbb","MVC","Missouri Valley Conference","Missouri Valley","https://a.espncdn.com/i/teamlogos/ncaa_conf/500/missouri_valley.png",,"#CF162D","#13216A","cbbplotR","MVC","D-I","conference"
"mbb","Mountain West","Mountain West Conference","Mountain West","https://a.espncdn.com/i/teamlogos/ncaa_conf/500/mountain_west.png",,"#4E2D7F","#AFAFAF","cbbplotR","Mountain West","D-I","conference"
"mbb","NEC","Northeast Conference","Northeast","https://a.espncdn.com/i/teamlogos/ncaa_conf/500/northeast.png",,"#035F9B","#035F9B","cbbplotR","NEC","D-I","conference"
"mbb","OVC","Ohio Valley Conference","Ohio Valley","https://a.espncdn.com/i/teamlogos/ncaa_conf/500/ohio_valley.png",,"#A51844","#D0AE85","cbbplotR","OVC","D-I","conference"
"mbb","Pac-12","Pac-12 Conference","Pac-12","https://a.espncdn.com/i/teamlogos/ncaa_conf/500/pac_12.png",,"#001A6F","#001A6F","cbbplotR","Pac-12","D-I","conference"
"mbb","Patriot","Patriot League","Patriot League","https://a.espncdn.com/i/teamlogos/ncaa_conf/500/patriot_league.png",,"#00205A","#D9291C","cbbplotR","Patriot","D-I","conference"
"mbb","SEC","Southeastern Conference","SEC","https://a.espncdn.com/i/teamlogos/ncaa_conf/500/sec.png",,"#012D74","#FFD040","cbbplotR","SEC","D-I","conference"
"mbb","SWAC","Southwestern Athletic Conference","SWAC","https://a.espncdn.com/i/teamlogos/ncaa_conf/500/swac.png",,"#E2201B","#E2201B","cbbplotR","SWAC","D-I","conference"
"mbb","SoCon","Southern Conference","Southern","https://a.espncdn.com/i/teamlogos/ncaa_conf/500/southern.png",,"#001588","#001588","cbbplotR","SoCon","D-I","conference"
"mbb","Southland","Southland Conference","Southland","https://a.espncdn.com/i/teamlogos/ncaa_conf/500/southland.png",,"#C1A552","#C1A552","cbbplotR","Southland","D-I","conference"
"mbb","Summit","Summit League","Summit League","https://a.espncdn.com/i/teamlogos/ncaa_conf/500/summit_league.png",,"#01549E","#01549E","cbbplotR","Summit","D-I","conference"
"mbb","Sun Belt","Sun Belt Conference","Sun Belt","https://a.espncdn.com/i/teamlogos/ncaa_conf/500/sun_belt.png",,"#0C2140","#F5A606","cbbplotR","Sun Belt","D-I","conference"
"mbb","WAC","Western Athletic Conference","WAC","https://a.espncdn.com/i/teamlogos/ncaa_conf/500/wac.png",,"#8A2432","#8A2432","cbbplotR","WAC","D-I","conference"
"mbb","WCC","West Coast Conference","West Coast","https://a.espncdn.com/i/teamlogos/ncaa_conf/500/west_coast.png",,"#24CAD2","#24CAD2","cbbplotR","WCC","D-I","conference"
"nfl","AFC","American Football Conference","AFC","https://a.espncdn.com/i/teamlogos/nfl/500/afc.png","https://a.espncdn.com/i/teamlogos/nfl/500-dark/afc.png",,,,"AFC",,"conference"
"nfl","NFC","National Football Conference","NFC","https://a.espncdn.com/i/teamlogos/nfl/500/nfc.png","https://a.espncdn.com/i/teamlogos/nfl/500-dark/nfc.png",,,,"NFC",,"conference"
"nfl","NFL","National Football League","NFL","https://a.espncdn.com/i/teamlogos/leagues/500/nfl.png","https://a.espncdn.com/i/teamlogos/leagues/500-dark/nfl.png",,,,,,"league"
"wbb","A-10","Atlantic 10 Conference","Atlantic 10","https://a.espncdn.com/i/teamlogos/ncaa_conf/500/atlantic_10.png",,"#E2201B","#E2201B","cbbplotR","A-10","D-I","conference"
"wbb","AAC","American Conference","American","https://a.espncdn.com/i/teamlogos/ncaa_conf/500/american.png",,"#0E1D41","#E2201B","cbbplotR","AAC","D-I","conference"
"wbb","ACC","Atlantic Coast Conference","ACC","https://a.espncdn.com/i/teamlogos/ncaa_conf/500/acc.png",,"#003CA6","#003CA6","cbbplotR","ACC","D-I","conference"
"wbb","Am. East","America East Conference","America East","https://a.espncdn.com/i/teamlogos/ncaa_conf/500/america_east.png",,"#00B1E2","#121C4E","cbbplotR","Am. East","D-I","conference"
"wbb","Atlantic Sun","Atlantic Sun Conference","Atlantic Sun","https://a.espncdn.com/i/teamlogos/ncaa_conf/500/atlantic_sun.png",,"#F2E60B","#4C4F54","cbbplotR","Atlantic Sun","D-I","conference"
"wbb","Big 12","Big 12 Conference","Big 12","https://a.espncdn.com/i/teamlogos/ncaa_conf/500/big_12.png",,"#FA4238","#FA4238","cbbplotR","Big 12","D-I","conference"
"wbb","Big East","Big East Conference","Big East","https://a.espncdn.com/i/teamlogos/ncaa_conf/500/big_east.png",,"#07205B","#CF162D","cbbplotR","Big East","D-I","conference"
"wbb","Big Sky","Big Sky Conference","Big Sky","https://a.espncdn.com/i/teamlogos/ncaa_conf/500/big_sky.png",,"#0133A0","#43C6E7","cbbplotR","Big Sky","D-I","conference"
"wbb","Big South","Big South Conference","Big South","https://a.espncdn.com/i/teamlogos/ncaa_conf/500/big_south.png",,"#0082CB","#ED7422","cbbplotR","Big South","D-I","conference"
"wbb","Big Ten","Big Ten Conference","Big Ten","https://a.espncdn.com/i/teamlogos/ncaa_conf/500/big_ten.png",,"#0082CB","#0082CB","cbbplotR","Big Ten","D-I","conference"
"wbb","Big West","Big West Conference","Big West","https://a.espncdn.com/i/teamlogos/ncaa_conf/500/big_west.png",,"#11175E","#A30145","cbbplotR","Big West","D-I","conference"
"wbb","CAA","Coastal Athletic Association","Coastal","https://a.espncdn.com/i/teamlogos/ncaa_conf/500/coastal.png",,"#002648","#002648","cbbplotR","CAA","D-I","conference"
"wbb","CUSA","Conference USA","Conference USA","https://a.espncdn.com/i/teamlogos/ncaa_conf/500/conference_usa.png",,"#002638","#E31C47","cbbplotR","CUSA","D-I","conference"
"wbb","Horizon","Horizon League","Horizon","https://a.espncdn.com/i/teamlogos/ncaa_conf/500/horizon.png",,"#F5A018","#F5A018","cbbplotR","Horizon","D-I","conference"
"wbb","Ivy","Ivy League","Ivy","https://a.espncdn.com/i/teamlogos/ncaa_conf/500/ivy.png",,"#18563F","#18563F","cbbplotR","Ivy","D-I","conference"
"wbb","MAAC","Metro Atlantic Athletic Conference","MAAC","https://a.espncdn.com/i/teamlogos/ncaa_conf/500/maac.png",,"#084FA2","#E2373F","cbbplotR","MAAC","D-I","conference"
"wbb","MAC","Mid-American Conference","Mid-American","https://a.espncdn.com/i/teamlogos/ncaa_conf/500/mid_american.png",,"#009844","#0C2140","cbbplotR","MAC","D-I","conference"
"wbb","MEAC","Mid-Eastern Athletic Conference","MEAC","https://a.espncdn.com/i/teamlogos/ncaa_conf/500/meac.png",,"#582C82","#FEB81D","cbbplotR","MEAC","D-I","conference"
"wbb","MVC","Missouri Valley Conference","Missouri Valley","https://a.espncdn.com/i/teamlogos/ncaa_conf/500/missouri_valley.png",,"#CF162D","#13216A","cbbplotR","MVC","D-I","conference"
"wbb","Mountain West","Mountain West Conference","Mountain West","https://a.espncdn.com/i/teamlogos/ncaa_conf/500/mountain_west.png",,"#4E2D7F","#AFAFAF","cbbplotR","Mountain West","D-I","conference"
"wbb","NEC","Northeast Conference","Northeast","https://a.espncdn.com/i/teamlogos/ncaa_conf/500/northeast.png",,"#035F9B","#035F9B","cbbplotR","NEC","D-I","conference"
"wbb","OVC","Ohio Valley Conference","Ohio Valley","https://a.espncdn.com/i/teamlogos/ncaa_conf/500/ohio_valley.png",,"#A51844","#D0AE85","cbbplotR","OVC","D-I","conference"
"wbb","Pac-12","Pac-12 Conference","Pac-12","https://a.espncdn.com/i/teamlogos/ncaa_conf/500/pac_12.png",,"#001A6F","#001A6F","cbbplotR","Pac-12","D-I","conference"
"wbb","Patriot","Patriot League","Patriot League","https://a.espncdn.com/i/teamlogos/ncaa_conf/500/patriot_league.png",,"#00205A","#D9291C","cbbplotR","Patriot","D-I","conference"
"wbb","SEC","Southeastern Conference","SEC","https://a.espncdn.com/i/teamlogos/ncaa_conf/500/sec.png",,"#012D74","#FFD040","cbbplotR","SEC","D-I","conference"
"wbb","SWAC","Southwestern Athletic Conference","SWAC","https://a.espncdn.com/i/teamlogos/ncaa_conf/500/swac.png",,"#E2201B","#E2201B","cbbplotR","SWAC","D-I","conference"
"wbb","SoCon","Southern Conference","Southern","https://a.espncdn.com/i/teamlogos/ncaa_conf/500/southern.png",,"#001588","#001588","cbbplotR","SoCon","D-I","conference"
"wbb","Southland","Southland Conference","Southland","https://a.espncdn.com/i/teamlogos/ncaa_conf/500/southland.png",,"#C1A552","#C1A552","cbbplotR","Southland","D-I","conference"
"wbb","Summit","Summit League","Summit League","https://a.espncdn.com/i/teamlogos/ncaa_conf/500/summit_league.png",,"#01549E","#01549E","cbbplotR","Summit","D-I","conference"
"wbb","Sun Belt","Sun Belt Conference","Sun Belt","https://a.espncdn.com/i/teamlogos/ncaa_conf/500/sun_belt.png",,"#0C2140","#F5A606","cbbplotR","Sun Belt","D-I","conference"
"wbb","WAC","Western Athletic Conference","WAC","https://a.espncdn.com/i/teamlogos/ncaa_conf/500/wac.png",,"#8A2432","#8A2432","cbbplotR","WAC","D-I","conference"
"wbb","WCC","West Coast Conference","West Coast","https://a.espncdn.com/i/teamlogos/ncaa_conf/500/west_coast.png",,"#24CAD2","#24CAD2","cbbplotR","WCC","D-I","conference"
