"sport","key","canon"
"mlb","ANA","LAA"
"mlb","CAL","LAA"
"mlb","FLA","MIA"
"mlb","MON","WSH"
"mlb","MTL","WSH"
"mlb","OAK","ATH"
"mlb","TBD","TB"
"nba","KCK","SAC"
"nba","NJ","BKN"
"nba","NJN","BKN"
"nba","NOH","NOP"
"nba","NOK","NOP"
"nba","SDC","LAC"
"nba","SEA","OKC"
"nba","VAN","MEM"
"nba","WSB","WAS"
"nfl","ARZ","ARI"
"nfl","BLT","BAL"
"nfl","CLV","CLE"
"nfl","HST","HOU"
"nfl","OAK","LV"
"nfl","SD","LAC"
"nfl","STL","LAR"
"nhl","ARI","UTAH"
"nhl","ATF","CGY"
"nhl","ATL","WPG"
"nhl","CLR","NJ"
"nhl","HFD","CAR"
"nhl","MNS","DAL"
"nhl","PHX","UTAH"
"nhl","QUE","COL"
"nhl","WIN","UTAH"
"wnba","DET","DAL"
"wnba","SA","LV"
"wnba","SAS","LV"
"wnba","TUL","DAL"
"wnba","UTA","LV"
