league,team_code,team_name,season
mbb,abilene-christian,Abilene Christian,1971
mbb,abilene-christian,Abilene Christian,2026
mbb,air-force,Air Force,1958
mbb,air-force,Air Force,2026
mbb,akron,Akron,1950
mbb,akron,Akron,2026
mbb,alabama,Alabama,1950
mbb,alabama,Alabama,2026
mbb,alabama-am,Alabama A&M,2000
mbb,alabama-am,Alabama A&M,2026
mbb,alabama-birmingham,UAB,1980
mbb,alabama-birmingham,UAB,2026
mbb,alabama-state,Alabama State,1983
mbb,alabama-state,Alabama State,2026
mbb,albany-ny,Albany (NY),2000
mbb,albany-ny,Albany (NY),2026
mbb,alcorn-state,Alcorn State,1978
mbb,alcorn-state,Alcorn State,2026
mbb,alliant-international,U.S. International,1982
mbb,alliant-international,U.S. International,1991
mbb,american,American,1967
mbb,american,American,2026
mbb,appalachian-state,Appalachian State,1974
mbb,appalachian-state,Appalachian State,2026
mbb,arizona,Arizona,1951
mbb,arizona,Arizona,2026
mbb,arizona-state,Arizona State,1951
mbb,arizona-state,Arizona State,2026
mbb,arkansas,Arkansas,1950
mbb,arkansas,Arkansas,2026
mbb,arkansas-little-rock,Little Rock,1979
mbb,arkansas-little-rock,Little Rock,2026
mbb,arkansas-pine-bluff,ArkansasâPine Bluff,1999
mbb,arkansas-pine-bluff,ArkansasâPine Bluff,2026
mbb,arkansas-state,Arkansas State,1971
mbb,arkansas-state,Arkansas State,2026
mbb,armstrong,Armstrong,1987
mbb,army,Army,1950
mbb,army,Army,2026
mbb,auburn,Auburn,1950
mbb,auburn,Auburn,2026
mbb,augusta-state,Augusta,1985
mbb,augusta-state,Augusta,1991
mbb,austin-peay,Austin Peay,1964
mbb,austin-peay,Austin Peay,2026
mbb,baldwin-wallace,Baldwin-Wallace,1950
mbb,baldwin-wallace,Baldwin-Wallace,1953
mbb,ball-state,Ball State,1972
mbb,ball-state,Ball State,2026
mbb,baltimore,Baltimore,1979
mbb,baltimore,Baltimore,1983
mbb,baylor,Baylor,1950
mbb,baylor,Baylor,2026
mbb,bellarmine,Bellarmine,2021
mbb,bellarmine,Bellarmine,2026
mbb,belmont,Belmont,2000
mbb,belmont,Belmont,2026
mbb,bethune-cookman,Bethune-Cookman,1981
mbb,bethune-cookman,Bethune-Cookman,2026
mbb,binghamton,Binghamton,2002
mbb,binghamton,Binghamton,2026
mbb,birmingham-southern,Birmingham-Southern,2002
mbb,birmingham-southern,Birmingham-Southern,2006
mbb,boise-state,Boise State,1972
mbb,boise-state,Boise State,2026
mbb,boston-college,Boston College,1950
mbb,boston-college,Boston College,2026
mbb,boston-university,Boston University,1958
mbb,boston-university,Boston University,2026
mbb,bowling-green-state,Bowling Green,1950
mbb,bowling-green-state,Bowling Green,2026
mbb,bradley,Bradley,1950
mbb,bradley,Bradley,2026
mbb,brigham-young,Brigham Young,1950
mbb,brigham-young,Brigham Young,2026
mbb,brooklyn,Brooklyn,1983
mbb,brooklyn,Brooklyn,1992
mbb,brown,Brown,1950
mbb,brown,Brown,2026
mbb,bryant,Bryant,2009
mbb,bryant,Bryant,2026
mbb,bucknell,Bucknell,1950
mbb,bucknell,Bucknell,2026
mbb,buffalo,Buffalo,1974
mbb,buffalo,Buffalo,2026
mbb,butler,Butler,1950
mbb,butler,Butler,2026
mbb,cal-poly,Cal Poly,1995
mbb,cal-poly,Cal Poly,2026
mbb,cal-state-bakersfield,Cal State Bakersfield,2008
mbb,cal-state-bakersfield,Cal State Bakersfield,2026
mbb,cal-state-fullerton,Cal State Fullerton,1975
mbb,cal-state-fullerton,Cal State Fullerton,2026
mbb,cal-state-los-angeles,Cal State Los Angeles,1971
mbb,cal-state-los-angeles,Cal State Los Angeles,1975
mbb,cal-state-northridge,Cal State Northridge,1991
mbb,cal-state-northridge,Cal State Northridge,2026
mbb,california,California,1950
mbb,california,California,2026
mbb,california-baptist,California Baptist,2019
mbb,california-baptist,California Baptist,2026
mbb,california-davis,UC Davis,2005
mbb,california-davis,UC Davis,2026
mbb,california-irvine,UC Irvine,1978
mbb,california-irvine,UC Irvine,2026
mbb,california-riverside,UC Riverside,2002
mbb,california-riverside,UC Riverside,2026
mbb,california-san-diego,UC San Diego,2021
mbb,california-san-diego,UC San Diego,2026
mbb,california-santa-barbara,UC Santa Barbara,1964
mbb,california-santa-barbara,UC Santa Barbara,2026
mbb,campbell,Campbell,1978
mbb,campbell,Campbell,2026
mbb,canisius,Canisius,1950
mbb,canisius,Canisius,2026
mbb,case-western-reserve,Case Western Reserve,1950
mbb,case-western-reserve,Case Western Reserve,1955
mbb,catholic,Catholic,1977
mbb,catholic,Catholic,1981
mbb,centenary-la,Centenary (LA),1960
mbb,centenary-la,Centenary (LA),2011
mbb,central-arkansas,Central Arkansas,2007
mbb,central-arkansas,Central Arkansas,2026
mbb,central-connecticut-state,Central Connecticut State,1987
mbb,central-connecticut-state,Central Connecticut State,2026
mbb,central-florida,UCF,1985
mbb,central-florida,UCF,2026
mbb,central-michigan,Central Michigan,1974
mbb,central-michigan,Central Michigan,2026
mbb,charleston-southern,Charleston Southern,1975
mbb,charleston-southern,Charleston Southern,2026
mbb,charlotte,Charlotte,1973
mbb,charlotte,Charlotte,2026
mbb,chattanooga,Chattanooga,1978
mbb,chattanooga,Chattanooga,2026
mbb,chicago-state,Chicago State,1985
mbb,chicago-state,Chicago State,2026
mbb,cincinnati,Cincinnati,1950
mbb,cincinnati,Cincinnati,2026
mbb,citadel,The Citadel,1950
mbb,citadel,The Citadel,2026
mbb,city-college-of-new-york,City College of New York,1950
mbb,city-college-of-new-york,City College of New York,1953
mbb,clemson,Clemson,1950
mbb,clemson,Clemson,2026
mbb,cleveland-state,Cleveland State,1973
mbb,cleveland-state,Cleveland State,2026
mbb,coastal-carolina,Coastal Carolina,1987
mbb,coastal-carolina,Coastal Carolina,2026
mbb,colgate,Colgate,1950
mbb,colgate,Colgate,2026
mbb,college-of-charleston,College of Charleston,1992
mbb,college-of-charleston,College of Charleston,2026
mbb,colorado,Colorado,1950
mbb,colorado,Colorado,2026
mbb,colorado-state,Colorado State,1950
mbb,colorado-state,Colorado State,2026
mbb,columbia,Columbia,1950
mbb,columbia,Columbia,2026
mbb,conf-aac,AAC,2014
mbb,conf-aac,AAC,2025
mbb,conf-aawu,AAWU,1960
mbb,conf-aawu,AAWU,1968
mbb,conf-acc,ACC,1954
mbb,conf-acc,ACC,2026
mbb,conf-america-east,AmEast,1997
mbb,conf-america-east,AmEast,2026
mbb,conf-american,American,2026
mbb,conf-american-south,ASC,1988
mbb,conf-american-south,ASC,1991
mbb,conf-american-west,AWC,1995
mbb,conf-american-west,AWC,1996
mbb,conf-atlantic-10,A-10,1983
mbb,conf-atlantic-10,A-10,2026
mbb,conf-atlantic-sun,A-Sun,2002
mbb,conf-atlantic-sun,A-Sun,2026
mbb,conf-big-12,Big 12,1997
mbb,conf-big-12,Big 12,2026
mbb,conf-big-6,Big 6,1929
mbb,conf-big-6,Big 6,1947
mbb,conf-big-7,Big 7,1948
mbb,conf-big-7,Big 7,1957
mbb,conf-big-8,Big 8,1958
mbb,conf-big-8,Big 8,1996
mbb,conf-big-east,Big East,1980
mbb,conf-big-east,Big East,2026
mbb,conf-big-sky,Big Sky,1964
mbb,conf-big-sky,Big Sky,2026
mbb,conf-big-south,Big South,1986
mbb,conf-big-south,Big South,2026
mbb,conf-big-ten,Big Ten,1918
mbb,conf-big-ten,Big Ten,2026
mbb,conf-big-west,Big West,1989
mbb,conf-big-west,Big West,2026
mbb,conf-border,BIAA,1932
mbb,conf-border,BIAA,1962
mbb,conf-cba,CBA,1953
mbb,conf-cba,CBA,1956
mbb,conf-coastal,CAA,2024
mbb,conf-coastal,CAA,2026
mbb,conf-colonial,CAA,1986
mbb,conf-colonial,CAA,2023
mbb,conf-cusa,CUSA,1996
mbb,conf-cusa,CUSA,2026
mbb,conf-eaa,EAA,1978
mbb,conf-eaa,EAA,1982
mbb,conf-east-coast,ECC,1975
mbb,conf-east-coast,ECC,1994
mbb,conf-ecac-metro,ECACM,1980
mbb,conf-ecac-metro,ECACM,1988
mbb,conf-ecac-north,ECACN,1980
mbb,conf-ecac-north,ECACN,1988
mbb,conf-ecac-south,ECACS,1980
mbb,conf-ecac-south,ECACS,1985
mbb,conf-ecbl,ECBL,1977
mbb,conf-eic,EIC,1933
mbb,conf-eic,EIC,1939
mbb,conf-great-midwest,GMWC,1992
mbb,conf-great-midwest,GMWC,1995
mbb,conf-great-west,GWC,2010
mbb,conf-great-west,GWC,2013
mbb,conf-gulf-star,GSC,1985
mbb,conf-gulf-star,GSC,1987
mbb,conf-horizon,Horizon,2002
mbb,conf-horizon,Horizon,2026
mbb,conf-independent,Ind,1893
mbb,conf-independent,Ind,2024
mbb,conf-ivy,Ivy,1902
mbb,conf-ivy,Ivy,2026
mbb,conf-maac,MAAC,1982
mbb,conf-maac,MAAC,2026
mbb,conf-mac,MAC,1947
mbb,conf-mac,MAC,2026
mbb,conf-mascn,MASCN,1946
mbb,conf-mascn,MASCN,1949
mbb,conf-mcc,MCC,1966
mbb,conf-mcc,MCC,1969
mbb,conf-meac,MEAC,1972
mbb,conf-meac,MEAC,2026
mbb,conf-metro,Metro,1976
mbb,conf-metro,Metro,1995
mbb,conf-metro-ny,Metro NY,1934
mbb,conf-metro-ny,Metro NY,1963
mbb,conf-mid-continent,Mid-Cont,1983
mbb,conf-mid-continent,Mid-Cont,2007
mbb,conf-middle-atlantic,Mid-Atl,1959
mbb,conf-middle-atlantic,Mid-Atl,1974
mbb,conf-middle-three,Mid-3,1943
mbb,conf-middle-three,Mid-3,1952
mbb,conf-midwestern-city,MW City,1980
mbb,conf-midwestern-city,MW City,1985
mbb,conf-midwestern-collegiate,MW Coll,1986
mbb,conf-midwestern-collegiate,MW Coll,2001
mbb,conf-mountain-states,MSAC,1911
mbb,conf-mountain-states,MSAC,1962
mbb,conf-mvc,MVC,1908
mbb,conf-mvc,MVC,2026
mbb,conf-mwc,MWC,2000
mbb,conf-mwc,MWC,2026
mbb,conf-nec,NEC,2026
mbb,conf-njny7,NJNY7,1977
mbb,conf-njny7,NJNY7,1979
mbb,conf-north-atlantic,NAC,1989
mbb,conf-north-atlantic,NAC,1996
mbb,conf-northeast,NEC,1989
mbb,conf-northeast,NEC,2025
mbb,conf-northern-ca,North CA,1938
mbb,conf-northern-ca,North CA,1939
mbb,conf-ovc,OVC,1949
mbb,conf-ovc,OVC,2026
mbb,conf-pac-10,Pac-10,1979
mbb,conf-pac-10,Pac-10,2011
mbb,conf-pac-12,Pac-12,2012
mbb,conf-pac-12,Pac-12,2024
mbb,conf-pac-8,Pac-8,1969
mbb,conf-pac-8,Pac-8,1978
mbb,conf-patriot,Patriot,1991
mbb,conf-patriot,Patriot,2026
mbb,conf-pcaa,PCAA,1970
mbb,conf-pcaa,PCAA,1988
mbb,conf-pcc,PCC,1916
mbb,conf-pcc,PCC,1959
mbb,conf-sec,SEC,1933
mbb,conf-sec,SEC,2026
mbb,conf-southern,Southern,1921
mbb,conf-southern,Southern,2026
mbb,conf-southland,Southland,1969
mbb,conf-southland,Southland,2026
mbb,conf-summit,Summit,2008
mbb,conf-summit,Summit,2026
mbb,conf-sun-belt,Sun Belt,1977
mbb,conf-sun-belt,Sun Belt,2026
mbb,conf-swac,SWAC,1978
mbb,conf-swac,SWAC,2026
mbb,conf-swc,SWC,1915
mbb,conf-swc,SWC,1996
mbb,conf-trans-america,TAAC,1979
mbb,conf-trans-america,TAAC,2001
mbb,conf-wac,WAC,1963
mbb,conf-wac,WAC,2026
mbb,conf-wcac,WCAC,1957
mbb,conf-wcac,WCAC,1989
mbb,conf-wcc,WCC,1990
mbb,conf-wcc,WCC,2026
mbb,conf-western,Western,1899
mbb,conf-western,Western,1917
mbb,conf-wny3,WNY3,1947
mbb,conf-wny3,WNY3,1958
mbb,conf-yankee,Yankee,1938
mbb,conf-yankee,Yankee,1976
mbb,connecticut,Connecticut,1952
mbb,connecticut,Connecticut,2026
mbb,coppin-state,Coppin State,1986
mbb,coppin-state,Coppin State,2026
mbb,cornell,Cornell,1950
mbb,cornell,Cornell,2026
mbb,creighton,Creighton,1950
mbb,creighton,Creighton,2026
mbb,dartmouth,Dartmouth,1950
mbb,dartmouth,Dartmouth,2026
mbb,davidson,Davidson,1950
mbb,davidson,Davidson,2026
mbb,dayton,Dayton,1950
mbb,dayton,Dayton,2026
mbb,delaware,Delaware,1958
mbb,delaware,Delaware,2026
mbb,delaware-state,Delaware State,1974
mbb,delaware-state,Delaware State,2026
mbb,denver,Denver,1950
mbb,denver,Denver,2026
mbb,depaul,DePaul,1950
mbb,depaul,DePaul,2026
mbb,detroit-mercy,Detroit Mercy,1950
mbb,detroit-mercy,Detroit Mercy,2026
mbb,dixie-state,Utah Tech,2021
mbb,dixie-state,Utah Tech,2026
mbb,drake,Drake,1950
mbb,drake,Drake,2026
mbb,drexel,Drexel,1974
mbb,drexel,Drexel,2026
mbb,duke,Duke,1950
mbb,duke,Duke,2026
mbb,duquesne,Duquesne,1950
mbb,duquesne,Duquesne,2026
mbb,east-carolina,East Carolina,1967
mbb,east-carolina,East Carolina,2026
mbb,east-tennessee-state,East Tennessee State,1959
mbb,east-tennessee-state,East Tennessee State,2026
mbb,eastern-illinois,Eastern Illinois,1982
mbb,eastern-illinois,Eastern Illinois,2026
mbb,eastern-kentucky,Eastern Kentucky,1952
mbb,eastern-kentucky,Eastern Kentucky,2026
mbb,eastern-michigan,Eastern Michigan,1974
mbb,eastern-michigan,Eastern Michigan,2026
mbb,eastern-washington,Eastern Washington,1984
mbb,eastern-washington,Eastern Washington,2026
mbb,elon,Elon,2000
mbb,elon,Elon,2026
mbb,evansville,Evansville,1978
mbb,evansville,Evansville,2026
mbb,fairfield,Fairfield,1965
mbb,fairfield,Fairfield,2026
mbb,fairleigh-dickinson,FDU,1968
mbb,fairleigh-dickinson,FDU,2026
mbb,florida,Florida,1950
mbb,florida,Florida,2026
mbb,florida-am,Florida A&M,1980
mbb,florida-am,Florida A&M,2026
mbb,florida-atlantic,Florida Atlantic,1994
mbb,florida-atlantic,Florida Atlantic,2026
mbb,florida-gulf-coast,Florida Gulf Coast,2008
mbb,florida-gulf-coast,Florida Gulf Coast,2026
mbb,florida-international,Florida International,1988
mbb,florida-international,Florida International,2026
mbb,florida-state,Florida State,1957
mbb,florida-state,Florida State,2026
mbb,fordham,Fordham,1950
mbb,fordham,Fordham,2026
mbb,fresno-state,Fresno State,1956
mbb,fresno-state,Fresno State,2026
mbb,furman,Furman,1950
mbb,furman,Furman,2026
mbb,gardner-webb,Gardner-Webb,2003
mbb,gardner-webb,Gardner-Webb,2026
mbb,george-mason,George Mason,1979
mbb,george-mason,George Mason,2026
mbb,george-washington,George Washington,1950
mbb,george-washington,George Washington,2026
mbb,georgetown,Georgetown,1950
mbb,georgetown,Georgetown,2026
mbb,georgia,Georgia,1950
mbb,georgia,Georgia,2026
mbb,georgia-southern,Georgia Southern,1974
mbb,georgia-southern,Georgia Southern,2026
mbb,georgia-state,Georgia State,1974
mbb,georgia-state,Georgia State,2026
mbb,georgia-tech,Georgia Tech,1950
mbb,georgia-tech,Georgia Tech,2026
mbb,gettysburg,Gettysburg,1950
mbb,gettysburg,Gettysburg,1973
mbb,gonzaga,Gonzaga,1953
mbb,gonzaga,Gonzaga,2026
mbb,grambling,Grambling,1978
mbb,grambling,Grambling,2026
mbb,grand-canyon,Grand Canyon,2014
mbb,grand-canyon,Grand Canyon,2026
mbb,green-bay,Green Bay,1982
mbb,green-bay,Green Bay,2026
mbb,hampton,Hampton,1996
mbb,hampton,Hampton,2026
mbb,hardin-simmons,Hardin-Simmons,1951
mbb,hardin-simmons,Hardin-Simmons,1990
mbb,hartford,Hartford,1985
mbb,hartford,Hartford,2023
mbb,harvard,Harvard,1950
mbb,harvard,Harvard,2026
mbb,hawaii,Hawaii,1971
mbb,hawaii,Hawaii,2026
mbb,high-point,High Point,2000
mbb,high-point,High Point,2026
mbb,hofstra,Hofstra,1967
mbb,hofstra,Hofstra,2026
mbb,holy-cross,Holy Cross,1950
mbb,holy-cross,Holy Cross,2026
mbb,houston,Houston,1951
mbb,houston,Houston,2026
mbb,houston-baptist,Houston Christian,1974
mbb,houston-baptist,Houston Christian,2026
mbb,howard,Howard,1974
mbb,howard,Howard,2026
mbb,idaho,Idaho,1950
mbb,idaho,Idaho,2026
mbb,idaho-state,Idaho State,1959
mbb,idaho-state,Idaho State,2026
mbb,illinois,Illinois,1950
mbb,illinois,Illinois,2026
mbb,illinois-chicago,IllinoisâChicago,1982
mbb,illinois-chicago,IllinoisâChicago,2026
mbb,illinois-state,Illinois State,1972
mbb,illinois-state,Illinois State,2026
mbb,incarnate-word,Incarnate Word,2014
mbb,incarnate-word,Incarnate Word,2026
mbb,indiana,Indiana,1950
mbb,indiana,Indiana,2026
mbb,indiana-state,Indiana State,1972
mbb,indiana-state,Indiana State,2026
mbb,iona,Iona,1954
mbb,iona,Iona,2026
mbb,iowa,Iowa,1950
mbb,iowa,Iowa,2026
mbb,iowa-state,Iowa State,1950
mbb,iowa-state,Iowa State,2026
mbb,ipfw,Purdue Fort Wayne,2003
mbb,ipfw,Purdue Fort Wayne,2026
mbb,iupui,IU Indy,1999
mbb,iupui,IU Indy,2026
mbb,jackson-state,Jackson State,1978
mbb,jackson-state,Jackson State,2026
mbb,jacksonville,Jacksonville,1967
mbb,jacksonville,Jacksonville,2026
mbb,jacksonville-state,Jacksonville State,1996
mbb,jacksonville-state,Jacksonville State,2026
mbb,james-madison,James Madison,1977
mbb,james-madison,James Madison,2026
mbb,john-carroll,John Carroll,1950
mbb,john-carroll,John Carroll,1955
mbb,kansas,Kansas,1950
mbb,kansas,Kansas,2026
mbb,kansas-state,Kansas State,1950
mbb,kansas-state,Kansas State,2026
mbb,kennesaw-state,Kennesaw State,2006
mbb,kennesaw-state,Kennesaw State,2026
mbb,kent-state,Kent State,1952
mbb,kent-state,Kent State,2026
mbb,kentucky,Kentucky,1950
mbb,kentucky,Kentucky,2026
mbb,kentucky-wesleyan,Kentucky Wesleyan,1957
mbb,kentucky-wesleyan,Kentucky Wesleyan,1958
mbb,la-salle,La Salle,1950
mbb,la-salle,La Salle,2026
mbb,lafayette,Lafayette,1950
mbb,lafayette,Lafayette,2026
mbb,lamar,Lamar,1970
mbb,lamar,Lamar,2026
mbb,le-moyne,Le Moyne,2024
mbb,le-moyne,Le Moyne,2026
mbb,lehigh,Lehigh,1950
mbb,lehigh,Lehigh,2026
mbb,liberty,Liberty,1989
mbb,liberty,Liberty,2026
mbb,lindenwood,Lindenwood,2023
mbb,lindenwood,Lindenwood,2026
mbb,lipscomb,Lipscomb,2002
mbb,lipscomb,Lipscomb,2026
mbb,long-beach-state,Long Beach State,1970
mbb,long-beach-state,Long Beach State,2026
mbb,long-island-university,Long Island University,1950
mbb,long-island-university,Long Island University,2026
mbb,longwood,Longwood,2005
mbb,longwood,Longwood,2026
mbb,louisiana-lafayette,Louisiana,1972
mbb,louisiana-lafayette,Louisiana,2026
mbb,louisiana-monroe,LouisianaâMonroe,1974
mbb,louisiana-monroe,LouisianaâMonroe,2026
mbb,louisiana-state,Louisiana State,1950
mbb,louisiana-state,Louisiana State,2026
mbb,louisiana-tech,Louisiana Tech,1974
mbb,louisiana-tech,Louisiana Tech,2026
mbb,louisville,Louisville,1950
mbb,louisville,Louisville,2026
mbb,loyola-il,Loyola (IL),1950
mbb,loyola-il,Loyola (IL),2026
mbb,loyola-la,Loyola (LA),1952
mbb,loyola-la,Loyola (LA),1972
mbb,loyola-marymount,Loyola Marymount,1950
mbb,loyola-marymount,Loyola Marymount,2026
mbb,loyola-md,Loyola (MD),1982
mbb,loyola-md,Loyola (MD),2026
mbb,maine,Maine,1962
mbb,maine,Maine,2026
mbb,manhattan,Manhattan,1950
mbb,manhattan,Manhattan,2026
mbb,marist,Marist,1982
mbb,marist,Marist,2026
mbb,marquette,Marquette,1950
mbb,marquette,Marquette,2026
mbb,marshall,Marshall,1954
mbb,marshall,Marshall,2026
mbb,maryland,Maryland,1950
mbb,maryland,Maryland,2026
mbb,maryland-baltimore-county,UMBC,1987
mbb,maryland-baltimore-county,UMBC,2026
mbb,maryland-eastern-shore,MarylandâEastern Shore,1974
mbb,maryland-eastern-shore,MarylandâEastern Shore,2026
mbb,massachusetts,Massachusetts,1962
mbb,massachusetts,Massachusetts,2026
mbb,massachusetts-lowell,MassachusettsâLowell,2014
mbb,massachusetts-lowell,MassachusettsâLowell,2026
mbb,mcneese-state,McNeese,1974
mbb,mcneese-state,McNeese,2026
mbb,memphis,Memphis,1956
mbb,memphis,Memphis,2026
mbb,mercer,Mercer,1974
mbb,mercer,Mercer,2026
mbb,mercyhurst,Mercyhurst,2025
mbb,mercyhurst,Mercyhurst,2026
mbb,merrimack,Merrimack,2020
mbb,merrimack,Merrimack,2026
mbb,miami-fl,Miami (FL),1950
mbb,miami-fl,Miami (FL),2026
mbb,miami-oh,Miami (OH),1950
mbb,miami-oh,Miami (OH),2026
mbb,michigan,Michigan,1950
mbb,michigan,Michigan,2026
mbb,michigan-state,Michigan State,1950
mbb,michigan-state,Michigan State,2026
mbb,middle-tennessee,Middle Tennessee,1959
mbb,middle-tennessee,Middle Tennessee,2026
mbb,milwaukee,Milwaukee,1974
mbb,milwaukee,Milwaukee,2026
mbb,minnesota,Minnesota,1950
mbb,minnesota,Minnesota,2026
mbb,mississippi,Mississippi,1950
mbb,mississippi,Mississippi,2026
mbb,mississippi-state,Mississippi State,1950
mbb,mississippi-state,Mississippi State,2026
mbb,mississippi-valley-state,Mississippi Valley State,1980
mbb,mississippi-valley-state,Mississippi Valley State,2026
mbb,missouri,Missouri,1950
mbb,missouri,Missouri,2026
mbb,missouri-kansas-city,Kansas City,1990
mbb,missouri-kansas-city,Kansas City,2026
mbb,missouri-state,Missouri State,1983
mbb,missouri-state,Missouri State,2026
mbb,monmouth,Monmouth,1984
mbb,monmouth,Monmouth,2026
mbb,montana,Montana,1952
mbb,montana,Montana,2026
mbb,montana-state,Montana State,1958
mbb,montana-state,Montana State,2026
mbb,morehead-state,Morehead State,1956
mbb,morehead-state,Morehead State,2026
mbb,morgan-state,Morgan State,1985
mbb,morgan-state,Morgan State,2026
mbb,morris-brown,Morris Brown,2002
mbb,morris-brown,Morris Brown,2003
mbb,mount-st-marys,Mount St. Mary's,1989
mbb,mount-st-marys,Mount St. Mary's,2026
mbb,muhlenberg,Muhlenberg,1950
mbb,muhlenberg,Muhlenberg,1963
mbb,murray-state,Murray State,1954
mbb,murray-state,Murray State,2026
mbb,navy,Navy,1950
mbb,navy,Navy,2026
mbb,nebraska,Nebraska,1950
mbb,nebraska,Nebraska,2026
mbb,nebraska-omaha,Omaha,2013
mbb,nebraska-omaha,Omaha,2026
mbb,nevada,Nevada,1970
mbb,nevada,Nevada,2026
mbb,nevada-las-vegas,NevadaâLas Vegas,1970
mbb,nevada-las-vegas,NevadaâLas Vegas,2026
mbb,new-hampshire,New Hampshire,1962
mbb,new-hampshire,New Hampshire,2026
mbb,new-haven,New Haven,2026
mbb,new-mexico,New Mexico,1951
mbb,new-mexico,New Mexico,2026
mbb,new-mexico-state,New Mexico State,1951
mbb,new-mexico-state,New Mexico State,2026
mbb,new-orleans,New Orleans,1976
mbb,new-orleans,New Orleans,2026
mbb,new-york-university,New York University,1950
mbb,new-york-university,New York University,1971
mbb,niagara,Niagara,1950
mbb,niagara,Niagara,2026
mbb,nicholls-state,Nicholls State,1981
mbb,nicholls-state,Nicholls State,2026
mbb,njit,NJIT,2007
mbb,njit,NJIT,2026
mbb,norfolk-state,Norfolk State,1998
mbb,norfolk-state,Norfolk State,2026
mbb,north-alabama,North Alabama,2019
mbb,north-alabama,North Alabama,2026
mbb,north-carolina,North Carolina,1950
mbb,north-carolina,North Carolina,2026
mbb,north-carolina-asheville,UNC Asheville,1987
mbb,north-carolina-asheville,UNC Asheville,2026
mbb,north-carolina-at,North Carolina A&T,1974
mbb,north-carolina-at,North Carolina A&T,2026
mbb,north-carolina-central,North Carolina Central,2008
mbb,north-carolina-central,North Carolina Central,2026
mbb,north-carolina-greensboro,UNC Greensboro,1992
mbb,north-carolina-greensboro,UNC Greensboro,2026
mbb,north-carolina-state,NC State,1950
mbb,north-carolina-state,NC State,2026
mbb,north-carolina-wilmington,UNC Wilmington,1977
mbb,north-carolina-wilmington,UNC Wilmington,2026
mbb,north-dakota,North Dakota,2010
mbb,north-dakota,North Dakota,2026
mbb,north-dakota-state,North Dakota State,2006
mbb,north-dakota-state,North Dakota State,2026
mbb,north-florida,North Florida,2006
mbb,north-florida,North Florida,2026
mbb,north-texas,North Texas,1958
mbb,north-texas,North Texas,2026
mbb,northeastern,Northeastern,1973
mbb,northeastern,Northeastern,2026
mbb,northeastern-illinois,Northeastern Illinois,1991
mbb,northeastern-illinois,Northeastern Illinois,1998
mbb,northern-arizona,Northern Arizona,1951
mbb,northern-arizona,Northern Arizona,2026
mbb,northern-colorado,Northern Colorado,2005
mbb,northern-colorado,Northern Colorado,2026
mbb,northern-illinois,Northern Illinois,1968
mbb,northern-illinois,Northern Illinois,2026
mbb,northern-iowa,Northern Iowa,1981
mbb,northern-iowa,Northern Iowa,2026
mbb,northern-kentucky,Northern Kentucky,2013
mbb,northern-kentucky,Northern Kentucky,2026
mbb,northwestern,Northwestern,1950
mbb,northwestern,Northwestern,2026
mbb,northwestern-state,Northwestern State,1977
mbb,northwestern-state,Northwestern State,2026
mbb,notre-dame,Notre Dame,1950
mbb,notre-dame,Notre Dame,2026
mbb,oakland,Oakland,2000
mbb,oakland,Oakland,2026
mbb,ohio,Ohio,1950
mbb,ohio,Ohio,2026
mbb,ohio-state,Ohio State,1950
mbb,ohio-state,Ohio State,2026
mbb,oklahoma,Oklahoma,1950
mbb,oklahoma,Oklahoma,2026
mbb,oklahoma-city,Oklahoma City,1951
mbb,oklahoma-city,Oklahoma City,1985
mbb,oklahoma-state,Oklahoma State,1950
mbb,oklahoma-state,Oklahoma State,2026
mbb,old-dominion,Old Dominion,1977
mbb,old-dominion,Old Dominion,2026
mbb,oral-roberts,Oral Roberts,1972
mbb,oral-roberts,Oral Roberts,2026
mbb,oregon,Oregon,1950
mbb,oregon,Oregon,2026
mbb,oregon-state,Oregon State,1950
mbb,oregon-state,Oregon State,2026
mbb,pacific,Pacific,1954
mbb,pacific,Pacific,2026
mbb,penn-state,Penn State,1950
mbb,penn-state,Penn State,2026
mbb,pennsylvania,Pennsylvania,1950
mbb,pennsylvania,Pennsylvania,2026
mbb,pepperdine,Pepperdine,1956
mbb,pepperdine,Pepperdine,2026
mbb,pittsburgh,Pittsburgh,1950
mbb,pittsburgh,Pittsburgh,2026
mbb,portland,Portland,1954
mbb,portland,Portland,2026
mbb,portland-state,Portland State,1973
mbb,portland-state,Portland State,2026
mbb,prairie-view,Prairie View A&M,1981
mbb,prairie-view,Prairie View A&M,2026
mbb,presbyterian,Presbyterian,2008
mbb,presbyterian,Presbyterian,2026
mbb,princeton,Princeton,1950
mbb,princeton,Princeton,2026
mbb,providence,Providence,1958
mbb,providence,Providence,2026
mbb,purdue,Purdue,1950
mbb,purdue,Purdue,2026
mbb,queens-nc,Queens (NC),2023
mbb,queens-nc,Queens (NC),2026
mbb,quinnipiac,Quinnipiac,1999
mbb,quinnipiac,Quinnipiac,2026
mbb,radford,Radford,1985
mbb,radford,Radford,2026
mbb,regis-co,Regis (CO),1962
mbb,regis-co,Regis (CO),1964
mbb,rhode-island,Rhode Island,1950
mbb,rhode-island,Rhode Island,2026
mbb,rice,Rice,1950
mbb,rice,Rice,2026
mbb,richmond,Richmond,1950
mbb,richmond,Richmond,2026
mbb,rider,Rider,1968
mbb,rider,Rider,2026
mbb,robert-morris,Robert Morris,1977
mbb,robert-morris,Robert Morris,2026
mbb,rutgers,Rutgers,1950
mbb,rutgers,Rutgers,2026
mbb,sacramento-state,Sacramento State,1992
mbb,sacramento-state,Sacramento State,2026
mbb,sacred-heart,Sacred Heart,2000
mbb,sacred-heart,Sacred Heart,2026
mbb,saint-francis-pa,Saint Francis (PA),1956
mbb,saint-francis-pa,Saint Francis (PA),2026
mbb,saint-josephs,Saint Joseph's,1950
mbb,saint-josephs,Saint Joseph's,2026
mbb,saint-louis,Saint Louis,1950
mbb,saint-louis,Saint Louis,2026
mbb,saint-marys-ca,Saint Mary's,1950
mbb,saint-marys-ca,Saint Mary's,2026
mbb,saint-peters,Saint Peter's,1966
mbb,saint-peters,Saint Peter's,2026
mbb,sam-houston-state,Sam Houston,1987
mbb,sam-houston-state,Sam Houston,2026
mbb,samford,Samford,1973
mbb,samford,Samford,2026
mbb,san-diego,San Diego,1980
mbb,san-diego,San Diego,2026
mbb,san-diego-state,San Diego State,1971
mbb,san-diego-state,San Diego State,2026
mbb,san-francisco,San Francisco,1950
mbb,san-francisco,San Francisco,2026
mbb,san-jose-state,San Jose State,1953
mbb,san-jose-state,San Jose State,2026
mbb,santa-clara,Santa Clara,1950
mbb,santa-clara,Santa Clara,2026
mbb,savannah-state,Savannah State,2003
mbb,savannah-state,Savannah State,2019
mbb,seattle,Seattle,1953
mbb,seattle,Seattle,2026
mbb,seton-hall,Seton Hall,1950
mbb,seton-hall,Seton Hall,2026
mbb,siena,Siena,1951
mbb,siena,Siena,2026
mbb,south-alabama,South Alabama,1972
mbb,south-alabama,South Alabama,2026
mbb,south-carolina,South Carolina,1950
mbb,south-carolina,South Carolina,2026
mbb,south-carolina-state,South Carolina State,1972
mbb,south-carolina-state,South Carolina State,2026
mbb,south-carolina-upstate,South Carolina Upstate,2008
mbb,south-carolina-upstate,South Carolina Upstate,2026
mbb,south-dakota,South Dakota,2010
mbb,south-dakota,South Dakota,2026
mbb,south-dakota-state,South Dakota State,2006
mbb,south-dakota-state,South Dakota State,2026
mbb,south-florida,South Florida,1974
mbb,south-florida,South Florida,2026
mbb,southeast-missouri-state,Southeast Missouri State,1992
mbb,southeast-missouri-state,Southeast Missouri State,2026
mbb,southeastern-louisiana,Southeastern Louisiana,1981
mbb,southeastern-louisiana,Southeastern Louisiana,2026
mbb,southern,Southern,1978
mbb,southern,Southern,2026
mbb,southern-california,Southern California,1950
mbb,southern-california,Southern California,2026
mbb,southern-illinois,Southern Illinois,1968
mbb,southern-illinois,Southern Illinois,2026
mbb,southern-illinois-edwardsville,SIU Edwardsville,2010
mbb,southern-illinois-edwardsville,SIU Edwardsville,2026
mbb,southern-indiana,Southern Indiana,2023
mbb,southern-indiana,Southern Indiana,2026
mbb,southern-methodist,Southern Methodist,1950
mbb,southern-methodist,Southern Methodist,2026
mbb,southern-mississippi,Southern Mississippi,1973
mbb,southern-mississippi,Southern Mississippi,2026
mbb,southern-utah,Southern Utah,1989
mbb,southern-utah,Southern Utah,2026
mbb,st-bonaventure,St. Bonaventure,1950
mbb,st-bonaventure,St. Bonaventure,2026
mbb,st-francis-ny,St. Francis Brooklyn,1950
mbb,st-francis-ny,St. Francis Brooklyn,2023
mbb,st-johns-ny,St. John's (NY),1950
mbb,st-johns-ny,St. John's (NY),2026
mbb,st-thomas-mn,St. Thomas,2022
mbb,st-thomas-mn,St. Thomas,2026
mbb,stanford,Stanford,1950
mbb,stanford,Stanford,2026
mbb,stephen-f-austin,Stephen F. Austin,1987
mbb,stephen-f-austin,Stephen F. Austin,2026
mbb,stetson,Stetson,1972
mbb,stetson,Stetson,2026
mbb,stonehill,Stonehill,2023
mbb,stonehill,Stonehill,2026
mbb,stony-brook,Stony Brook,2000
mbb,stony-brook,Stony Brook,2026
mbb,syracuse,Syracuse,1950
mbb,syracuse,Syracuse,2026
mbb,tarleton-state,Tarleton State,2021
mbb,tarleton-state,Tarleton State,2026
mbb,temple,Temple,1950
mbb,temple,Temple,2026
mbb,tennessee,Tennessee,1950
mbb,tennessee,Tennessee,2026
mbb,tennessee-martin,TennesseeâMartin,1993
mbb,tennessee-martin,TennesseeâMartin,2026
mbb,tennessee-state,Tennessee State,1978
mbb,tennessee-state,Tennessee State,2026
mbb,tennessee-tech,Tennessee Tech,1956
mbb,tennessee-tech,Tennessee Tech,2026
mbb,texas,Texas,1950
mbb,texas,Texas,2026
mbb,texas-am,Texas A&M,1950
mbb,texas-am,Texas A&M,2026
mbb,texas-am-commerce,East Texas A&M,2023
mbb,texas-am-commerce,East Texas A&M,2026
mbb,texas-am-corpus-christi,TAMUCC,2003
mbb,texas-am-corpus-christi,TAMUCC,2026
mbb,texas-arlington,UT Arlington,1969
mbb,texas-arlington,UT Arlington,2026
mbb,texas-christian,Texas Christian,1950
mbb,texas-christian,Texas Christian,2026
mbb,texas-el-paso,UTEP,1951
mbb,texas-el-paso,UTEP,2026
mbb,texas-pan-american,TexasâRio Grande Valley,1969
mbb,texas-pan-american,TexasâRio Grande Valley,2026
mbb,texas-san-antonio,UTSA,1982
mbb,texas-san-antonio,UTSA,2026
mbb,texas-southern,Texas Southern,1978
mbb,texas-southern,Texas Southern,2026
mbb,texas-state,Texas State,1985
mbb,texas-state,Texas State,2026
mbb,texas-tech,Texas Tech,1951
mbb,texas-tech,Texas Tech,2026
mbb,toledo,Toledo,1950
mbb,toledo,Toledo,2026
mbb,towson,Towson,1980
mbb,towson,Towson,2026
mbb,trinity-tx,Trinity (TX),1971
mbb,trinity-tx,Trinity (TX),1973
mbb,troy,Troy,1994
mbb,troy,Troy,2026
mbb,tulane,Tulane,1950
mbb,tulane,Tulane,2026
mbb,tulsa,Tulsa,1950
mbb,tulsa,Tulsa,2026
mbb,ucla,UCLA,1950
mbb,ucla,UCLA,2026
mbb,utah,Utah,1950
mbb,utah,Utah,2026
mbb,utah-state,Utah State,1950
mbb,utah-state,Utah State,2026
mbb,utah-valley,Utah Valley,2005
mbb,utah-valley,Utah Valley,2026
mbb,utica,Utica,1982
mbb,utica,Utica,1987
mbb,valparaiso,Valparaiso,1950
mbb,valparaiso,Valparaiso,2026
mbb,vanderbilt,Vanderbilt,1950
mbb,vanderbilt,Vanderbilt,2026
mbb,vermont,Vermont,1962
mbb,vermont,Vermont,2026
mbb,villanova,Villanova,1950
mbb,villanova,Villanova,2026
mbb,virginia,Virginia,1950
mbb,virginia,Virginia,2026
mbb,virginia-commonwealth,Virginia Commonwealth,1974
mbb,virginia-commonwealth,Virginia Commonwealth,2026
mbb,virginia-military-institute,VMI,1950
mbb,virginia-military-institute,VMI,2026
mbb,virginia-tech,Virginia Tech,1950
mbb,virginia-tech,Virginia Tech,2026
mbb,wagner,Wagner,1966
mbb,wagner,Wagner,2026
mbb,wake-forest,Wake Forest,1950
mbb,wake-forest,Wake Forest,2026
mbb,washington,Washington,1950
mbb,washington,Washington,2026
mbb,washington-lee,Washington & Lee,1950
mbb,washington-lee,Washington & Lee,1959
mbb,washington-mo,Washington (MO),1950
mbb,washington-mo,Washington (MO),1960
mbb,washington-state,Washington State,1950
mbb,washington-state,Washington State,2026
mbb,wayne-state-mi,Wayne State (MI),1950
mbb,weber-state,Weber State,1964
mbb,weber-state,Weber State,2026
mbb,west-chester,West Chester,1974
mbb,west-chester,West Chester,1982
mbb,west-georgia,West Georgia,2025
mbb,west-georgia,West Georgia,2026
mbb,west-texas-am,West Texas A&M,1951
mbb,west-texas-am,West Texas A&M,1986
mbb,west-virginia,West Virginia,1950
mbb,west-virginia,West Virginia,2026
mbb,western-carolina,Western Carolina,1977
mbb,western-carolina,Western Carolina,2026
mbb,western-illinois,Western Illinois,1982
mbb,western-illinois,Western Illinois,2026
mbb,western-kentucky,Western Kentucky,1950
mbb,western-kentucky,Western Kentucky,2026
mbb,western-michigan,Western Michigan,1950
mbb,western-michigan,Western Michigan,2026
mbb,wichita-state,Wichita State,1950
mbb,wichita-state,Wichita State,2026
mbb,william-mary,William & Mary,1950
mbb,william-mary,William & Mary,2026
mbb,winston-salem,Winston-Salem,2007
mbb,winston-salem,Winston-Salem,2010
mbb,winthrop,Winthrop,1987
mbb,winthrop,Winthrop,2026
mbb,wisconsin,Wisconsin,1950
mbb,wisconsin,Wisconsin,2026
mbb,wofford,Wofford,1996
mbb,wofford,Wofford,2026
mbb,wright-state,Wright State,1988
mbb,wright-state,Wright State,2026
mbb,wyoming,Wyoming,1950
mbb,wyoming,Wyoming,2026
mbb,xavier,Xavier,1950
mbb,xavier,Xavier,2026
mbb,yale,Yale,1950
mbb,yale,Yale,2026
mbb,youngstown-state,Youngstown State,1982
mbb,youngstown-state,Youngstown State,2026
mlb,AB2,Indianapolis ABCs,1931
mlb,AB2,Indianapolis ABCs,1932
mlb,AB3,Indianapolis ABCs,1938
mlb,ABC,Indianapolis ABCs,1920
mlb,ABC,Indianapolis ABCs,1926
mlb,AC,Atlantic City Bacharach Giants,1923
mlb,AC,Atlantic City Bacharach Giants,1929
mlb,AG,Akron Grays/Cleveland Giants,1933
mlb,ALT,Altoona Mountain City,1884
mlb,ANA,Anaheim Angels,1997
mlb,ANA,Anaheim Angels,2004
mlb,ARI,Arizona Diamondbacks,1998
mlb,ARI,Arizona Diamondbacks,2026
mlb,ATH,Athletics,2026
mlb,ATH,Philadelphia Athletics,1871
mlb,ATL,Atlanta Braves,1966
mlb,ATL,Atlanta Braves,2026
mlb,BAL,Baltimore Canaries,1872
mlb,BAL,Baltimore Orioles,2026
mlb,BBB,Birmingham Black Barons,1924
mlb,BBB,Birmingham Black Barons,1948
mlb,BBS,Baltimore Black Sox,1923
mlb,BBS,Baltimore Black Sox,1934
mlb,BCA,Atlanta Black Crackers,1932
mlb,BCA,Atlanta Black Crackers,1938
mlb,BE,Brooklyn Eagles,1935
mlb,BEG,Baltimore Elite Giants,1938
mlb,BEG,Baltimore Elite Giants,1948
mlb,BLA,Baltimore Orioles,1901
mlb,BLA,Baltimore Orioles,1902
mlb,BLN,Baltimore Orioles,1892
mlb,BLN,Baltimore Orioles,1899
mlb,BLU,Baltimore Monumentals,1884
mlb,BOS,Boston Red Sox,2026
mlb,BOS,Boston Red Stockings,1871
mlb,BRA,Brooklyn Atlantics,1872
mlb,BRA,Brooklyn Atlantics,1875
mlb,BRG,Brooklyn Gladiators,1890
mlb,BRG,Brooklyn Royal Giants,1927
mlb,BRO,Brooklyn,1884
mlb,BRO,Brooklyn Dodgers,1957
mlb,BSN,Boston Braves,1952
mlb,BSN,Boston Reds,1876
mlb,BTT,Brooklyn Tip-Tops,1914
mlb,BTT,Brooklyn Tip-Tops,1915
mlb,BUF,Buffalo Bisons,1879
mlb,BUF,Buffalo Blues,1915
mlb,BWW,Brooklyn Ward's Wonders,1890
mlb,CAG,Chicago American Giants,1920
mlb,CAG,Chicago American Giants,1948
mlb,CAL,California Angels,1965
mlb,CAL,California Angels,1996
mlb,CBB,Columbus Blue Birds,1933
mlb,CBE,Cleveland Buckeyes,1943
mlb,CBE,Cleveland Buckeyes,1948
mlb,CBN,Cleveland Browns,1924
mlb,CBR,Cleveland Bears,1939
mlb,CBR,Cleveland Bears,1940
mlb,CC,Cincinnati Clowns,1943
mlb,CC,Cincinnati-Indianapolis Clowns,1945
mlb,CCB,Cincinnati-Cleveland Buckeyes,1942
mlb,CCU,Cleveland Cubs,1931
mlb,CEG,Columbus Elite Giants,1935
mlb,CEL,Cleveland Elites,1926
mlb,CEN,Philadelphia Centennials,1875
mlb,CHC,Chicago Cubs,2026
mlb,CHC,Chicago White Stockings,1876
mlb,CHI,Chicago Whales,1915
mlb,CHI,Chicago White Stockings,1871
mlb,CHT,Cleveland Hornets,1927
mlb,CHW,Chicago White Sox,1901
mlb,CHW,Chicago White Sox,2026
mlb,CIN,Cincinnati Reds,1876
mlb,CIN,Cincinnati Reds,2026
mlb,CKK,Cincinnati Kelly's Killers,1891
mlb,CLE,Cleveland Forest Citys,1871
mlb,CLE,Cleveland Guardians,2026
mlb,CLS,Cleveland Stars,1932
mlb,CLV,Cleveland Blues,1879
mlb,CLV,Cleveland Spiders,1899
mlb,COB,Columbus Buckeyes,1921
mlb,COG,Chicago Giants,1920
mlb,COG,Chicago Giants,1921
mlb,COL,Colorado Rockies,2026
mlb,COL,Columbus Buckeyes,1883
mlb,COR,Cincinnati Outlaw Reds,1884
mlb,COT,Columbus Turf Club,1932
mlb,CPI,Chicago/Pittsburgh,1884
mlb,CRS,Cleveland Red Sox,1934
mlb,CS,Cincinnati Cuban Stars,1921
mlb,CSE,Cuban Stars East,1923
mlb,CSE,Cuban Stars East,1929
mlb,CSW,Cuban Stars West,1920
mlb,CSW,Cuban Stars West,1930
mlb,CT,Cincinnati Tigers,1937
mlb,CTG,Cleveland Tigers,1928
mlb,CTS,Cleveland Tate Stars,1922
mlb,CUP,Pollock's Cuban Stars,1932
mlb,DET,Detroit Tigers,1901
mlb,DET,Detroit Tigers,2026
mlb,DM,Dayton Marcos,1920
mlb,DM,Dayton Marcos,1926
mlb,DS,Detroit Stars,1920
mlb,DS,Detroit Stars,1931
mlb,DTN,Detroit Wolverines,1881
mlb,DTN,Detroit Wolverines,1888
mlb,DTS,Detroit Stars,1937
mlb,DW,Detroit Wolves,1932
mlb,ECK,Brooklyn Eckfords,1872
mlb,FLA,Florida Marlins,1993
mlb,FLA,Florida Marlins,2011
mlb,HAR,Harrisburg-St. Louis Stars,1943
mlb,HAR,Hartford Dark Blues,1874
mlb,HBG,Harrisburg Giants,1924
mlb,HBG,Harrisburg Giants,1927
mlb,HG,Homestead Grays,1929
mlb,HG,Homestead Grays,1948
mlb,HIL,Hilldale Club,1923
mlb,HIL,Hilldale Club,1932
mlb,HOU,Houston Astros,2026
mlb,HOU,Houston Colt .45s,1962
mlb,IA,Indianapolis Athletics,1937
mlb,IAB,Indianapolis ABCs/Atlanta Black Crackers,1939
mlb,IC,Cincinnati-Indianapolis Clowns,1946
mlb,IC,Indianapolis Clowns,1948
mlb,ID,Indianapolis ABCs/Detroit Stars,1933
mlb,IND,Indianapolis Blues,1878
mlb,IND,Indianapolis Hoosiers,1914
mlb,JRC,Jacksonville Red Caps,1938
mlb,JRC,Jacksonville Red Caps,1942
mlb,KCA,Kansas City Athletics,1955
mlb,KCA,Kansas City Athletics,1967
mlb,KCC,Kansas City Cowboys,1884
mlb,KCC,Kansas City Cowboys,1889
mlb,KCM,Kansas City Monarchs,1920
mlb,KCM,Kansas City Monarchs,1948
mlb,KCN,Kansas City Cowboys,1886
mlb,KCP,Kansas City Packers,1914
mlb,KCP,Kansas City Packers,1915
mlb,KCR,Kansas City Royals,1969
mlb,KCR,Kansas City Royals,2026
mlb,KEK,Fort Wayne Kekiongas,1871
mlb,LAA,Los Angeles Angels,1961
mlb,LAA,Los Angeles Angels,2026
mlb,LAD,Los Angeles Dodgers,1958
mlb,LAD,Los Angeles Dodgers,2026
mlb,LOU,Louisville Colonels,1899
mlb,LOU,Louisville Grays,1876
mlb,LOW,Louisville White Sox,1931
mlb,LRG,Little Rock Grays,1932
mlb,LVB,Louisville Black Caps,1932
mlb,MAN,Middletown Mansfields,1872
mlb,MAR,Baltimore Marylands,1873
mlb,MB,Milwaukee Bears,1923
mlb,MGS,Montgomery Grey Sox,1932
mlb,MIA,Miami Marlins,2012
mlb,MIA,Miami Marlins,2026
mlb,MIL,Milwaukee Brewers,1884
mlb,MIL,Milwaukee Brewers,2026
mlb,MIN,Minnesota Twins,1961
mlb,MIN,Minnesota Twins,2026
mlb,MLA,Milwaukee Brewers,1901
mlb,MLG,Milwaukee Grays,1878
mlb,MLN,Milwaukee Braves,1953
mlb,MLN,Milwaukee Braves,1965
mlb,MON,Montreal Expos,1969
mlb,MON,Montreal Expos,2004
mlb,MRM,Monroe Monarchs,1932
mlb,MRS,Memphis Red Sox,1924
mlb,MRS,Memphis Red Sox,1948
mlb,NAT,Washington Nationals,1872
mlb,NBY,New York Black Yankees,1936
mlb,NBY,New York Black Yankees,1948
mlb,ND,Newark Dodgers,1934
mlb,ND,Newark Dodgers,1935
mlb,NE,Newark Eagles,1936
mlb,NE,Newark Eagles,1948
mlb,NEG,Nashville Elite Giants,1930
mlb,NEG,Nashville Elite Giants,1934
mlb,NEW,Newark Pepper,1915
mlb,NHV,New Haven Elm Citys,1875
mlb,NLG,New York Lincoln Giants,1923
mlb,NLG,New York Lincoln Giants,1929
mlb,NS,Newark Stars,1926
mlb,NWB,Newark Browns,1932
mlb,NYC,New York Cubans,1935
mlb,NYC,New York Cubans,1948
mlb,NYG,New York,1883
mlb,NYG,New York Giants,1957
mlb,NYI,New York Giants,1890
mlb,NYM,New York Mets,1962
mlb,NYM,New York Mets,2026
mlb,NYP,New York Metropolitans,1883
mlb,NYP,New York Metropolitans,1887
mlb,NYU,New York Mutuals,1871
mlb,NYU,New York Mutuals,1876
mlb,NYY,New York Highlanders,1903
mlb,NYY,New York Yankees,2026
mlb,OAK,Oakland Athletics,1968
mlb,OAK,Oakland Athletics,2024
mlb,OLY,Washington Olympics,1871
mlb,OLY,Washington Olympics,1872
mlb,PBB,Pittsburgh Burghers,1890
mlb,PBG,Philadelphia Bacharach Giants,1934
mlb,PBS,Pittsburgh Rebels,1914
mlb,PBS,Pittsburgh Rebels,1915
mlb,PC,Pittsburgh Crawfords,1933
mlb,PC,Pittsburgh Crawfords,1938
mlb,PHA,Philadelphia Athletics,1882
mlb,PHA,Philadelphia Athletics,1954
mlb,PHI,Philadelphia Phillies,2026
mlb,PHI,Philadelphia Whites,1873
mlb,PHK,Philadelphia Keystones,1884
mlb,PHQ,Philadelphia Athletics,1890
mlb,PIT,Allegheny City,1882
mlb,PIT,Pittsburgh Pirates,2026
mlb,PK,Pittsburgh Keystones,1922
mlb,PRO,Providence Grays,1878
mlb,PRO,Providence Grays,1885
mlb,PS,Philadelphia Stars,1934
mlb,PS,Philadelphia Stars,1948
mlb,PTG,Philadelphia Tigers,1928
mlb,RES,Elizabeth Resolutes,1873
mlb,RIC,Richmond Virginians,1884
mlb,ROC,Rochester Broncos,1890
mlb,ROK,Rockford Forest Citys,1871
mlb,SDP,San Diego Padres,1969
mlb,SDP,San Diego Padres,2026
mlb,SEA,Seattle Mariners,1977
mlb,SEA,Seattle Mariners,2026
mlb,SEN,Washington Black Senators,1938
mlb,SEP,Seattle Pilots,1969
mlb,SFG,San Francisco Giants,1958
mlb,SFG,San Francisco Giants,2026
mlb,SL2,St. Louis Stars,1937
mlb,SL3,St. Louis Stars,1939
mlb,SLB,St. Louis Browns,1902
mlb,SLB,St. Louis Browns,1953
mlb,SLG,St. Louis Giants,1920
mlb,SLG,St. Louis Giants,1921
mlb,SLM,St. Louis Maroons,1884
mlb,SLM,St. Louis Terriers,1915
mlb,SLR,St. Louis Red Stockings,1875
mlb,SLS,St. Louis Stars,1922
mlb,SLS,St. Louis Stars,1931
mlb,SNS,St. Louis-New Orleans Stars,1940
mlb,SNS,St. Louis-New Orleans Stars,1941
mlb,STL,St. Louis Brown Stockings,1875
mlb,STL,St. Louis Cardinals,2026
mlb,STP,St. Paul White Caps,1884
mlb,SYR,Syracuse Stars,1879
mlb,SYR,Syracuse Stars,1890
mlb,TBD,Tampa Bay Devil Rays,1998
mlb,TBD,Tampa Bay Devil Rays,2007
mlb,TBR,Tampa Bay Rays,2008
mlb,TBR,Tampa Bay Rays,2026
mlb,TC,Toledo Crawfords,1939
mlb,TC,Toledo-Indianapolis Crawfords,1940
mlb,TC2,Toledo Crawfords,1939
mlb,TEX,Texas Rangers,1972
mlb,TEX,Texas Rangers,2026
mlb,TOL,Toledo Blue Stockings,1884
mlb,TOL,Toledo Maumees,1890
mlb,TOR,Toronto Blue Jays,1977
mlb,TOR,Toronto Blue Jays,2026
mlb,TRO,Troy Haymakers,1871
mlb,TRO,Troy Trojans,1882
mlb,TT,Toledo Tigers,1923
mlb,WAP,Washington Pilots,1932
mlb,WAS,Washington Blue Legs,1873
mlb,WAS,Washington Statesmen,1891
mlb,WEG,Washington Elite Giants,1936
mlb,WEG,Washington Elite Giants,1937
mlb,WES,Keokuk Westerns,1875
mlb,WHS,Washington Nationals,1884
mlb,WHS,Washington Senators,1899
mlb,WIL,Wilmington Quicksteps,1884
mlb,WMP,Wilmington Potomacs,1925
mlb,WOR,Worcester Ruby Legs,1880
mlb,WOR,Worcester Ruby Legs,1882
mlb,WP,Washington Potomacs,1924
mlb,WSA,Washington Senators,1961
mlb,WSA,Washington Senators,1971
mlb,WSH,Washington Senators,1901
mlb,WSH,Washington Senators,1960
mlb,WSN,Washington Nationals,2005
mlb,WSN,Washington Nationals,2026
nba,ANA,Anaheim Amigos,1968
nba,AND,Anderson Packers,1950
nba,ATL,Atlanta Hawks,1969
nba,ATL,Atlanta Hawks,2027
nba,BAL,Baltimore Bullets,1964
nba,BAL,Baltimore Bullets,1973
nba,BLB,Baltimore Bullets,1948
nba,BLB,Baltimore Bullets,1955
nba,BOS,Boston Celtics,1947
nba,BOS,Boston Celtics,2027
nba,BRK,Brooklyn Nets,2013
nba,BRK,Brooklyn Nets,2027
nba,BUF,Buffalo Braves,1971
nba,BUF,Buffalo Braves,1978
nba,CAP,Capital Bullets,1974
nba,CAR,Carolina Cougars,1970
nba,CAR,Carolina Cougars,1974
nba,CHA,Charlotte Bobcats,2005
nba,CHA,Charlotte Bobcats,2014
nba,CHH,Charlotte Hornets,1989
nba,CHH,Charlotte Hornets,2002
nba,CHI,Chicago Bulls,1967
nba,CHI,Chicago Bulls,2027
nba,CHO,Charlotte Hornets,2015
nba,CHO,Charlotte Hornets,2027
nba,CHP,Chicago Packers,1962
nba,CHS,Chicago Stags,1947
nba,CHS,Chicago Stags,1950
nba,CHZ,Chicago Zephyrs,1963
nba,CIN,Cincinnati Royals,1958
nba,CIN,Cincinnati Royals,1972
nba,CLE,Cleveland Cavaliers,1971
nba,CLE,Cleveland Cavaliers,2027
nba,CLR,Cleveland Rebels,1947
nba,DAL,Dallas Mavericks,1981
nba,DAL,Dallas Mavericks,2027
nba,DEN,Denver Nuggets,1977
nba,DEN,Denver Nuggets,2027
nba,DET,Detroit Pistons,1958
nba,DET,Detroit Pistons,2027
nba,DLC,Dallas Chaparrals,1968
nba,DLC,Dallas Chaparrals,1973
nba,DNA,Denver Nuggets,1975
nba,DNA,Denver Nuggets,1976
nba,DNN,Denver Nuggets,1950
nba,DNR,Denver Rockets,1968
nba,DNR,Denver Rockets,1974
nba,DTF,Detroit Falcons,1947
nba,FLO,The Floridians,1971
nba,FLO,The Floridians,1972
nba,FTW,Fort Wayne Pistons,1949
nba,FTW,Fort Wayne Pistons,1957
nba,GSW,Golden State Warriors,1972
nba,GSW,Golden State Warriors,2027
nba,HOU,Houston Rockets,1972
nba,HOU,Houston Rockets,2027
nba,HSM,Houston Mavericks,1968
nba,HSM,Houston Mavericks,1969
nba,INA,Indiana Pacers,1968
nba,INA,Indiana Pacers,1976
nba,IND,Indiana Pacers,1977
nba,IND,Indiana Pacers,2027
nba,INJ,Indianapolis Jets,1949
nba,INO,Indianapolis Olympians,1950
nba,INO,Indianapolis Olympians,1953
nba,KCK,Kansas City Kings,1976
nba,KCK,Kansas City Kings,1985
nba,KCO,Kansas City-Omaha Kings,1973
nba,KCO,Kansas City-Omaha Kings,1975
nba,KEN,Kentucky Colonels,1968
nba,KEN,Kentucky Colonels,1976
nba,LAC,Los Angeles Clippers,1985
nba,LAC,Los Angeles Clippers,2027
nba,LAL,Los Angeles Lakers,1961
nba,LAL,Los Angeles Lakers,2027
nba,LAS,Los Angeles Stars,1969
nba,LAS,Los Angeles Stars,1970
nba,MEM,Memphis Grizzlies,2002
nba,MEM,Memphis Grizzlies,2027
nba,MIA,Miami Heat,1989
nba,MIA,Miami Heat,2027
nba,MIL,Milwaukee Bucks,1969
nba,MIL,Milwaukee Bucks,2027
nba,MIN,Minnesota Timberwolves,1990
nba,MIN,Minnesota Timberwolves,2027
nba,MLH,Milwaukee Hawks,1952
nba,MLH,Milwaukee Hawks,1955
nba,MMF,Miami Floridians,1969
nba,MMF,Miami Floridians,1970
nba,MMP,Memphis Pros,1971
nba,MMP,Memphis Pros,1972
nba,MMS,Memphis Sounds,1975
nba,MMT,Memphis Tams,1973
nba,MMT,Memphis Tams,1974
nba,MNL,Minneapolis Lakers,1949
nba,MNL,Minneapolis Lakers,1960
nba,MNM,Minnesota Muskies,1968
nba,MNP,Minnesota Pipers,1969
nba,NJA,New Jersey Americans,1968
nba,NJN,New Jersey Nets,1978
nba,NJN,New Jersey Nets,2012
nba,NOB,New Orleans Buccaneers,1968
nba,NOB,New Orleans Buccaneers,1970
nba,NOH,New Orleans Hornets,2003
nba,NOH,New Orleans Hornets,2013
nba,NOJ,New Orleans Jazz,1975
nba,NOJ,New Orleans Jazz,1979
nba,NOK,New Orleans/Oklahoma City Hornets,2006
nba,NOK,New Orleans/Oklahoma City Hornets,2007
nba,NOP,New Orleans Pelicans,2014
nba,NOP,New Orleans Pelicans,2027
nba,NYA,New York Nets,1969
nba,NYA,New York Nets,1976
nba,NYK,New York Knicks,1947
nba,NYK,New York Knicks,2027
nba,NYN,New York Nets,1977
nba,OAK,Oakland Oaks,1968
nba,OAK,Oakland Oaks,1969
nba,OKC,Oklahoma City Thunder,2009
nba,OKC,Oklahoma City Thunder,2027
nba,ORL,Orlando Magic,1990
nba,ORL,Orlando Magic,2027
nba,PHI,Philadelphia 76ers,1964
nba,PHI,Philadelphia 76ers,2027
nba,PHO,Phoenix Suns,1969
nba,PHO,Phoenix Suns,2027
nba,PHW,Philadelphia Warriors,1947
nba,PHW,Philadelphia Warriors,1962
nba,PIT,Pittsburgh Ironmen,1947
nba,POR,Portland Trail Blazers,1971
nba,POR,Portland Trail Blazers,2027
nba,PRO,Providence Steamrollers,1947
nba,PRO,Providence Steamrollers,1949
nba,PTC,Pittsburgh Condors,1971
nba,PTC,Pittsburgh Condors,1972
nba,PTP,Pittsburgh Pipers,1968
nba,PTP,Pittsburgh Pipers,1970
nba,ROC,Rochester Royals,1949
nba,ROC,Rochester Royals,1957
nba,SAA,San Antonio Spurs,1974
nba,SAA,San Antonio Spurs,1976
nba,SAC,Sacramento Kings,1986
nba,SAC,Sacramento Kings,2027
nba,SAS,San Antonio Spurs,1977
nba,SAS,San Antonio Spurs,2027
nba,SDA,San Diego Conquistadors,1973
nba,SDA,San Diego Conquistadors,1975
nba,SDC,San Diego Clippers,1979
nba,SDC,San Diego Clippers,1984
nba,SDR,San Diego Rockets,1968
nba,SDR,San Diego Rockets,1971
nba,SDS,San Diego Sails,1976
nba,SEA,Seattle SuperSonics,1968
nba,SEA,Seattle SuperSonics,2008
nba,SFW,San Francisco Warriors,1963
nba,SFW,San Francisco Warriors,1971
nba,SHE,Sheboygan Red Skins,1950
nba,SSL,Spirits of St. Louis,1975
nba,SSL,Spirits of St. Louis,1976
nba,STB,St. Louis Bombers,1947
nba,STB,St. Louis Bombers,1950
nba,STL,St. Louis Hawks,1956
nba,STL,St. Louis Hawks,1968
nba,SYR,Syracuse Nationals,1950
nba,SYR,Syracuse Nationals,1963
nba,TEX,Texas Chaparrals,1971
nba,TOR,Toronto Raptors,1996
nba,TOR,Toronto Raptors,2027
nba,TRH,Toronto Huskies,1947
nba,TRI,Tri-Cities Blackhawks,1950
nba,TRI,Tri-Cities Blackhawks,1951
nba,UTA,Utah Jazz,1980
nba,UTA,Utah Jazz,2027
nba,UTS,Utah Stars,1971
nba,UTS,Utah Stars,1976
nba,VAN,Vancouver Grizzlies,1996
nba,VAN,Vancouver Grizzlies,2001
nba,VIR,Virginia Squires,1971
nba,VIR,Virginia Squires,1976
nba,WAS,Washington Wizards,1998
nba,WAS,Washington Wizards,2027
nba,WAT,Waterloo Hawks,1950
nba,WSA,Washington Capitols,1970
nba,WSB,Washington Bullets,1975
nba,WSB,Washington Bullets,1997
nba,WSC,Washington Capitols,1947
nba,WSC,Washington Capitols,1951
nfl,atl,Atlanta Falcons,1966
nfl,atl,Atlanta Falcons,2026
nfl,buf,Buffalo Bills,1960
nfl,buf,Buffalo Bills,2026
nfl,car,Carolina Panthers,1995
nfl,car,Carolina Panthers,2026
nfl,chi,Chicago Bears,2026
nfl,chi,Decatur Staleys,1920
nfl,cin,Cincinnati Bengals,1968
nfl,cin,Cincinnati Bengals,2026
nfl,cle,Cleveland Browns,1950
nfl,cle,Cleveland Browns,2026
nfl,clt,Baltimore Colts,1953
nfl,clt,Indianapolis Colts,2026
nfl,crd,Arizona Cardinals,2026
nfl,crd,Chicago Cardinals,1920
nfl,dal,Dallas Cowboys,1960
nfl,dal,Dallas Cowboys,2026
nfl,den,Denver Broncos,1960
nfl,den,Denver Broncos,2026
nfl,det,Detroit Lions,2026
nfl,det,Portsmouth Spartans,1930
nfl,gnb,Green Bay Packers,1921
nfl,gnb,Green Bay Packers,2026
nfl,htx,Houston Texans,2002
nfl,htx,Houston Texans,2026
nfl,jax,Jacksonville Jaguars,1995
nfl,jax,Jacksonville Jaguars,2026
nfl,kan,Dallas Texans,1960
nfl,kan,Kansas City Chiefs,2026
nfl,mia,Miami Dolphins,1966
nfl,mia,Miami Dolphins,2026
nfl,min,Minnesota Vikings,1961
nfl,min,Minnesota Vikings,2026
nfl,nor,New Orleans Saints,1967
nfl,nor,New Orleans Saints,2026
nfl,nwe,Boston Patriots,1960
nfl,nwe,New England Patriots,2026
nfl,nyg,New York Giants,1925
nfl,nyg,New York Giants,2026
nfl,nyj,New York Jets,2026
nfl,nyj,New York Titans,1960
nfl,oti,Houston Oilers,1960
nfl,oti,Tennessee Titans,2026
nfl,phi,Philadelphia Eagles,1933
nfl,phi,Philadelphia Eagles,2026
nfl,pit,Pittsburgh Pirates,1933
nfl,pit,Pittsburgh Steelers,2026
nfl,rai,Las Vegas Raiders,2026
nfl,rai,Oakland Raiders,1960
nfl,ram,Cleveland Rams,1937
nfl,ram,Los Angeles Rams,2026
nfl,rav,Baltimore Ravens,1996
nfl,rav,Baltimore Ravens,2026
nfl,sdg,Los Angeles Chargers,1960
nfl,sdg,Los Angeles Chargers,2026
nfl,sea,Seattle Seahawks,1976
nfl,sea,Seattle Seahawks,2026
nfl,sfo,San Francisco 49ers,1950
nfl,sfo,San Francisco 49ers,2026
nfl,tam,Tampa Bay Buccaneers,1976
nfl,tam,Tampa Bay Buccaneers,2026
nfl,was,Boston Braves,1932
nfl,was,Washington Commanders,2026
wbb,abilene-christian_w,Abilene Christian,2014
wbb,abilene-christian_w,Abilene Christian,2026
wbb,air-force_w,Air Force,2002
wbb,air-force_w,Air Force,2026
wbb,akron_w,Akron,2002
wbb,akron_w,Akron,2026
wbb,alabama-am_w,Alabama A&M,2002
wbb,alabama-am_w,Alabama A&M,2026
wbb,alabama-birmingham_w,UAB,2002
wbb,alabama-birmingham_w,UAB,2026
wbb,alabama-state_w,Alabama State,2002
wbb,alabama-state_w,Alabama State,2026
wbb,alabama_w,Alabama,2002
wbb,alabama_w,Alabama,2026
wbb,albany-ny_w,Albany (NY),2002
wbb,albany-ny_w,Albany (NY),2026
wbb,alcorn-state_w,Alcorn State,2002
wbb,alcorn-state_w,Alcorn State,2026
wbb,american_w,American,2002
wbb,american_w,American,2026
wbb,appalachian-state_w,Appalachian State,2002
wbb,appalachian-state_w,Appalachian State,2026
wbb,arizona-state_w,Arizona State,2002
wbb,arizona-state_w,Arizona State,2026
wbb,arizona_w,Arizona,2002
wbb,arizona_w,Arizona,2026
wbb,arkansas-little-rock_w,Little Rock,2002
wbb,arkansas-little-rock_w,Little Rock,2026
wbb,arkansas-pine-bluff_w,ArkansasâPine Bluff,2002
wbb,arkansas-pine-bluff_w,ArkansasâPine Bluff,2026
wbb,arkansas-state_w,Arkansas State,2002
wbb,arkansas-state_w,Arkansas State,2026
wbb,arkansas_w,Arkansas,2002
wbb,arkansas_w,Arkansas,2026
wbb,army_w,Army,2002
wbb,army_w,Army,2026
wbb,auburn_w,Auburn,2002
wbb,auburn_w,Auburn,2026
wbb,austin-peay_w,Austin Peay,2002
wbb,austin-peay_w,Austin Peay,2026
wbb,ball-state_w,Ball State,2002
wbb,ball-state_w,Ball State,2026
wbb,baylor_w,Baylor,2002
wbb,baylor_w,Baylor,2026
wbb,bellarmine_w,Bellarmine,2021
wbb,bellarmine_w,Bellarmine,2026
wbb,belmont_w,Belmont,2002
wbb,belmont_w,Belmont,2026
wbb,bethune-cookman_w,Bethune-Cookman,2002
wbb,bethune-cookman_w,Bethune-Cookman,2026
wbb,binghamton_w,Binghamton,2002
wbb,binghamton_w,Binghamton,2026
wbb,birmingham-southern_w,Birmingham-Southern,2004
wbb,birmingham-southern_w,Birmingham-Southern,2007
wbb,boise-state_w,Boise State,2002
wbb,boise-state_w,Boise State,2026
wbb,boston-college_w,Boston College,2002
wbb,boston-college_w,Boston College,2026
wbb,boston-university_w,Boston University,2002
wbb,boston-university_w,Boston University,2026
wbb,bowling-green-state_w,Bowling Green,2002
wbb,bowling-green-state_w,Bowling Green,2026
wbb,bradley_w,Bradley,2002
wbb,bradley_w,Bradley,2026
wbb,brigham-young_w,Brigham Young,2002
wbb,brigham-young_w,Brigham Young,2026
wbb,brown_w,Brown,2002
wbb,brown_w,Brown,2026
wbb,bryant_w,Bryant,2009
wbb,bryant_w,Bryant,2026
wbb,bucknell_w,Bucknell,2002
wbb,bucknell_w,Bucknell,2026
wbb,buffalo_w,Buffalo,2002
wbb,buffalo_w,Buffalo,2026
wbb,butler_w,Butler,2002
wbb,butler_w,Butler,2026
wbb,cal-poly_w,Cal Poly,2002
wbb,cal-poly_w,Cal Poly,2026
wbb,cal-state-bakersfield_w,Cal State Bakersfield,2008
wbb,cal-state-bakersfield_w,Cal State Bakersfield,2026
wbb,cal-state-fullerton_w,Cal State Fullerton,2002
wbb,cal-state-fullerton_w,Cal State Fullerton,2026
wbb,cal-state-northridge_w,Cal State Northridge,2002
wbb,cal-state-northridge_w,Cal State Northridge,2026
wbb,california-baptist_w,California Baptist,2019
wbb,california-baptist_w,California Baptist,2026
wbb,california-davis_w,UC Davis,2005
wbb,california-davis_w,UC Davis,2026
wbb,california-irvine_w,UC Irvine,2002
wbb,california-irvine_w,UC Irvine,2026
wbb,california-riverside_w,UC Riverside,2002
wbb,california-riverside_w,UC Riverside,2026
wbb,california-san-diego_w,UC San Diego,2021
wbb,california-san-diego_w,UC San Diego,2026
wbb,california-santa-barbara_w,UC Santa Barbara,2002
wbb,california-santa-barbara_w,UC Santa Barbara,2026
wbb,california_w,California,2002
wbb,california_w,California,2026
wbb,campbell_w,Campbell,2002
wbb,campbell_w,Campbell,2026
wbb,canisius_w,Canisius,2002
wbb,canisius_w,Canisius,2026
wbb,centenary-la_w,Centenary (LA),2002
wbb,centenary-la_w,Centenary (LA),2011
wbb,central-arkansas_w,Central Arkansas,2007
wbb,central-arkansas_w,Central Arkansas,2026
wbb,central-connecticut-state_w,Central Connecticut State,2002
wbb,central-connecticut-state_w,Central Connecticut State,2026
wbb,central-florida_w,UCF,2002
wbb,central-florida_w,UCF,2026
wbb,central-michigan_w,Central Michigan,2002
wbb,central-michigan_w,Central Michigan,2026
wbb,charleston-southern_w,Charleston Southern,2002
wbb,charleston-southern_w,Charleston Southern,2026
wbb,charlotte_w,Charlotte,2002
wbb,charlotte_w,Charlotte,2026
wbb,chattanooga_w,Chattanooga,2002
wbb,chattanooga_w,Chattanooga,2026
wbb,chicago-state_w,Chicago State,2002
wbb,chicago-state_w,Chicago State,2026
wbb,cincinnati_w,Cincinnati,2002
wbb,cincinnati_w,Cincinnati,2026
wbb,clemson_w,Clemson,2002
wbb,clemson_w,Clemson,2026
wbb,cleveland-state_w,Cleveland State,2002
wbb,cleveland-state_w,Cleveland State,2026
wbb,coastal-carolina_w,Coastal Carolina,2002
wbb,coastal-carolina_w,Coastal Carolina,2026
wbb,colgate_w,Colgate,2002
wbb,colgate_w,Colgate,2026
wbb,college-of-charleston_w,College of Charleston,2002
wbb,college-of-charleston_w,College of Charleston,2026
wbb,colorado-state_w,Colorado State,2002
wbb,colorado-state_w,Colorado State,2026
wbb,colorado_w,Colorado,2002
wbb,colorado_w,Colorado,2026
wbb,columbia_w,Columbia,2002
wbb,columbia_w,Columbia,2026
wbb,conf-aac,AAC,2014
wbb,conf-aac,AAC,2025
wbb,conf-acc,ACC,1982
wbb,conf-acc,ACC,2026
wbb,conf-america-east,AmEast,1997
wbb,conf-america-east,AmEast,2026
wbb,conf-american,American,2026
wbb,conf-american-south,ASC,1988
wbb,conf-american-south,ASC,1991
wbb,conf-american-west,AWC,1995
wbb,conf-american-west,AWC,1996
wbb,conf-atlantic-10,A-10,1983
wbb,conf-atlantic-10,A-10,2026
wbb,conf-atlantic-sun,A-Sun,2002
wbb,conf-atlantic-sun,A-Sun,2026
wbb,conf-big-12,Big 12,1997
wbb,conf-big-12,Big 12,2026
wbb,conf-big-8,Big 8,1982
wbb,conf-big-8,Big 8,1996
wbb,conf-big-east,Big East,1982
wbb,conf-big-east,Big East,2026
wbb,conf-big-sky,Big Sky,1989
wbb,conf-big-sky,Big Sky,2026
wbb,conf-big-south,Big South,1987
wbb,conf-big-south,Big South,2026
wbb,conf-big-ten,Big Ten,1982
wbb,conf-big-ten,Big Ten,2026
wbb,conf-big-west,Big West,1989
wbb,conf-big-west,Big West,2026
wbb,conf-coastal,CAA,2024
wbb,conf-coastal,CAA,2026
wbb,conf-colonial,CAA,1986
wbb,conf-colonial,CAA,2023
wbb,conf-cosmopolitan,Cosmo,1983
wbb,conf-cosmopolitan,Cosmo,1987
wbb,conf-cusa,CUSA,1996
wbb,conf-cusa,CUSA,2026
wbb,conf-east-coast,ECC,1982
wbb,conf-east-coast,ECC,1994
wbb,conf-ecac-metro,ECACM,1986
wbb,conf-ecac-metro,ECACM,1989
wbb,conf-ecac-north,ECACN,1983
wbb,conf-ecac-south,ECACS,1984
wbb,conf-ecac-south,ECACS,1985
wbb,conf-gateway,Gateway,1982
wbb,conf-gateway,Gateway,1992
wbb,conf-great-midwest,GMWC,1992
wbb,conf-great-midwest,GMWC,1995
wbb,conf-great-west,GWC,2010
wbb,conf-great-west,GWC,2013
wbb,conf-gulf-star,GSC,1985
wbb,conf-gulf-star,GSC,1987
wbb,conf-hcac,HCAC,1982
wbb,conf-hcac,HCAC,1990
wbb,conf-horizon,Horizon,2001
wbb,conf-horizon,Horizon,2026
wbb,conf-iac,IAC,1982
wbb,conf-independent,Ind,1982
wbb,conf-independent,Ind,2024
wbb,conf-ivy,Ivy,1982
wbb,conf-ivy,Ivy,2026
wbb,conf-maac,MAAC,1982
wbb,conf-maac,MAAC,2026
wbb,conf-mac,MAC,1982
wbb,conf-mac,MAC,2026
wbb,conf-meac,MEAC,1982
wbb,conf-meac,MEAC,2026
wbb,conf-meca,MECA,1987
wbb,conf-metro,Metro,1982
wbb,conf-metro,Metro,1995
wbb,conf-mid-continent,Mid-Cont,1993
wbb,conf-mid-continent,Mid-Cont,2007
wbb,conf-midwestern-collegiate,MW Coll,1987
wbb,conf-midwestern-collegiate,MW Coll,2000
wbb,conf-mvc,MVC,1993
wbb,conf-mvc,MVC,2026
wbb,conf-mwac,MWAC,1982
wbb,conf-mwac,MWAC,1988
wbb,conf-mwc,MWC,2000
wbb,conf-mwc,MWC,2026
wbb,conf-nec,NEC,2026
wbb,conf-norpac,NorPac,1982
wbb,conf-norpac,NorPac,1986
wbb,conf-north-atlantic,NAC,1990
wbb,conf-north-atlantic,NAC,1996
wbb,conf-north-star,North Star,1984
wbb,conf-north-star,North Star,1992
wbb,conf-northeast,NEC,1990
wbb,conf-northeast,NEC,2025
wbb,conf-northern-ca,North CA,1982
wbb,conf-nswac,NSWAC,1986
wbb,conf-nswac,NSWAC,1991
wbb,conf-nwwbl,NWBL,1982
wbb,conf-oil-country,Oil Count.,1984
wbb,conf-oil-country,Oil Count.,1985
wbb,conf-ovc,OVC,1982
wbb,conf-ovc,OVC,2026
wbb,conf-pac-10,Pac-10,1987
wbb,conf-pac-10,Pac-10,2011
wbb,conf-pac-12,Pac-12,2012
wbb,conf-pac-12,Pac-12,2024
wbb,conf-pac-west,Pac-West,1986
wbb,conf-patriot,Patriot,1991
wbb,conf-patriot,Patriot,2026
wbb,conf-pcaa,PCAA,1984
wbb,conf-pcaa,PCAA,1988
wbb,conf-seaboard,Seaboard,1985
wbb,conf-seaboard,Seaboard,1989
wbb,conf-sec,SEC,1982
wbb,conf-sec,SEC,2026
wbb,conf-southern,Southern,1982
wbb,conf-southern,Southern,2026
wbb,conf-southland,Southland,1982
wbb,conf-southland,Southland,2026
wbb,conf-summit,Summit,2008
wbb,conf-summit,Summit,2026
wbb,conf-sun-belt,Sun Belt,1983
wbb,conf-sun-belt,Sun Belt,2026
wbb,conf-swac,SWAC,1982
wbb,conf-swac,SWAC,2026
wbb,conf-swc,SWC,1982
wbb,conf-swc,SWC,1996
wbb,conf-trans-america,TAAC,1992
wbb,conf-trans-america,TAAC,2001
wbb,conf-wac,WAC,1991
wbb,conf-wac,WAC,2026
wbb,conf-wcaa,WCAA,1982
wbb,conf-wcaa,WCAA,1985
wbb,conf-wcac,WCAC,1986
wbb,conf-wcac,WCAC,1989
wbb,conf-wcc,WCC,1990
wbb,conf-wcc,WCC,2026
wbb,connecticut_w,Connecticut,2002
wbb,connecticut_w,Connecticut,2026
wbb,coppin-state_w,Coppin State,2002
wbb,coppin-state_w,Coppin State,2026
wbb,cornell_w,Cornell,2002
wbb,cornell_w,Cornell,2026
wbb,creighton_w,Creighton,2002
wbb,creighton_w,Creighton,2026
wbb,dartmouth_w,Dartmouth,2002
wbb,dartmouth_w,Dartmouth,2026
wbb,davidson_w,Davidson,2002
wbb,davidson_w,Davidson,2026
wbb,dayton_w,Dayton,2002
wbb,dayton_w,Dayton,2026
wbb,delaware-state_w,Delaware State,2002
wbb,delaware-state_w,Delaware State,2026
wbb,delaware_w,Delaware,2002
wbb,delaware_w,Delaware,2026
wbb,denver_w,Denver,2002
wbb,denver_w,Denver,2026
wbb,depaul_w,DePaul,2002
wbb,depaul_w,DePaul,2026
wbb,detroit-mercy_w,Detroit Mercy,2002
wbb,detroit-mercy_w,Detroit Mercy,2026
wbb,dixie-state_w,Utah Tech,2021
wbb,dixie-state_w,Utah Tech,2026
wbb,drake_w,Drake,2002
wbb,drake_w,Drake,2026
wbb,drexel_w,Drexel,2002
wbb,drexel_w,Drexel,2026
wbb,duke_w,Duke,2002
wbb,duke_w,Duke,2026
wbb,duquesne_w,Duquesne,2002
wbb,duquesne_w,Duquesne,2026
wbb,east-carolina_w,East Carolina,2002
wbb,east-carolina_w,East Carolina,2026
wbb,east-tennessee-state_w,East Tennessee State,2002
wbb,east-tennessee-state_w,East Tennessee State,2026
wbb,eastern-illinois_w,Eastern Illinois,2002
wbb,eastern-illinois_w,Eastern Illinois,2026
wbb,eastern-kentucky_w,Eastern Kentucky,2002
wbb,eastern-kentucky_w,Eastern Kentucky,2026
wbb,eastern-michigan_w,Eastern Michigan,2002
wbb,eastern-michigan_w,Eastern Michigan,2026
wbb,eastern-washington_w,Eastern Washington,2002
wbb,eastern-washington_w,Eastern Washington,2026
wbb,elon_w,Elon,2002
wbb,elon_w,Elon,2026
wbb,evansville_w,Evansville,2002
wbb,evansville_w,Evansville,2026
wbb,fairfield_w,Fairfield,2002
wbb,fairfield_w,Fairfield,2026
wbb,fairleigh-dickinson_w,FDU,2002
wbb,fairleigh-dickinson_w,FDU,2026
wbb,florida-am_w,Florida A&M,2002
wbb,florida-am_w,Florida A&M,2026
wbb,florida-atlantic_w,Florida Atlantic,2002
wbb,florida-atlantic_w,Florida Atlantic,2026
wbb,florida-gulf-coast_w,Florida Gulf Coast,2008
wbb,florida-gulf-coast_w,Florida Gulf Coast,2026
wbb,florida-international_w,Florida International,2002
wbb,florida-international_w,Florida International,2026
wbb,florida-state_w,Florida State,2002
wbb,florida-state_w,Florida State,2026
wbb,florida_w,Florida,2002
wbb,florida_w,Florida,2026
wbb,fordham_w,Fordham,2002
wbb,fordham_w,Fordham,2026
wbb,fresno-state_w,Fresno State,2002
wbb,fresno-state_w,Fresno State,2026
wbb,furman_w,Furman,2002
wbb,furman_w,Furman,2026
wbb,gardner-webb_w,Gardner-Webb,2003
wbb,gardner-webb_w,Gardner-Webb,2026
wbb,george-mason_w,George Mason,2002
wbb,george-mason_w,George Mason,2026
wbb,george-washington_w,George Washington,2002
wbb,george-washington_w,George Washington,2026
wbb,georgetown_w,Georgetown,2002
wbb,georgetown_w,Georgetown,2026
wbb,georgia-southern_w,Georgia Southern,2002
wbb,georgia-southern_w,Georgia Southern,2026
wbb,georgia-state_w,Georgia State,2002
wbb,georgia-state_w,Georgia State,2026
wbb,georgia-tech_w,Georgia Tech,2002
wbb,georgia-tech_w,Georgia Tech,2026
wbb,georgia_w,Georgia,2002
wbb,georgia_w,Georgia,2026
wbb,gonzaga_w,Gonzaga,2002
wbb,gonzaga_w,Gonzaga,2026
wbb,grambling_w,Grambling,2002
wbb,grambling_w,Grambling,2026
wbb,grand-canyon_w,Grand Canyon,2014
wbb,grand-canyon_w,Grand Canyon,2026
wbb,green-bay_w,Green Bay,2002
wbb,green-bay_w,Green Bay,2026
wbb,hampton_w,Hampton,2002
wbb,hampton_w,Hampton,2026
wbb,hartford_w,Hartford,2002
wbb,hartford_w,Hartford,2023
wbb,harvard_w,Harvard,2002
wbb,harvard_w,Harvard,2026
wbb,hawaii_w,Hawaii,2002
wbb,hawaii_w,Hawaii,2026
wbb,high-point_w,High Point,2002
wbb,high-point_w,High Point,2026
wbb,hofstra_w,Hofstra,2002
wbb,hofstra_w,Hofstra,2026
wbb,holy-cross_w,Holy Cross,2002
wbb,holy-cross_w,Holy Cross,2026
wbb,houston-baptist_w,Houston Christian,2010
wbb,houston-baptist_w,Houston Christian,2026
wbb,houston_w,Houston,2002
wbb,houston_w,Houston,2026
wbb,howard_w,Howard,2002
wbb,howard_w,Howard,2026
wbb,idaho-state_w,Idaho State,2002
wbb,idaho-state_w,Idaho State,2026
wbb,idaho_w,Idaho,2002
wbb,idaho_w,Idaho,2026
wbb,illinois-chicago_w,IllinoisâChicago,2002
wbb,illinois-chicago_w,IllinoisâChicago,2026
wbb,illinois-state_w,Illinois State,2002
wbb,illinois-state_w,Illinois State,2026
wbb,illinois_w,Illinois,2002
wbb,illinois_w,Illinois,2026
wbb,incarnate-word_w,Incarnate Word,2014
wbb,incarnate-word_w,Incarnate Word,2026
wbb,indiana-state_w,Indiana State,2002
wbb,indiana-state_w,Indiana State,2026
wbb,indiana_w,Indiana,2002
wbb,indiana_w,Indiana,2026
wbb,iona_w,Iona,2002
wbb,iona_w,Iona,2026
wbb,iowa-state_w,Iowa State,2002
wbb,iowa-state_w,Iowa State,2026
wbb,iowa_w,Iowa,2002
wbb,iowa_w,Iowa,2026
wbb,ipfw_w,Purdue Fort Wayne,2002
wbb,ipfw_w,Purdue Fort Wayne,2026
wbb,iupui_w,IU Indy,2002
wbb,iupui_w,IU Indy,2026
wbb,jackson-state_w,Jackson State,2002
wbb,jackson-state_w,Jackson State,2026
wbb,jacksonville-state_w,Jacksonville State,2002
wbb,jacksonville-state_w,Jacksonville State,2026
wbb,jacksonville_w,Jacksonville,2002
wbb,jacksonville_w,Jacksonville,2026
wbb,james-madison_w,James Madison,2002
wbb,james-madison_w,James Madison,2026
wbb,kansas-state_w,Kansas State,2002
wbb,kansas-state_w,Kansas State,2026
wbb,kansas_w,Kansas,2002
wbb,kansas_w,Kansas,2026
wbb,kennesaw-state_w,Kennesaw State,2006
wbb,kennesaw-state_w,Kennesaw State,2026
wbb,kent-state_w,Kent State,2002
wbb,kent-state_w,Kent State,2026
wbb,kentucky_w,Kentucky,2002
wbb,kentucky_w,Kentucky,2026
wbb,la-salle_w,La Salle,2002
wbb,la-salle_w,La Salle,2026
wbb,lafayette_w,Lafayette,2002
wbb,lafayette_w,Lafayette,2026
wbb,lamar_w,Lamar,2002
wbb,lamar_w,Lamar,2026
wbb,le-moyne_w,Le Moyne,2024
wbb,le-moyne_w,Le Moyne,2026
wbb,lehigh_w,Lehigh,2002
wbb,lehigh_w,Lehigh,2026
wbb,liberty_w,Liberty,2002
wbb,liberty_w,Liberty,2026
wbb,lindenwood_w,Lindenwood,2023
wbb,lindenwood_w,Lindenwood,2026
wbb,lipscomb_w,Lipscomb,2002
wbb,lipscomb_w,Lipscomb,2026
wbb,long-beach-state_w,Long Beach State,2002
wbb,long-beach-state_w,Long Beach State,2026
wbb,long-island-university_w,Long Island University,2002
wbb,long-island-university_w,Long Island University,2026
wbb,longwood_w,Longwood,2013
wbb,longwood_w,Longwood,2026
wbb,louisiana-lafayette_w,Louisiana,2002
wbb,louisiana-lafayette_w,Louisiana,2026
wbb,louisiana-monroe_w,LouisianaâMonroe,2002
wbb,louisiana-monroe_w,LouisianaâMonroe,2026
wbb,louisiana-state_w,Louisiana State,2002
wbb,louisiana-state_w,Louisiana State,2026
wbb,louisiana-tech_w,Louisiana Tech,2002
wbb,louisiana-tech_w,Louisiana Tech,2026
wbb,louisville_w,Louisville,2002
wbb,louisville_w,Louisville,2026
wbb,loyola-il_w,Loyola (IL),2002
wbb,loyola-il_w,Loyola (IL),2026
wbb,loyola-marymount_w,Loyola Marymount,2002
wbb,loyola-marymount_w,Loyola Marymount,2026
wbb,loyola-md_w,Loyola (MD),2002
wbb,loyola-md_w,Loyola (MD),2026
wbb,maine_w,Maine,2002
wbb,maine_w,Maine,2026
wbb,manhattan_w,Manhattan,2002
wbb,manhattan_w,Manhattan,2026
wbb,marist_w,Marist,2002
wbb,marist_w,Marist,2026
wbb,marquette_w,Marquette,2002
wbb,marquette_w,Marquette,2026
wbb,marshall_w,Marshall,2002
wbb,marshall_w,Marshall,2026
wbb,maryland-baltimore-county_w,UMBC,2002
wbb,maryland-baltimore-county_w,UMBC,2026
wbb,maryland-eastern-shore_w,MarylandâEastern Shore,2002
wbb,maryland-eastern-shore_w,MarylandâEastern Shore,2026
wbb,maryland_w,Maryland,2002
wbb,maryland_w,Maryland,2026
wbb,massachusetts-lowell_w,MassachusettsâLowell,2014
wbb,massachusetts-lowell_w,MassachusettsâLowell,2026
wbb,massachusetts_w,Massachusetts,2002
wbb,massachusetts_w,Massachusetts,2026
wbb,mcneese-state_w,McNeese,2002
wbb,mcneese-state_w,McNeese,2026
wbb,memphis_w,Memphis,2002
wbb,memphis_w,Memphis,2026
wbb,mercer_w,Mercer,2002
wbb,mercer_w,Mercer,2026
wbb,mercyhurst_w,Mercyhurst,2025
wbb,mercyhurst_w,Mercyhurst,2026
wbb,merrimack_w,Merrimack,2020
wbb,merrimack_w,Merrimack,2026
wbb,miami-fl_w,Miami (FL),2002
wbb,miami-fl_w,Miami (FL),2026
wbb,miami-oh_w,Miami (OH),2002
wbb,miami-oh_w,Miami (OH),2026
wbb,michigan-state_w,Michigan State,2002
wbb,michigan-state_w,Michigan State,2026
wbb,michigan_w,Michigan,2002
wbb,michigan_w,Michigan,2026
wbb,middle-tennessee_w,Middle Tennessee,2002
wbb,middle-tennessee_w,Middle Tennessee,2026
wbb,milwaukee_w,Milwaukee,2002
wbb,milwaukee_w,Milwaukee,2026
wbb,minnesota_w,Minnesota,2002
wbb,minnesota_w,Minnesota,2026
wbb,mississippi-state_w,Mississippi State,2002
wbb,mississippi-state_w,Mississippi State,2026
wbb,mississippi-valley-state_w,Mississippi Valley State,2002
wbb,mississippi-valley-state_w,Mississippi Valley State,2026
wbb,mississippi_w,Mississippi,2002
wbb,mississippi_w,Mississippi,2026
wbb,missouri-kansas-city_w,Kansas City,2002
wbb,missouri-kansas-city_w,Kansas City,2026
wbb,missouri-state_w,Missouri State,2002
wbb,missouri-state_w,Missouri State,2026
wbb,missouri_w,Missouri,2002
wbb,missouri_w,Missouri,2026
wbb,monmouth_w,Monmouth,2002
wbb,monmouth_w,Monmouth,2026
wbb,montana-state_w,Montana State,2002
wbb,montana-state_w,Montana State,2026
wbb,montana_w,Montana,2002
wbb,montana_w,Montana,2026
wbb,morehead-state_w,Morehead State,2002
wbb,morehead-state_w,Morehead State,2026
wbb,morgan-state_w,Morgan State,2002
wbb,morgan-state_w,Morgan State,2026
wbb,mount-st-marys_w,Mount St. Mary's,2002
wbb,mount-st-marys_w,Mount St. Mary's,2026
wbb,murray-state_w,Murray State,2002
wbb,murray-state_w,Murray State,2026
wbb,navy_w,Navy,2002
wbb,navy_w,Navy,2026
wbb,nebraska-omaha_w,Omaha,2012
wbb,nebraska-omaha_w,Omaha,2026
wbb,nebraska_w,Nebraska,2002
wbb,nebraska_w,Nebraska,2026
wbb,nevada-las-vegas_w,NevadaâLas Vegas,2002
wbb,nevada-las-vegas_w,NevadaâLas Vegas,2026
wbb,nevada_w,Nevada,2002
wbb,nevada_w,Nevada,2026
wbb,new-hampshire_w,New Hampshire,2002
wbb,new-hampshire_w,New Hampshire,2026
wbb,new-haven_w,New Haven,2026
wbb,new-mexico-state_w,New Mexico State,2002
wbb,new-mexico-state_w,New Mexico State,2026
wbb,new-mexico_w,New Mexico,2002
wbb,new-mexico_w,New Mexico,2026
wbb,new-orleans_w,New Orleans,2002
wbb,new-orleans_w,New Orleans,2026
wbb,niagara_w,Niagara,2002
wbb,niagara_w,Niagara,2026
wbb,nicholls-state_w,Nicholls State,2002
wbb,nicholls-state_w,Nicholls State,2026
wbb,njit_w,NJIT,2007
wbb,njit_w,NJIT,2026
wbb,norfolk-state_w,Norfolk State,2002
wbb,norfolk-state_w,Norfolk State,2026
wbb,north-alabama_w,North Alabama,2019
wbb,north-alabama_w,North Alabama,2026
wbb,north-carolina-asheville_w,UNC Asheville,2002
wbb,north-carolina-asheville_w,UNC Asheville,2026
wbb,north-carolina-at_w,North Carolina A&T,2002
wbb,north-carolina-at_w,North Carolina A&T,2026
wbb,north-carolina-central_w,North Carolina Central,2009
wbb,north-carolina-central_w,North Carolina Central,2026
wbb,north-carolina-greensboro_w,UNC Greensboro,2002
wbb,north-carolina-greensboro_w,UNC Greensboro,2026
wbb,north-carolina-state_w,NC State,2002
wbb,north-carolina-state_w,NC State,2026
wbb,north-carolina-wilmington_w,UNC Wilmington,2002
wbb,north-carolina-wilmington_w,UNC Wilmington,2026
wbb,north-carolina_w,North Carolina,2002
wbb,north-carolina_w,North Carolina,2026
wbb,north-dakota-state_w,North Dakota State,2006
wbb,north-dakota-state_w,North Dakota State,2026
wbb,north-dakota_w,North Dakota,2009
wbb,north-dakota_w,North Dakota,2026
wbb,north-florida_w,North Florida,2006
wbb,north-florida_w,North Florida,2026
wbb,north-texas_w,North Texas,2002
wbb,north-texas_w,North Texas,2026
wbb,northeastern_w,Northeastern,2002
wbb,northeastern_w,Northeastern,2026
wbb,northern-arizona_w,Northern Arizona,2002
wbb,northern-arizona_w,Northern Arizona,2026
wbb,northern-colorado_w,Northern Colorado,2007
wbb,northern-colorado_w,Northern Colorado,2026
wbb,northern-illinois_w,Northern Illinois,2002
wbb,northern-illinois_w,Northern Illinois,2026
wbb,northern-iowa_w,Northern Iowa,2002
wbb,northern-iowa_w,Northern Iowa,2026
wbb,northern-kentucky_w,Northern Kentucky,2013
wbb,northern-kentucky_w,Northern Kentucky,2026
wbb,northwestern-state_w,Northwestern State,2002
wbb,northwestern-state_w,Northwestern State,2026
wbb,northwestern_w,Northwestern,2002
wbb,northwestern_w,Northwestern,2026
wbb,notre-dame_w,Notre Dame,2002
wbb,notre-dame_w,Notre Dame,2026
wbb,oakland_w,Oakland,2002
wbb,oakland_w,Oakland,2026
wbb,ohio-state_w,Ohio State,2002
wbb,ohio-state_w,Ohio State,2026
wbb,ohio_w,Ohio,2002
wbb,ohio_w,Ohio,2026
wbb,oklahoma-state_w,Oklahoma State,2002
wbb,oklahoma-state_w,Oklahoma State,2026
wbb,oklahoma_w,Oklahoma,2002
wbb,oklahoma_w,Oklahoma,2026
wbb,old-dominion_w,Old Dominion,2002
wbb,old-dominion_w,Old Dominion,2026
wbb,oral-roberts_w,Oral Roberts,2002
wbb,oral-roberts_w,Oral Roberts,2026
wbb,oregon-state_w,Oregon State,2002
wbb,oregon-state_w,Oregon State,2026
wbb,oregon_w,Oregon,2002
wbb,oregon_w,Oregon,2026
wbb,pacific_w,Pacific,2002
wbb,pacific_w,Pacific,2026
wbb,penn-state_w,Penn State,2002
wbb,penn-state_w,Penn State,2026
wbb,pennsylvania_w,Pennsylvania,2002
wbb,pennsylvania_w,Pennsylvania,2026
wbb,pepperdine_w,Pepperdine,2002
wbb,pepperdine_w,Pepperdine,2026
wbb,pittsburgh_w,Pittsburgh,2002
wbb,pittsburgh_w,Pittsburgh,2026
wbb,portland-state_w,Portland State,2002
wbb,portland-state_w,Portland State,2026
wbb,portland_w,Portland,2002
wbb,portland_w,Portland,2026
wbb,prairie-view_w,Prairie View A&M,2002
wbb,prairie-view_w,Prairie View A&M,2026
wbb,presbyterian_w,Presbyterian,2008
wbb,presbyterian_w,Presbyterian,2026
wbb,princeton_w,Princeton,2002
wbb,princeton_w,Princeton,2026
wbb,providence_w,Providence,2002
wbb,providence_w,Providence,2026
wbb,purdue_w,Purdue,2002
wbb,purdue_w,Purdue,2026
wbb,queens-nc_w,Queens (NC),2023
wbb,queens-nc_w,Queens (NC),2026
wbb,quinnipiac_w,Quinnipiac,2002
wbb,quinnipiac_w,Quinnipiac,2026
wbb,radford_w,Radford,2002
wbb,radford_w,Radford,2026
wbb,rhode-island_w,Rhode Island,2002
wbb,rhode-island_w,Rhode Island,2026
wbb,rice_w,Rice,2002
wbb,rice_w,Rice,2026
wbb,richmond_w,Richmond,2002
wbb,richmond_w,Richmond,2026
wbb,rider_w,Rider,2002
wbb,rider_w,Rider,2026
wbb,robert-morris_w,Robert Morris,2002
wbb,robert-morris_w,Robert Morris,2026
wbb,rutgers_w,Rutgers,2002
wbb,rutgers_w,Rutgers,2026
wbb,sacramento-state_w,Sacramento State,2002
wbb,sacramento-state_w,Sacramento State,2026
wbb,sacred-heart_w,Sacred Heart,2002
wbb,sacred-heart_w,Sacred Heart,2026
wbb,saint-francis-pa_w,Saint Francis (PA),2002
wbb,saint-francis-pa_w,Saint Francis (PA),2026
wbb,saint-josephs_w,Saint Joseph's,2002
wbb,saint-josephs_w,Saint Joseph's,2026
wbb,saint-louis_w,Saint Louis,2002
wbb,saint-louis_w,Saint Louis,2026
wbb,saint-marys-ca_w,Saint Mary's,2002
wbb,saint-marys-ca_w,Saint Mary's,2026
wbb,saint-peters_w,Saint Peter's,2002
wbb,saint-peters_w,Saint Peter's,2026
wbb,sam-houston-state_w,Sam Houston,2002
wbb,sam-houston-state_w,Sam Houston,2026
wbb,samford_w,Samford,2002
wbb,samford_w,Samford,2026
wbb,san-diego-state_w,San Diego State,2002
wbb,san-diego-state_w,San Diego State,2026
wbb,san-diego_w,San Diego,2002
wbb,san-diego_w,San Diego,2026
wbb,san-francisco_w,San Francisco,2002
wbb,san-francisco_w,San Francisco,2026
wbb,san-jose-state_w,San Jose State,2002
wbb,san-jose-state_w,San Jose State,2026
wbb,santa-clara_w,Santa Clara,2002
wbb,santa-clara_w,Santa Clara,2026
wbb,savannah-state_w,Savannah State,2003
wbb,savannah-state_w,Savannah State,2019
wbb,seattle_w,Seattle,2009
wbb,seattle_w,Seattle,2026
wbb,seton-hall_w,Seton Hall,2002
wbb,seton-hall_w,Seton Hall,2026
wbb,siena_w,Siena,2002
wbb,siena_w,Siena,2026
wbb,south-alabama_w,South Alabama,2002
wbb,south-alabama_w,South Alabama,2026
wbb,south-carolina-state_w,South Carolina State,2002
wbb,south-carolina-state_w,South Carolina State,2026
wbb,south-carolina-upstate_w,South Carolina Upstate,2008
wbb,south-carolina-upstate_w,South Carolina Upstate,2026
wbb,south-carolina_w,South Carolina,2002
wbb,south-carolina_w,South Carolina,2026
wbb,south-dakota-state_w,South Dakota State,2005
wbb,south-dakota-state_w,South Dakota State,2026
wbb,south-dakota_w,South Dakota,2009
wbb,south-dakota_w,South Dakota,2026
wbb,south-florida_w,South Florida,2002
wbb,south-florida_w,South Florida,2026
wbb,southeast-missouri-state_w,Southeast Missouri State,2002
wbb,southeast-missouri-state_w,Southeast Missouri State,2026
wbb,southeastern-louisiana_w,Southeastern Louisiana,2002
wbb,southeastern-louisiana_w,Southeastern Louisiana,2026
wbb,southern-california_w,Southern California,2002
wbb,southern-california_w,Southern California,2026
wbb,southern-illinois-edwardsville_w,SIU Edwardsville,2009
wbb,southern-illinois-edwardsville_w,SIU Edwardsville,2026
wbb,southern-illinois_w,Southern Illinois,2002
wbb,southern-illinois_w,Southern Illinois,2026
wbb,southern-indiana_w,Southern Indiana,2023
wbb,southern-indiana_w,Southern Indiana,2026
wbb,southern-methodist_w,Southern Methodist,2002
wbb,southern-methodist_w,Southern Methodist,2026
wbb,southern-mississippi_w,Southern Mississippi,2002
wbb,southern-mississippi_w,Southern Mississippi,2026
wbb,southern-utah_w,Southern Utah,2002
wbb,southern-utah_w,Southern Utah,2026
wbb,southern_w,Southern,2002
wbb,southern_w,Southern,2026
wbb,st-bonaventure_w,St. Bonaventure,2002
wbb,st-bonaventure_w,St. Bonaventure,2026
wbb,st-francis-ny_w,St. Francis Brooklyn,2002
wbb,st-francis-ny_w,St. Francis Brooklyn,2023
wbb,st-johns-ny_w,St. John's (NY),2002
wbb,st-johns-ny_w,St. John's (NY),2026
wbb,st-thomas-mn_w,St. Thomas,2022
wbb,st-thomas-mn_w,St. Thomas,2026
wbb,stanford_w,Stanford,2002
wbb,stanford_w,Stanford,2026
wbb,stephen-f-austin_w,Stephen F. Austin,2002
wbb,stephen-f-austin_w,Stephen F. Austin,2026
wbb,stetson_w,Stetson,2002
wbb,stetson_w,Stetson,2026
wbb,stonehill_w,Stonehill,2023
wbb,stonehill_w,Stonehill,2026
wbb,stony-brook_w,Stony Brook,2002
wbb,stony-brook_w,Stony Brook,2026
wbb,syracuse_w,Syracuse,2002
wbb,syracuse_w,Syracuse,2026
wbb,tarleton-state_w,Tarleton State,2021
wbb,tarleton-state_w,Tarleton State,2026
wbb,temple_w,Temple,2002
wbb,temple_w,Temple,2026
wbb,tennessee-martin_w,TennesseeâMartin,2002
wbb,tennessee-martin_w,TennesseeâMartin,2026
wbb,tennessee-state_w,Tennessee State,2002
wbb,tennessee-state_w,Tennessee State,2026
wbb,tennessee-tech_w,Tennessee Tech,2002
wbb,tennessee-tech_w,Tennessee Tech,2026
wbb,tennessee_w,Tennessee,2002
wbb,tennessee_w,Tennessee,2026
wbb,texas-am-commerce_w,East Texas A&M,2023
wbb,texas-am-commerce_w,East Texas A&M,2026
wbb,texas-am-corpus-christi_w,TAMUCC,2002
wbb,texas-am-corpus-christi_w,TAMUCC,2026
wbb,texas-am_w,Texas A&M,2002
wbb,texas-am_w,Texas A&M,2026
wbb,texas-arlington_w,UT Arlington,2002
wbb,texas-arlington_w,UT Arlington,2026
wbb,texas-christian_w,Texas Christian,2002
wbb,texas-christian_w,Texas Christian,2026
wbb,texas-el-paso_w,UTEP,2002
wbb,texas-el-paso_w,UTEP,2026
wbb,texas-pan-american_w,TexasâRio Grande Valley,2002
wbb,texas-pan-american_w,TexasâRio Grande Valley,2026
wbb,texas-san-antonio_w,UTSA,2002
wbb,texas-san-antonio_w,UTSA,2026
wbb,texas-southern_w,Texas Southern,2002
wbb,texas-southern_w,Texas Southern,2026
wbb,texas-state_w,Texas State,2002
wbb,texas-state_w,Texas State,2026
wbb,texas-tech_w,Texas Tech,2002
wbb,texas-tech_w,Texas Tech,2026
wbb,texas_w,Texas,2002
wbb,texas_w,Texas,2026
wbb,toledo_w,Toledo,2002
wbb,toledo_w,Toledo,2026
wbb,towson_w,Towson,2002
wbb,towson_w,Towson,2026
wbb,troy_w,Troy,2002
wbb,troy_w,Troy,2026
wbb,tulane_w,Tulane,2002
wbb,tulane_w,Tulane,2026
wbb,tulsa_w,Tulsa,2002
wbb,tulsa_w,Tulsa,2026
wbb,ucla_w,UCLA,2002
wbb,ucla_w,UCLA,2026
wbb,utah-state_w,Utah State,2004
wbb,utah-state_w,Utah State,2026
wbb,utah-valley_w,Utah Valley,2004
wbb,utah-valley_w,Utah Valley,2026
wbb,utah_w,Utah,2002
wbb,utah_w,Utah,2026
wbb,valparaiso_w,Valparaiso,2002
wbb,valparaiso_w,Valparaiso,2026
wbb,vanderbilt_w,Vanderbilt,2002
wbb,vanderbilt_w,Vanderbilt,2026
wbb,vermont_w,Vermont,2002
wbb,vermont_w,Vermont,2026
wbb,villanova_w,Villanova,2002
wbb,villanova_w,Villanova,2026
wbb,virginia-commonwealth_w,Virginia Commonwealth,2002
wbb,virginia-commonwealth_w,Virginia Commonwealth,2026
wbb,virginia-tech_w,Virginia Tech,2002
wbb,virginia-tech_w,Virginia Tech,2026
wbb,virginia_w,Virginia,2002
wbb,virginia_w,Virginia,2026
wbb,wagner_w,Wagner,2002
wbb,wagner_w,Wagner,2026
wbb,wake-forest_w,Wake Forest,2002
wbb,wake-forest_w,Wake Forest,2026
wbb,washington-state_w,Washington State,2002
wbb,washington-state_w,Washington State,2026
wbb,washington_w,Washington,2002
wbb,washington_w,Washington,2026
wbb,weber-state_w,Weber State,2002
wbb,weber-state_w,Weber State,2026
wbb,west-georgia_w,West Georgia,2025
wbb,west-georgia_w,West Georgia,2026
wbb,west-virginia_w,West Virginia,2002
wbb,west-virginia_w,West Virginia,2026
wbb,western-carolina_w,Western Carolina,2002
wbb,western-carolina_w,Western Carolina,2026
wbb,western-illinois_w,Western Illinois,2002
wbb,western-illinois_w,Western Illinois,2026
wbb,western-kentucky_w,Western Kentucky,2002
wbb,western-kentucky_w,Western Kentucky,2026
wbb,western-michigan_w,Western Michigan,2002
wbb,western-michigan_w,Western Michigan,2026
wbb,wichita-state_w,Wichita State,2002
wbb,wichita-state_w,Wichita State,2026
wbb,william-mary_w,William & Mary,2002
wbb,william-mary_w,William & Mary,2026
wbb,winthrop_w,Winthrop,2002
wbb,winthrop_w,Winthrop,2026
wbb,wisconsin_w,Wisconsin,2002
wbb,wisconsin_w,Wisconsin,2026
wbb,wofford_w,Wofford,2002
wbb,wofford_w,Wofford,2026
wbb,wright-state_w,Wright State,2002
wbb,wright-state_w,Wright State,2026
wbb,wyoming_w,Wyoming,2002
wbb,wyoming_w,Wyoming,2026
wbb,xavier_w,Xavier,2002
wbb,xavier_w,Xavier,2026
wbb,yale_w,Yale,2002
wbb,yale_w,Yale,2026
wbb,youngstown-state_w,Youngstown State,2002
wbb,youngstown-state_w,Youngstown State,2026
wnba,ATL,Atlanta Dream,2008
wnba,ATL,Atlanta Dream,2026
wnba,CHA,Charlotte Sting,1997
wnba,CHA,Charlotte Sting,2006
wnba,CHI,Chicago Sky,2006
wnba,CHI,Chicago Sky,2026
wnba,CLE,Cleveland Rockers,1997
wnba,CLE,Cleveland Rockers,2003
wnba,CON,Connecticut Sun,2003
wnba,CON,Connecticut Sun,2026
wnba,DAL,Dallas Wings,2016
wnba,DAL,Dallas Wings,2026
wnba,DET,Detroit Shock,1998
wnba,DET,Detroit Shock,2009
wnba,GSV,Golden State Valkyries,2025
wnba,GSV,Golden State Valkyries,2026
wnba,HOU,Houston Comets,1997
wnba,HOU,Houston Comets,2008
wnba,IND,Indiana Fever,2000
wnba,IND,Indiana Fever,2026
wnba,LAS,Los Angeles Sparks,1997
wnba,LAS,Los Angeles Sparks,2026
wnba,LVA,Las Vegas Aces,2018
wnba,LVA,Las Vegas Aces,2026
wnba,MIA,Miami Sol,2000
wnba,MIA,Miami Sol,2002
wnba,MIN,Minnesota Lynx,1999
wnba,MIN,Minnesota Lynx,2026
wnba,NYL,New York Liberty,1997
wnba,NYL,New York Liberty,2026
wnba,ORL,Orlando Miracle,1999
wnba,ORL,Orlando Miracle,2002
wnba,PHO,Phoenix Mercury,1997
wnba,PHO,Phoenix Mercury,2026
wnba,POR,Portland Fire,2000
wnba,POR,Portland Fire,2026
wnba,SAC,Sacramento Monarchs,1997
wnba,SAC,Sacramento Monarchs,2009
wnba,SAS,San Antonio Silver Stars,2003
wnba,SAS,San Antonio Stars,2017
wnba,SEA,Seattle Storm,2000
wnba,SEA,Seattle Storm,2026
wnba,TOR,Toronto Tempo,2026
wnba,TUL,Tulsa Shock,2010
wnba,TUL,Tulsa Shock,2015
wnba,UTA,Utah Starzz,1997
wnba,UTA,Utah Starzz,2002
wnba,WAS,Washington Mystics,1998
wnba,WAS,Washington Mystics,2026
